institution_id,display_name,category,aliases,note
am_guardian,가디언자산운용,자산운용,가디언자산운용|Guardian Asset Management|GuardianAssetManagement,"금감원 파인 제도권금융회사조회(https://fine.fss.or.kr/fine/fncco/systemFncCo/list.do?menuNo=900038) 2026-09-18; 금융통계정보시스템 202603 기준 등재; 허가등록업종: 일반사모집합투자업, 투자자문업"
am_galaxy,갤럭시자산운용,자산운용,갤럭시자산운용|Galaxy Asset Management|GalaxyAssetManagement,"금감원 파인 제도권금융회사조회(https://fine.fss.or.kr/fine/fncco/systemFncCo/list.do?menuNo=900038) 2026-09-18; 금융통계정보시스템 202603 기준 등재; 허가등록업종: 전문사모집합투자업, 투자자문업, 투자일임업; 파인 분류: 자산운용사/투자일임회사/투자자문회사"
am_kyungilasset,경일에셋자산운용,자산운용,경일에셋자산운용|Kyungilasset Investments|KyungilassetInvestments,금감원 파인 제도권금융회사조회(https://fine.fss.or.kr/fine/fncco/systemFncCo/list.do?menuNo=900038) 2026-09-18; 금융통계정보시스템 202603 기준 등재; 허가등록업종: 일반 사모집합투자업
am_goldenbridge,골든브릿지자산운용,자산운용,골든브릿지자산운용|Golden Bridge Asset Management|GoldenBridgeAssetManagement,금감원 파인 제도권금융회사조회(https://fine.fss.or.kr/fine/fncco/systemFncCo/list.do?menuNo=900038) 2026-09-18; 금융투자협회 회원사현황 등재; 금융통계정보시스템 202603 기준 등재; 허가등록업종: 자산운용업
am_visionplus,골든스톤자산운용,자산운용,골든스톤자산운용|Vision Plus Asset Management|VisionPlusAssetManagement,금감원 파인 제도권금융회사조회(https://fine.fss.or.kr/fine/fncco/systemFncCo/list.do?menuNo=900038) 2026-09-18; 금융투자협회 회원사현황 등재; 허가등록업종: 일반사모집합투자업
am_kyobo_axa,교보악사자산운용,자산운용,교보악사자산운용|교보AXA자산운용|Kyobo AXA Investment Managers|KyoboAXAInvestmentManagers,"금감원 파인 제도권금융회사조회(https://fine.fss.or.kr/fine/fncco/systemFncCo/list.do?menuNo=900038) 2026-09-18; 금융투자협회 회원사현황 등재; 금융통계정보시스템 202603 기준 등재; 허가등록업종: 자산운용업, 투자일임업, 투자자문업"
am_kyobo_aim,교보에이아이엠자산운용,자산운용,교보에이아이엠자산운용|교보AIM자산운용|Kyobo AIM Asset Management|KyoboAIMAssetManagement,금감원 파인 제도권금융회사조회(https://fine.fss.or.kr/fine/fncco/systemFncCo/list.do?menuNo=900038) 2026-09-18; 금융투자협회 회원사현황 등재; 금융통계정보시스템 202603 기준 등재; 허가등록업종: 집합투자업
am_gudo,구도자산운용,자산운용,구도자산운용|GUDO Investment Management|GUDOInvestmentManagement,금감원 파인 제도권금융회사조회(https://fine.fss.or.kr/fine/fncco/systemFncCo/list.do?menuNo=900038) 2026-09-18; 금융투자협회 회원사현황 등재; 금융통계정보시스템 202603 기준 등재; 허가등록업종: 전문사모집합투자업
am_kukje,국제자산운용,자산운용,국제자산운용|Kukje Asset Management|KukjeAssetManagement,금감원 파인 제도권금융회사조회(https://fine.fss.or.kr/fine/fncco/systemFncCo/list.do?menuNo=900038) 2026-09-18; 금융투자협회 회원사현황 등재; 금융통계정보시스템 202603 기준 등재; 허가등록업종: 전문사모집합투자업
am_granicus,그라니쿠스자산운용,자산운용,그라니쿠스자산운용|Granicus Asset Management|GranicusAssetManagement,금감원 파인 제도권금융회사조회(https://fine.fss.or.kr/fine/fncco/systemFncCo/list.do?menuNo=900038) 2026-09-18; 금융통계정보시스템 202603 기준 등재; 허가등록업종: 일반사모집합투자업
am_gradiant,그래디언트자산운용,자산운용,그래디언트자산운용|Gradiant Asset Management|GradiantAssetManagement,"금감원 파인 제도권금융회사조회(https://fine.fss.or.kr/fine/fncco/systemFncCo/list.do?menuNo=900038) 2026-09-18; 금융투자협회 회원사현황 등재; 금융통계정보시스템 202603 기준 등재; 허가등록업종: 일반사모집합투자업, 투자자문업(5-1-1)"
am_gravity,그래비티자산운용,자산운용,그래비티자산운용|Gravity Asset Management|GravityAssetManagement,금감원 파인 제도권금융회사조회(https://fine.fss.or.kr/fine/fncco/systemFncCo/list.do?menuNo=900038) 2026-09-18; 금융통계정보시스템 202603 기준 등재; 허가등록업종: 일반사모집합투자업
am_grace,그레이스자산운용,자산운용,그레이스자산운용|Grace Investment Management|GraceInvestmentManagement,금감원 파인 제도권금융회사조회(https://fine.fss.or.kr/fine/fncco/systemFncCo/list.do?menuNo=900038) 2026-09-18; 금융투자협회 회원사현황 등재; 금융통계정보시스템 202603 기준 등재; 허가등록업종: 일반 사모집합투자업
am_growthhill,그로쓰힐자산운용,자산운용,그로쓰힐자산운용|Growth Hill Asset Management|GrowthHillAssetManagement,"금감원 파인 제도권금융회사조회(https://fine.fss.or.kr/fine/fncco/systemFncCo/list.do?menuNo=900038) 2026-09-18; 금융투자협회 회원사현황 등재; 금융통계정보시스템 202603 기준 등재; 허가등록업종: 투자자문업, 투자일임업, 전문사모집합투자업"
am_greenharbor,그린하버자산운용,자산운용,그린하버자산운용|Green Harbor Investment|GreenHarborInvestment,"금감원 파인 제도권금융회사조회(https://fine.fss.or.kr/fine/fncco/systemFncCo/list.do?menuNo=900038) 2026-09-18; 금융투자협회 회원사현황 등재; 금융통계정보시스템 202603 기준 등재; 허가등록업종: 일반사모집합투자업, 투자자문업, 투자일임업; 파인 분류: 자산운용사/투자일임회사/투자자문회사"
am_one2,글로벌원자산운용,자산운용,글로벌원자산운용|Global One Asset Management|GlobalOneAssetManagement,"금감원 파인 제도권금융회사조회(https://fine.fss.or.kr/fine/fncco/systemFncCo/list.do?menuNo=900038) 2026-09-18; 금융투자협회 회원사현황 등재; 금융통계정보시스템 202603 기준 등재; 허가등록업종: 집합투자업, 투자자문업, 투자일임업; 파인 분류: 자산운용사/투자일임회사/투자자문회사"
am_geulrobeol,글로벌자산운용,자산운용,글로벌자산운용|Global Asset Management|GlobalAssetManagement,"금감원 파인 제도권금융회사조회(https://fine.fss.or.kr/fine/fncco/systemFncCo/list.do?menuNo=900038) 2026-09-18; 금융통계정보시스템 202603 기준 등재; 허가등록업종: 일반사모집합투자업, 투자일임업; 파인 분류: 자산운용사/투자자문회사"
am_nanoom,나눔자산운용,자산운용,나눔자산운용|Nanoom Asset Management|NanoomAssetManagement,"금감원 파인 제도권금융회사조회(https://fine.fss.or.kr/fine/fncco/systemFncCo/list.do?menuNo=900038) 2026-09-18; 금융투자협회 회원사현황 등재; 금융통계정보시스템 202603 기준 등재; 허가등록업종: 전문사모집합투자업, 투자자문업"
am_namu,나무자산운용,자산운용,나무자산운용|NAMU Asset Management|NAMUAssetManagement,금감원 파인 제도권금융회사조회(https://fine.fss.or.kr/fine/fncco/systemFncCo/list.do?menuNo=900038) 2026-09-18; 금융통계정보시스템 202603 기준 등재; 허가등록업종: 일반사모집합투자업
am_nice,나이스자산운용,자산운용,나이스자산운용|Nice Asset Management|NiceAssetManagement,"금감원 파인 제도권금융회사조회(https://fine.fss.or.kr/fine/fncco/systemFncCo/list.do?menuNo=900038) 2026-09-18; 금융투자협회 회원사현황 등재; 금융통계정보시스템 202603 기준 등재; 허가등록업종: 일반 사모집합투자업 ,투자자문업, 투자일임업; 파인 분류: 자산운용사/투자일임회사/투자자문회사"
am_natixis,나틱시스자산운용,자산운용,나틱시스자산운용|Natixis Investment Manager Korea|NatixisInvestmentManagerKorea,금감원 파인 제도권금융회사조회(https://fine.fss.or.kr/fine/fncco/systemFncCo/list.do?menuNo=900038) 2026-09-18; 금융투자협회 회원사현황 등재; 금융통계정보시스템 202603 기준 등재; 허가등록업종: 일반사모집합투자업
am_nexus,넥서스자산운용,자산운용,넥서스자산운용|Nexus Asset Management|NexusAssetManagement,"금감원 파인 제도권금융회사조회(https://fine.fss.or.kr/fine/fncco/systemFncCo/list.do?menuNo=900038) 2026-09-18; 금융통계정보시스템 202603 기준 등재; 허가등록업종: 일반사모집합투자업, 투자자문업, 투자일임업"
am_nurim,누림자산운용,자산운용,누림자산운용|Nurim Asset Management|NurimAssetManagement,"금감원 파인 제도권금융회사조회(https://fine.fss.or.kr/fine/fncco/systemFncCo/list.do?menuNo=900038) 2026-09-18; 금융투자협회 회원사현황 등재; 금융통계정보시스템 202603 기준 등재; 허가등록업종: 투자자문업, 전문사모집합투자업, 투자일임업; 파인 분류: 자산운용사/투자자문회사"
am_neuberger,누버거버먼자산운용,자산운용,누버거버먼자산운용|Neuberger Berman Korea|NeubergerBermanKorea,금감원 파인 제도권금융회사조회(https://fine.fss.or.kr/fine/fncco/systemFncCo/list.do?menuNo=900038) 2026-09-18; 금융투자협회 회원사현황 등재; 금융통계정보시스템 202603 기준 등재; 허가등록업종: 전문사모집합투자업
am_daol,다올자산운용,자산운용,다올자산운용|KTB자산운용|Daol Asset Management|DaolAssetManagement,금감원 파인 제도권금융회사조회(https://fine.fss.or.kr/fine/fncco/systemFncCo/list.do?menuNo=900038) 2026-09-18; 금융투자협회 회원사현황 등재; 금융통계정보시스템 202603 기준 등재; 허가등록업종: 자산운용업
am_eng2,다원자산운용,자산운용,다원자산운용|ENG_다원투자자문,"금감원 파인 제도권금융회사조회(https://fine.fss.or.kr/fine/fncco/systemFncCo/list.do?menuNo=900038) 2026-09-18; 금융투자협회 회원사현황 등재; 금융통계정보시스템 202603 기준 등재; 허가등록업종: 전문사모집합투자업, 투자자문업 및 투자일임업"
am_dyne,다인자산운용,자산운용,다인자산운용|Dyne Asset Management|DyneAssetManagement,"금감원 파인 제도권금융회사조회(https://fine.fss.or.kr/fine/fncco/systemFncCo/list.do?menuNo=900038) 2026-09-18; 금융투자협회 회원사현황 등재; 금융통계정보시스템 202603 기준 등재; 허가등록업종: 전문사모집합투자업, 투자자문업, 투자일임업"
am_dandypartners,단디자산운용,자산운용,단디자산운용|Dandy Partners|DandyPartners,금감원 파인 제도권금융회사조회(https://fine.fss.or.kr/fine/fncco/systemFncCo/list.do?menuNo=900038) 2026-09-18; 금융통계정보시스템 202603 기준 등재; 허가등록업종: 전문사모집합투자업
am_daeduck,대덕자산운용,자산운용,대덕자산운용|Dae Duck Asset Management|DaeDuckAssetManagement,"금감원 파인 제도권금융회사조회(https://fine.fss.or.kr/fine/fncco/systemFncCo/list.do?menuNo=900038) 2026-09-18; 금융투자협회 회원사현황 등재; 금융통계정보시스템 202603 기준 등재; 허가등록업종: 전문사모집합투자업, 투자자문업, 투자일임업"
am_daishin,대신자산운용,자산운용,대신자산운용|Daishin Asset Management|DaishinAssetManagement,금감원 파인 제도권금융회사조회(https://fine.fss.or.kr/fine/fncco/systemFncCo/list.do?menuNo=900038) 2026-09-18; 금융투자협회 회원사현황 등재; 금융통계정보시스템 202603 기준 등재; 허가등록업종: 자산운용업
am_deogeulrobeol,더글로벌자산운용,자산운용,더글로벌자산운용|The Global Asset Management|TheGlobalAssetManagement,"금감원 파인 제도권금융회사조회(https://fine.fss.or.kr/fine/fncco/systemFncCo/list.do?menuNo=900038) 2026-09-18; 금융투자협회 회원사현황 등재; 금융통계정보시스템 202603 기준 등재; 허가등록업종: 전문사모집합투자업, 투자자문업, 투자일임업"
am_dawoom,더다움자산운용,자산운용,더다움자산운용|The Dawoom Asset Management|TheDawoomAssetManagement,금감원 파인 제도권금융회사조회(https://fine.fss.or.kr/fine/fncco/systemFncCo/list.do?menuNo=900038) 2026-09-18; 금융통계정보시스템 202603 기준 등재; 허가등록업종: 일반 사모집합투자업
am_rock,더로크자산운용,자산운용,더로크자산운용|The Rock Asset Management|TheRockAssetManagement,금감원 파인 제도권금융회사조회(https://fine.fss.or.kr/fine/fncco/systemFncCo/list.do?menuNo=900038) 2026-09-18; 금융통계정보시스템 202603 기준 등재; 허가등록업종: 일반사모집합투자업
am_wwg,더블유더블유지자산운용,자산운용,더블유더블유지자산운용|WWG Asset Management|WWGAssetManagement,"금감원 파인 제도권금융회사조회(https://fine.fss.or.kr/fine/fncco/systemFncCo/list.do?menuNo=900038) 2026-09-18; 금융투자협회 회원사현황 등재; 금융통계정보시스템 202603 기준 등재; 허가등록업종: 전문사모집합투자업, 투자자문업"
am_deobeuryu,더블유자산운용,자산운용,더블유자산운용|W Asset Management|WAssetManagement,"금감원 파인 제도권금융회사조회(https://fine.fss.or.kr/fine/fncco/systemFncCo/list.do?menuNo=900038) 2026-09-18; 금융투자협회 회원사현황 등재; 금융통계정보시스템 202603 기준 등재; 허가등록업종: 일반사모집합투자업, 투자자문업, 투자일임업; 파인 분류: 자산운용사/투자일임회사/투자자문회사"
am_deojei,더제이자산운용,자산운용,더제이자산운용|The J Asset Management|TheJAssetManagement,"금감원 파인 제도권금융회사조회(https://fine.fss.or.kr/fine/fncco/systemFncCo/list.do?menuNo=900038) 2026-09-18; 금융투자협회 회원사현황 등재; 금융통계정보시스템 202603 기준 등재; 허가등록업종: 전문사모집합투자업, 투자자문업, 투자일임업"
am_chaeumpartners,더채움자산운용,자산운용,더채움자산운용|THE CHAEUM PARTNERS|THECHAEUMPARTNERS,금감원 파인 제도권금융회사조회(https://fine.fss.or.kr/fine/fncco/systemFncCo/list.do?menuNo=900038) 2026-09-18; 금융통계정보시스템 202603 기준 등재; 허가등록업종: 일반사모집합투자업
am_creative,더크리에이티브자산운용,자산운용,더크리에이티브자산운용|The Creative Asset Management|TheCreativeAssetManagement,"금감원 파인 제도권금융회사조회(https://fine.fss.or.kr/fine/fncco/systemFncCo/list.do?menuNo=900038) 2026-09-18; 금융투자협회 회원사현황 등재; 금융통계정보시스템 202603 기준 등재; 허가등록업종: 집합투자업, 투자자문업, 투자일임업"
am_thepublic,더퍼블릭자산운용,자산운용,더퍼블릭자산운용|Thepublic Asset Management|ThepublicAssetManagement,"금감원 파인 제도권금융회사조회(https://fine.fss.or.kr/fine/fncco/systemFncCo/list.do?menuNo=900038) 2026-09-18; 금융통계정보시스템 202603 기준 등재; 허가등록업종: 투자자문업, 투자일임업, 전문사모집합투자업"
am_first,더퍼스트자산운용,자산운용,더퍼스트자산운용|The First Asset Management|TheFirstAssetManagement,"금감원 파인 제도권금융회사조회(https://fine.fss.or.kr/fine/fncco/systemFncCo/list.do?menuNo=900038) 2026-09-18; 금융통계정보시스템 202603 기준 등재; 허가등록업종: 일반 사모집합투자업, 투자일임업; 파인 분류: 자산운용사/투자일임회사"
am_delta,델타자산운용,자산운용,델타자산운용,금융통계정보시스템 202603 기준 등재; 파인 미등재(협회/FISIS에만 등재) — 등록 여부 재확인 필요
am_dominant,도미넌트자산운용,자산운용,도미넌트자산운용|Dominant Asset Management|DominantAssetManagement,금감원 파인 제도권금융회사조회(https://fine.fss.or.kr/fine/fncco/systemFncCo/list.do?menuNo=900038) 2026-09-18; 금융통계정보시스템 202603 기준 등재; 허가등록업종: 전문사모집합투자업
am_dunamis,두나미스자산운용,자산운용,두나미스자산운용|DUNAMIS Asset Management|DUNAMISAssetManagement,"금감원 파인 제도권금융회사조회(https://fine.fss.or.kr/fine/fncco/systemFncCo/list.do?menuNo=900038) 2026-09-18; 금융투자협회 회원사현황 등재; 금융통계정보시스템 202603 기준 등재; 허가등록업종: 전문사모집합투자업, 투자자문업"
am_dws,디더블유에스자산운용,자산운용,디더블유에스자산운용|DWS자산운용|DWS Asset Management(Korea)|DWSAssetManagement(Korea),금감원 파인 제도권금융회사조회(https://fine.fss.or.kr/fine/fncco/systemFncCo/list.do?menuNo=900038) 2026-09-18; 금융투자협회 회원사현황 등재; 금융통계정보시스템 202603 기준 등재; 허가등록업종: 자산운용업
am_dbloc,디블록자산운용,자산운용,디블록자산운용|DBLOC Asset Management|DBLOCAssetManagement,금감원 파인 제도권금융회사조회(https://fine.fss.or.kr/fine/fncco/systemFncCo/list.do?menuNo=900038) 2026-09-18; 금융투자협회 회원사현황 등재; 금융통계정보시스템 202603 기준 등재; 허가등록업종: 일반 사모집합투자업
am_dbi,디비아이자산운용,자산운용,디비아이자산운용|DBI Asset Management|DBIAssetManagement,"금감원 파인 제도권금융회사조회(https://fine.fss.or.kr/fine/fncco/systemFncCo/list.do?menuNo=900038) 2026-09-18; 금융통계정보시스템 202603 기준 등재; 허가등록업종: 일반사모집합투자업, 투자일임업"
am_db,디비자산운용,자산운용,디비자산운용|DB자산운용|동부자산운용,금융투자협회 회원사현황 등재; 금융통계정보시스템 202603 기준 등재; 파인 미등재(협회/FISIS에만 등재) — 등록 여부 재확인 필요
am_discovery,디스커버리자산운용,자산운용,디스커버리자산운용|Discovery Asset Management|DiscoveryAssetManagement,"금감원 파인 제도권금융회사조회(https://fine.fss.or.kr/fine/fncco/systemFncCo/list.do?menuNo=900038) 2026-09-18; 금융투자협회 회원사현황 등재; 금융통계정보시스템 202603 기준 등재; 허가등록업종: 전문사모집합투자업, 투자자문업"
am_ds,디에스자산운용,자산운용,디에스자산운용|DS자산운용|DS Asset Management|DSAssetManagement,"금감원 파인 제도권금융회사조회(https://fine.fss.or.kr/fine/fncco/systemFncCo/list.do?menuNo=900038) 2026-09-18; 금융투자협회 회원사현황 등재; 금융통계정보시스템 202603 기준 등재; 허가등록업종: 전문사모집합투자업, 투자자문업 및 투자일임업"
am_dhg,디에이치지자산운용,자산운용,디에이치지자산운용|DHG Asset Management|DHGAssetManagement,금감원 파인 제도권금융회사조회(https://fine.fss.or.kr/fine/fncco/systemFncCo/list.do?menuNo=900038) 2026-09-18; 금융투자협회 회원사현황 등재; 금융통계정보시스템 202603 기준 등재; 허가등록업종: 일반 사모집합투자업
am_oceanpartners,디오션자산운용,자산운용,디오션자산운용|The Ocean Partners|TheOceanPartners,"금감원 파인 제도권금융회사조회(https://fine.fss.or.kr/fine/fncco/systemFncCo/list.do?menuNo=900038) 2026-09-18; 금융통계정보시스템 202603 기준 등재; 허가등록업종: 일반사모집합투자업, 투자자문업, 투자일임업"
am_diwai,디와이자산운용,자산운용,디와이자산운용|DY Asset Management|DYAssetManagement,"금감원 파인 제도권금융회사조회(https://fine.fss.or.kr/fine/fncco/systemFncCo/list.do?menuNo=900038) 2026-09-18; 금융통계정보시스템 202603 기준 등재; 허가등록업종: 전문사모집합투자업, 투자자문업"
am_define,디파인자산운용,자산운용,디파인자산운용|Define Asset Management|DefineAssetManagement,"금감원 파인 제도권금융회사조회(https://fine.fss.or.kr/fine/fncco/systemFncCo/list.do?menuNo=900038) 2026-09-18; 금융투자협회 회원사현황 등재; 금융통계정보시스템 202603 기준 등재; 허가등록업종: 일반 사모집합투자업, 투자일임업(6-1-2)"
am_lasalle,라살자산운용,자산운용,라살자산운용|LaSalle Investment Management|LaSalleInvestmentManagement,"금감원 파인 제도권금융회사조회(https://fine.fss.or.kr/fine/fncco/systemFncCo/list.do?menuNo=900038) 2026-09-18; 금융투자협회 회원사현황 등재; 금융통계정보시스템 202603 기준 등재; 허가등록업종: 일반사모집합투자업, 투자자문업"
am_raon,라온자산운용,자산운용,라온자산운용|RAON Asset Management|RAONAssetManagement,금감원 파인 제도권금융회사조회(https://fine.fss.or.kr/fine/fncco/systemFncCo/list.do?menuNo=900038) 2026-09-18; 금융통계정보시스템 202603 기준 등재; 허가등록업종: 일반사모집합투자업
am_rhinos,라이노스자산운용,자산운용,라이노스자산운용|Rhinos Asset Management|RhinosAssetManagement,"금감원 파인 제도권금융회사조회(https://fine.fss.or.kr/fine/fncco/systemFncCo/list.do?menuNo=900038) 2026-09-18; 금융투자협회 회원사현황 등재; 금융통계정보시스템 202603 기준 등재; 허가등록업종: 전문사모집합투자업, 투자자문업"
am_lion,라이언자산운용,자산운용,라이언자산운용|Lion Asset Management|LionAssetManagement,"금감원 파인 제도권금융회사조회(https://fine.fss.or.kr/fine/fncco/systemFncCo/list.do?menuNo=900038) 2026-09-18; 금융투자협회 회원사현황 등재; 금융통계정보시스템 202603 기준 등재; 허가등록업종: 전문사모집합투자업, 투자일임업, 투자자문업"
am_raikeu,라이크자산운용,자산운용,라이크자산운용,금융통계정보시스템 202603 기준 등재; 파인 미등재(협회/FISIS에만 등재) — 등록 여부 재확인 필요
am_life,라이프자산운용,자산운용,라이프자산운용|Life Asset Management|LifeAssetManagement,금감원 파인 제도권금융회사조회(https://fine.fss.or.kr/fine/fncco/systemFncCo/list.do?menuNo=900038) 2026-09-18; 금융투자협회 회원사현황 등재; 금융통계정보시스템 202603 기준 등재; 허가등록업종: 전문사모집합투자업
am_raccoon,라쿤자산운용,자산운용,라쿤자산운용|Raccoon Asset Management|RaccoonAssetManagement,금감원 파인 제도권금융회사조회(https://fine.fss.or.kr/fine/fncco/systemFncCo/list.do?menuNo=900038) 2026-09-18; 금융투자협회 회원사현황 등재; 금융통계정보시스템 202603 기준 등재; 허가등록업종: 전문사모집합투자업
am_rappo,라포자산운용,자산운용,라포자산운용|Rappo Asset Management|RappoAssetManagement,금감원 파인 제도권금융회사조회(https://fine.fss.or.kr/fine/fncco/systemFncCo/list.do?menuNo=900038) 2026-09-18; 금융통계정보시스템 202603 기준 등재; 허가등록업종: 일반사모집합투자업
am_lamdba,람다자산운용,자산운용,람다자산운용|LAMDBA Investment Management|LAMDBAInvestmentManagement,"금감원 파인 제도권금융회사조회(https://fine.fss.or.kr/fine/fncco/systemFncCo/list.do?menuNo=900038) 2026-09-18; 금융투자협회 회원사현황 등재; 금융통계정보시스템 202603 기준 등재; 허가등록업종: 투자자문업, 전문사모집합투자업"
am_lake,레이크자산운용,자산운용,레이크자산운용|LAKE Asset Management|LAKEAssetManagement,"금감원 파인 제도권금융회사조회(https://fine.fss.or.kr/fine/fncco/systemFncCo/list.do?menuNo=900038) 2026-09-18; 금융투자협회 회원사현황 등재; 금융통계정보시스템 202603 기준 등재; 허가등록업종: 일반 사모집합투자업, 투자일임업"
am_rainmaker,레인메이커자산운용,자산운용,레인메이커자산운용|Rainmaker Asset Management|RainmakerAssetManagement,금감원 파인 제도권금융회사조회(https://fine.fss.or.kr/fine/fncco/systemFncCo/list.do?menuNo=900038) 2026-09-18; 금융통계정보시스템 202603 기준 등재; 허가등록업종: 일반사모집합투자업 투자일임업
am_lawrence,로렌스투자자산운용,자산운용,로렌스투자자산운용|LAWRENCE Asset Management|LAWRENCEAssetManagement,금감원 파인 제도권금융회사조회(https://fine.fss.or.kr/fine/fncco/systemFncCo/list.do?menuNo=900038) 2026-09-18; 금융통계정보시스템 202603 기준 등재; 허가등록업종: 일반 사모집합투자업
am_roman,로만자산운용,자산운용,로만자산운용|Roman Asset Management|RomanAssetManagement,"금감원 파인 제도권금융회사조회(https://fine.fss.or.kr/fine/fncco/systemFncCo/list.do?menuNo=900038) 2026-09-18; 금융투자협회 회원사현황 등재; 금융통계정보시스템 202603 기준 등재; 허가등록업종: 전문사모 집합투자업, 투자자문업, 투자일임업"
am_robust,로버스트자산운용,자산운용,로버스트자산운용|Robust Asset Management|RobustAssetManagement,"금감원 파인 제도권금융회사조회(https://fine.fss.or.kr/fine/fncco/systemFncCo/list.do?menuNo=900038) 2026-09-18; 금융투자협회 회원사현황 등재; 금융통계정보시스템 202603 기준 등재; 허가등록업종: 전문사모집합투자업, 투자자문업, 투자일임업"
am_rootninvestors,루트엔글로벌자산운용,자산운용,루트엔글로벌자산운용|ROOTN GLOBAL INVESTORS|ROOTNGLOBALINVESTORS,"금감원 파인 제도권금융회사조회(https://fine.fss.or.kr/fine/fncco/systemFncCo/list.do?menuNo=900038) 2026-09-18; 금융통계정보시스템 202603 기준 등재; 허가등록업종: 전문사모집합투자업, 투자자문업, 투자일임업; 파인 분류: 자산운용사/투자일임회사/투자자문회사"
am_renaissance,르네상스자산운용,자산운용,르네상스자산운용|RENAISSANCE ASSET MANAGEMENT|RENAISSANCEASSETMANAGEMENT,"금감원 파인 제도권금융회사조회(https://fine.fss.or.kr/fine/fncco/systemFncCo/list.do?menuNo=900038) 2026-09-18; 금융통계정보시스템 202603 기준 등재; 허가등록업종: 전문사모집합투자업, 투자자문업, 투자일임업"
am_lefuture,르퓨쳐자산운용,자산운용,르퓨쳐자산운용|Le Future Management|LeFutureManagement,금감원 파인 제도권금융회사조회(https://fine.fss.or.kr/fine/fncco/systemFncCo/list.do?menuNo=900038) 2026-09-18; 금융통계정보시스템 202603 기준 등재; 허가등록업종: 일반사모집합투자업
am_leading,리딩자산운용,자산운용,리딩자산운용|Leading Asset Management|LeadingAssetManagement,"금감원 파인 제도권금융회사조회(https://fine.fss.or.kr/fine/fncco/systemFncCo/list.do?menuNo=900038) 2026-09-18; 금융투자협회 회원사현황 등재; 금융통계정보시스템 202603 기준 등재; 허가등록업종: 전문사모집합투자업, 투자자문업"
am_ribeoseuton,리버스톤자산운용,자산운용,리버스톤자산운용|T&C,금감원 파인 제도권금융회사조회(https://fine.fss.or.kr/fine/fncco/systemFncCo/list.do?menuNo=900038) 2026-09-18; 금융통계정보시스템 202603 기준 등재; 허가등록업종: 전문사모집합투자업
am_ribeoti,리버티자산운용,자산운용,리버티자산운용,금융통계정보시스템 202603 기준 등재; 파인 미등재(협회/FISIS에만 등재) — 등록 여부 재확인 필요
am_leewoon,리운자산운용,자산운용,리운자산운용|Leewoon Asset Management|LeewoonAssetManagement,"금감원 파인 제도권금융회사조회(https://fine.fss.or.kr/fine/fncco/systemFncCo/list.do?menuNo=900038) 2026-09-18; 금융투자협회 회원사현황 등재; 금융통계정보시스템 202603 기준 등재; 허가등록업종: 전문사모집합투자업, 투자자문업, 투자일임업"
am_richmond,리치먼드자산운용,자산운용,리치먼드자산운용|RICHMOND ASSET MANAGEMENT|RICHMONDASSETMANAGEMENT,"금감원 파인 제도권금융회사조회(https://fine.fss.or.kr/fine/fncco/systemFncCo/list.do?menuNo=900038) 2026-09-18; 금융투자협회 회원사현황 등재; 금융통계정보시스템 202603 기준 등재; 허가등록업종: 자산운용업, 투자자문업"
am_hajuye,리치자산운용,자산운용,리치자산운용|HAJUYE,"금감원 파인 제도권금융회사조회(https://fine.fss.or.kr/fine/fncco/systemFncCo/list.do?menuNo=900038) 2026-09-18; 금융통계정보시스템 202603 기준 등재; 허가등록업종: 전문사모집합투자업, 투자일임업, 투자자문업; 파인 분류: 자산운용사/투자일임회사/투자자문회사"
am_recovery,리커버리자산운용,자산운용,리커버리자산운용|Recovery Asset Management|RecoveryAssetManagement,금감원 파인 제도권금융회사조회(https://fine.fss.or.kr/fine/fncco/systemFncCo/list.do?menuNo=900038) 2026-09-18; 금융통계정보시스템 202603 기준 등재; 허가등록업종: 일반 사모집합투자업
am_rico,리코자산운용,자산운용,리코자산운용|Rico Asset Management|RicoAssetManagement,"금감원 파인 제도권금융회사조회(https://fine.fss.or.kr/fine/fncco/systemFncCo/list.do?menuNo=900038) 2026-09-18; 금융투자협회 회원사현황 등재; 금융통계정보시스템 202603 기준 등재; 허가등록업종: 전문사모집합투자업, 투자자문업, 투자일임업"
am_repan,리판자산운용,자산운용,리판자산운용|REPAN Asset Management|REPANAssetManagement,금감원 파인 제도권금융회사조회(https://fine.fss.or.kr/fine/fncco/systemFncCo/list.do?menuNo=900038) 2026-09-18; 금융투자협회 회원사현황 등재; 금융통계정보시스템 202603 기준 등재; 허가등록업종: 일반 사모집합투자업
am_lindemanpartners,린드먼파트너스자산운용,자산운용,린드먼파트너스자산운용|Lindeman Partners Asset Management|LindemanPartnersAssetManagement,금감원 파인 제도권금융회사조회(https://fine.fss.or.kr/fine/fncco/systemFncCo/list.do?menuNo=900038) 2026-09-18; 금융통계정보시스템 202603 기준 등재; 허가등록업종: 전문사모집합투자업
am_relian,릴라이언자산운용,자산운용,릴라이언자산운용|RELIAN ASSET MANAGEMENT|RELIANASSETMANAGEMENT,"금감원 파인 제도권금융회사조회(https://fine.fss.or.kr/fine/fncco/systemFncCo/list.do?menuNo=900038) 2026-09-18; 금융투자협회 회원사현황 등재; 금융통계정보시스템 202603 기준 등재; 허가등록업종: 전문사모집합투자업, 투자자문업, 투자일임업; 파인 분류: 자산운용사/투자일임회사/투자자문회사"
am_ritji,릿지자산운용,자산운용,릿지자산운용,금융투자협회 회원사현황 등재; 파인 미등재(협회/FISIS에만 등재) — 등록 여부 재확인 필요
am_mars,마르스자산운용,자산운용,마르스자산운용|MARS Asset Management|MARSAssetManagement,금감원 파인 제도권금융회사조회(https://fine.fss.or.kr/fine/fncco/systemFncCo/list.do?menuNo=900038) 2026-09-18; 금융투자협회 회원사현황 등재; 금융통계정보시스템 202603 기준 등재; 허가등록업종: 전문사모집합투자업
am_master,마스터자산운용,자산운용,마스터자산운용|MASTER Asset Management|MASTERAssetManagement,"금감원 파인 제도권금융회사조회(https://fine.fss.or.kr/fine/fncco/systemFncCo/list.do?menuNo=900038) 2026-09-18; 금융투자협회 회원사현황 등재; 금융통계정보시스템 202603 기준 등재; 허가등록업종: 일반사모집합투자업, 투자자문업, 투자일임업"
am_masturn,마스턴투자운용,자산운용,마스턴투자운용|Mastern Investment Management|MasternInvestmentManagement,"금감원 파인 제도권금융회사조회(https://fine.fss.or.kr/fine/fncco/systemFncCo/list.do?menuNo=900038) 2026-09-18; 금융투자협회 회원사현황 등재; 금융통계정보시스템 202603 기준 등재; 허가등록업종: 전문사모집합투자업, 투자자문업, 투자일임업"
am_mastpartners,마스트파트너스자산운용,자산운용,마스트파트너스자산운용|Mast Partners Asset Management|MastPartnersAssetManagement,금감원 파인 제도권금융회사조회(https://fine.fss.or.kr/fine/fncco/systemFncCo/list.do?menuNo=900038) 2026-09-18; 금융통계정보시스템 202603 기준 등재; 허가등록업종: 일반 사모집합투자업
am_marcypenasia,마시펜아시아자산운용,자산운용,마시펜아시아자산운용|MarcyPen Asia Asset Management|MarcyPenAsiaAssetManagement,금감원 파인 제도권금융회사조회(https://fine.fss.or.kr/fine/fncco/systemFncCo/list.do?menuNo=900038) 2026-09-18; 허가등록업종: 일반사모집합투자업
am_maestro,마에스트로자산운용,자산운용,마에스트로자산운용|MAESTRO Asset Management|MAESTROAssetManagement,금감원 파인 제도권금융회사조회(https://fine.fss.or.kr/fine/fncco/systemFncCo/list.do?menuNo=900038) 2026-09-18; 금융통계정보시스템 202603 기준 등재; 허가등록업종: 일반사모집합투자업
am_mountain,마운틴자산운용,자산운용,마운틴자산운용|Mountain Asset Management|MountainAssetManagement,"금감원 파인 제도권금융회사조회(https://fine.fss.or.kr/fine/fncco/systemFncCo/list.do?menuNo=900038) 2026-09-18; 금융통계정보시스템 202603 기준 등재; 허가등록업종: 전문사모집합투자업, 투자일임업(6-1-1)"
am_midas,마이다스에셋자산운용,자산운용,마이다스에셋자산운용|Midas International Asset Management|MidasInternationalAssetManagement,금감원 파인 제도권금융회사조회(https://fine.fss.or.kr/fine/fncco/systemFncCo/list.do?menuNo=900038) 2026-09-18; 금융투자협회 회원사현황 등재; 금융통계정보시스템 202603 기준 등재; 허가등록업종: 자산운용업
am_mind,마인드자산운용,자산운용,마인드자산운용|Mind Asset Management|MindAssetManagement,"금감원 파인 제도권금융회사조회(https://fine.fss.or.kr/fine/fncco/systemFncCo/list.do?menuNo=900038) 2026-09-18; 금융투자협회 회원사현황 등재; 금융통계정보시스템 202603 기준 등재; 허가등록업종: 일반 사모집합투자업, 투자자문업; 파인 분류: 자산운용사/투자자문회사"
am_milestone,마일스톤자산운용,자산운용,마일스톤자산운용|Milestone Asset Management|MilestoneAssetManagement,"금감원 파인 제도권금융회사조회(https://fine.fss.or.kr/fine/fncco/systemFncCo/list.do?menuNo=900038) 2026-09-18; 금융통계정보시스템 202603 기준 등재; 허가등록업종: 전문사모집합투자업, 투자자문업"
am_majesty,마제스티자산운용,자산운용,마제스티자산운용|Majesty Asset Management|MajestyAssetManagement,"금감원 파인 제도권금융회사조회(https://fine.fss.or.kr/fine/fncco/systemFncCo/list.do?menuNo=900038) 2026-09-18; 금융투자협회 회원사현황 등재; 금융통계정보시스템 202603 기준 등재; 허가등록업종: 투자자문업, 투자일임업, 일반사모집합투자업; 파인 분류: 자산운용사/투자일임회사/투자자문회사"
am_mark,마크자산운용,자산운용,마크자산운용|Mark Asset Management|MarkAssetManagement,금감원 파인 제도권금융회사조회(https://fine.fss.or.kr/fine/fncco/systemFncCo/list.do?menuNo=900038) 2026-09-18; 금융투자협회 회원사현황 등재; 금융통계정보시스템 202603 기준 등재; 허가등록업종: 투자자문업 투자일임업; 파인 분류: 자산운용사/투자일임회사/투자자문회사
am_macquarie,맥쿼리자산운용,자산운용,맥쿼리자산운용|Macquarie Korea Asset Management|MacquarieKoreaAssetManagement,금감원 파인 제도권금융회사조회(https://fine.fss.or.kr/fine/fncco/systemFncCo/list.do?menuNo=900038) 2026-09-18; 금융투자협회 회원사현황 등재; 금융통계정보시스템 202603 기준 등재; 허가등록업종: 자산운용업
am_maenhatanseomit,맨하탄서밋자산운용,자산운용,맨하탄서밋자산운용,금융통계정보시스템 202603 기준 등재; 파인 미등재(협회/FISIS에만 등재) — 등록 여부 재확인 필요
am_must,머스트자산운용,자산운용,머스트자산운용|MUST Asset Management|MUSTAssetManagement,"금감원 파인 제도권금융회사조회(https://fine.fss.or.kr/fine/fncco/systemFncCo/list.do?menuNo=900038) 2026-09-18; 금융투자협회 회원사현황 등재; 금융통계정보시스템 202603 기준 등재; 허가등록업종: 전문사모집합투자업, 투자일임업, 투자자문업"
am_muchandmore,머치앤모어자산운용,자산운용,머치앤모어자산운용|Much and More Asset Management|MuchandMoreAssetManagement,금감원 파인 제도권금융회사조회(https://fine.fss.or.kr/fine/fncco/systemFncCo/list.do?menuNo=900038) 2026-09-18; 금융통계정보시스템 202603 기준 등재; 허가등록업종: 일반사모집합투자업
am_mercury,머큐리자산운용,자산운용,머큐리자산운용|Mercury Asset Management|MercuryAssetManagement,"금감원 파인 제도권금융회사조회(https://fine.fss.or.kr/fine/fncco/systemFncCo/list.do?menuNo=900038) 2026-09-18; 금융통계정보시스템 202603 기준 등재; 허가등록업종: 전문사모집합투자업, 투자자문업"
am_meridianone,메리디안원자산운용,자산운용,메리디안원자산운용|Meridian One Asset Management|MeridianOneAssetManagement,"금감원 파인 제도권금융회사조회(https://fine.fss.or.kr/fine/fncco/systemFncCo/list.do?menuNo=900038) 2026-09-18; 금융통계정보시스템 202603 기준 등재; 허가등록업종: 일반 사모집합투자업, 투자일임업"
am_meritz_alt,메리츠대체투자운용,자산운용,메리츠대체투자운용|메리츠부동산자산운용|Meritz Alternative Invsement Management|MeritzAlternativeInvsementManagement,"금감원 파인 제도권금융회사조회(https://fine.fss.or.kr/fine/fncco/systemFncCo/list.do?menuNo=900038) 2026-09-18; 금융투자협회 회원사현황 등재; 금융통계정보시스템 202603 기준 등재; 허가등록업종: 전문사모집합투자업, 투자일임업; 파인 분류: 자산운용사/투자일임회사"
am_maven,메이븐자산운용,자산운용,메이븐자산운용|Maven Asset Management|MavenAssetManagement,"금감원 파인 제도권금융회사조회(https://fine.fss.or.kr/fine/fncco/systemFncCo/list.do?menuNo=900038) 2026-09-18; 금융통계정보시스템 202603 기준 등재; 허가등록업종: 일반사모집합투자업, 투자일임업; 파인 분류: 자산운용사/투자일임회사"
am_maius,메이어스자산운용,자산운용,메이어스자산운용|Maius Asset Management|MaiusAssetManagement,"금감원 파인 제도권금융회사조회(https://fine.fss.or.kr/fine/fncco/systemFncCo/list.do?menuNo=900038) 2026-09-18; 금융통계정보시스템 202603 기준 등재; 허가등록업종: 일반 사모집합투자업, 투자일임업; 파인 분류: 자산운용사/투자일임회사"
am_mezzanineplus,메자닌플러스자산운용,자산운용,메자닌플러스자산운용|Mezzanine Plus Advisory|MezzaninePlusAdvisory,"금감원 파인 제도권금융회사조회(https://fine.fss.or.kr/fine/fncco/systemFncCo/list.do?menuNo=900038) 2026-09-18; 금융투자협회 회원사현황 등재; 금융통계정보시스템 202603 기준 등재; 허가등록업종: 일반사모집합투자업, 투자자문업, 투자일임업; 파인 분류: 자산운용사/투자일임회사/투자자문회사"
am_metheus,메테우스자산운용,자산운용,메테우스자산운용|metheus Asset Management|metheusAssetManagement,"금감원 파인 제도권금융회사조회(https://fine.fss.or.kr/fine/fncco/systemFncCo/list.do?menuNo=900038) 2026-09-18; 금융통계정보시스템 202603 기준 등재; 허가등록업종: 일반사모집합투자업, 투자자문업, 투자일임업; 파인 분류: 자산운용사/투자일임회사/투자자문회사"
am_bros,멜론자산운용,자산운용,멜론자산운용|Bros Asset Management|BrosAssetManagement,"금감원 파인 제도권금융회사조회(https://fine.fss.or.kr/fine/fncco/systemFncCo/list.do?menuNo=900038) 2026-09-18; 금융투자협회 회원사현황 등재; 금융통계정보시스템 202603 기준 등재; 허가등록업종: 전문사모집합투자업, 투자일임업(6-1-1)"
am_moda,모다자산운용,자산운용,모다자산운용|MODA Asset Management|MODAAssetManagement,금감원 파인 제도권금융회사조회(https://fine.fss.or.kr/fine/fncco/systemFncCo/list.do?menuNo=900038) 2026-09-18; 금융통계정보시스템 202603 기준 등재; 허가등록업종: 전문사모집합투자업
am_moru,모루자산운용,자산운용,모루자산운용|Moru Asset Management|MoruAssetManagement,"금감원 파인 제도권금융회사조회(https://fine.fss.or.kr/fine/fncco/systemFncCo/list.do?menuNo=900038) 2026-09-18; 금융투자협회 회원사현황 등재; 금융통계정보시스템 202603 기준 등재; 허가등록업종: 전문사모집합투자업, 투자자문업, 투자일임업"
am_mobydick,모비딕자산운용,자산운용,모비딕자산운용|MOBYDICK Asset Management|MOBYDICKAssetManagement,"금감원 파인 제도권금융회사조회(https://fine.fss.or.kr/fine/fncco/systemFncCo/list.do?menuNo=900038) 2026-09-18; 금융투자협회 회원사현황 등재; 금융통계정보시스템 202603 기준 등재; 허가등록업종: 일반 사모집합투자업, 투자일임업, 투자자문업; 파인 분류: 자산운용사/투자일임회사/투자자문회사"
am_moat,모트자산운용,자산운용,모트자산운용|Moat Asset Management|MoatAssetManagement,금감원 파인 제도권금융회사조회(https://fine.fss.or.kr/fine/fncco/systemFncCo/list.do?menuNo=900038) 2026-09-18; 금융투자협회 회원사현황 등재; 허가등록업종: 전문사모집합투자업
am_motive,모티브자산운용,자산운용,모티브자산운용|Motive Asset Management|MotiveAssetManagement,"금감원 파인 제도권금융회사조회(https://fine.fss.or.kr/fine/fncco/systemFncCo/list.do?menuNo=900038) 2026-09-18; 금융통계정보시스템 202603 기준 등재; 허가등록업종: 일반사모집합투자업, 투자일임업"
am_munseuton,문스톤자산운용,자산운용,문스톤자산운용,금융통계정보시스템 202603 기준 등재; 파인 미등재(협회/FISIS에만 등재) — 등록 여부 재확인 필요
am_mirae,미래에셋자산운용,자산운용,미래에셋자산운용|Mirae Asset Investment Management|MiraeAssetInvestmentManagement,"금감원 파인 제도권금융회사조회(https://fine.fss.or.kr/fine/fncco/systemFncCo/list.do?menuNo=900038) 2026-09-18; 금융투자협회 회원사현황 등재; 금융통계정보시스템 202603 기준 등재; 허가등록업종: 자산운용업, 투자자문업, 투자일임업"
am_baro,바로자산운용,자산운용,바로자산운용|BARO Asset Management|BAROAssetManagement,"금감원 파인 제도권금융회사조회(https://fine.fss.or.kr/fine/fncco/systemFncCo/list.do?menuNo=900038) 2026-09-18; 금융투자협회 회원사현황 등재; 금융통계정보시스템 202603 기준 등재; 허가등록업종: 전문사모집합투자업, 투자자문업"
am_bastion,바스티언자산운용,자산운용,바스티언자산운용|Bastion Asset Management|BastionAssetManagement,"금감원 파인 제도권금융회사조회(https://fine.fss.or.kr/fine/fncco/systemFncCo/list.do?menuNo=900038) 2026-09-18; 금융투자협회 회원사현황 등재; 금융통계정보시스템 202603 기준 등재; 허가등록업종: 전문사모집합투자업, 투자자문업, 투자일임업"
am_valuesystem,밸류시스템자산운용,자산운용,밸류시스템자산운용|Value System Investment Management|ValueSystemInvestmentManagement,"금감원 파인 제도권금융회사조회(https://fine.fss.or.kr/fine/fncco/systemFncCo/list.do?menuNo=900038) 2026-09-18; 금융투자협회 회원사현황 등재; 금융통계정보시스템 202603 기준 등재; 허가등록업종: 투자자문업,투자일임업, 전문사모집합투자업"
am_valuepartners,밸류파트너스자산운용,자산운용,밸류파트너스자산운용|Value Partners Investment|ValuePartnersInvestment,금감원 파인 제도권금융회사조회(https://fine.fss.or.kr/fine/fncco/systemFncCo/list.do?menuNo=900038) 2026-09-18; 금융통계정보시스템 202603 기준 등재; 허가등록업종: 전문사모집합투자업·투자자문업·투자일임업
am_venetus,베네투스자산운용,자산운용,베네투스자산운용|Venetus Asset Management|VenetusAssetManagement,금감원 파인 제도권금융회사조회(https://fine.fss.or.kr/fine/fncco/systemFncCo/list.do?menuNo=900038) 2026-09-18; 금융투자협회 회원사현황 등재; 금융통계정보시스템 202603 기준 등재; 허가등록업종: 전문사모집합투자업
am_vestas,베스타스자산운용,자산운용,베스타스자산운용|Vestas Investment Management|VestasInvestmentManagement,"금감원 파인 제도권금융회사조회(https://fine.fss.or.kr/fine/fncco/systemFncCo/list.do?menuNo=900038) 2026-09-18; 금융투자협회 회원사현황 등재; 금융통계정보시스템 202603 기준 등재; 허가등록업종: 집합투자업(부동산집합투자기구), 투자자문업"
am_beseuteon,베스턴자산운용,자산운용,베스턴자산운용,금감원 파인 제도권금융회사조회(https://fine.fss.or.kr/fine/fncco/systemFncCo/list.do?menuNo=900038) 2026-09-18; 금융통계정보시스템 202603 기준 등재; 허가등록업종: 일반사모집합투자업
am_beatus,베아투스자산운용,자산운용,베아투스자산운용|Beatus Asset Management|BeatusAssetManagement,금감원 파인 제도권금융회사조회(https://fine.fss.or.kr/fine/fncco/systemFncCo/list.do?menuNo=900038) 2026-09-18; 금융통계정보시스템 202603 기준 등재; 허가등록업종: 일반 사모집합투자업
am_baring,베어링자산운용,자산운용,베어링자산운용|BARING ASSET MANAGEMENT KOREA|BARINGASSETMANAGEMENTKOREA,금감원 파인 제도권금융회사조회(https://fine.fss.or.kr/fine/fncco/systemFncCo/list.do?menuNo=900038) 2026-09-18; 금융투자협회 회원사현황 등재; 금융통계정보시스템 202603 기준 등재; 허가등록업종: 자산운용업
am_baystate,베이스테이트자산운용,자산운용,베이스테이트자산운용|Baystate Asset Management|BaystateAssetManagement,금감원 파인 제도권금융회사조회(https://fine.fss.or.kr/fine/fncco/systemFncCo/list.do?menuNo=900038) 2026-09-18; 허가등록업종: 일반사모집합투자업
am_vanchor,벤코어인베스트먼츠자산운용,자산운용,벤코어인베스트먼츠자산운용|Vanchor Investments|VanchorInvestments,금감원 파인 제도권금융회사조회(https://fine.fss.or.kr/fine/fncco/systemFncCo/list.do?menuNo=900038) 2026-09-18; 금융투자협회 회원사현황 등재; 금융통계정보시스템 202603 기준 등재; 허가등록업종: 일반 사모집합투자업
am_belleepoque,벨에포크자산운용,자산운용,벨에포크자산운용|Belle Epoque Investments|BelleEpoqueInvestments,금감원 파인 제도권금융회사조회(https://fine.fss.or.kr/fine/fncco/systemFncCo/list.do?menuNo=900038) 2026-09-18; 금융투자협회 회원사현황 등재; 금융통계정보시스템 202603 기준 등재; 허가등록업종: 전문사모집합투자업
am_vogo,보고펀드자산운용,자산운용,보고펀드자산운용|VOGO FUND ASSET MANAGEMENT|VOGOFUNDASSETMANAGEMENT,"금감원 파인 제도권금융회사조회(https://fine.fss.or.kr/fine/fncco/systemFncCo/list.do?menuNo=900038) 2026-09-18; 금융투자협회 회원사현황 등재; 금융통계정보시스템 202603 기준 등재; 허가등록업종: 전문사모집합투자업, 투자자문업, 투자일임업"
am_vault,볼트자산운용,자산운용,볼트자산운용|Vault Asset Management|VaultAssetManagement,"금감원 파인 제도권금융회사조회(https://fine.fss.or.kr/fine/fncco/systemFncCo/list.do?menuNo=900038) 2026-09-18; 금융통계정보시스템 202603 기준 등재; 허가등록업종: 전문사모집합투자업, 투자자문업"
am_brightinve,브라이트자산운용,자산운용,브라이트자산운용|Bright Inve|BrightInve,"금감원 파인 제도권금융회사조회(https://fine.fss.or.kr/fine/fncco/systemFncCo/list.do?menuNo=900038) 2026-09-18; 금융투자협회 회원사현황 등재; 금융통계정보시스템 202603 기준 등재; 허가등록업종: 일반사모집합투자업, 투자자문업, 투자일임업; 파인 분류: 자산운용사/투자자문회사"
am_shinyoung,브라이튼자산운용,자산운용,브라이튼자산운용|Shinyoung Investment management|ShinyoungInvestmentmanagement,금감원 파인 제도권금융회사조회(https://fine.fss.or.kr/fine/fncco/systemFncCo/list.do?menuNo=900038) 2026-09-18; 금융투자협회 회원사현황 등재; 금융통계정보시스템 202603 기준 등재; 허가등록업종: 전문사모집합투자업
am_brahma,브라흐마자산운용,자산운용,브라흐마자산운용|Brahma Asset Management|BrahmaAssetManagement,금감원 파인 제도권금융회사조회(https://fine.fss.or.kr/fine/fncco/systemFncCo/list.do?menuNo=900038) 2026-09-18; 금융통계정보시스템 202603 기준 등재; 허가등록업종: 일반사모집합투자업
am_brain,브레인자산운용,자산운용,브레인자산운용|Brain Asset Management|BrainAssetManagement,"금감원 파인 제도권금융회사조회(https://fine.fss.or.kr/fine/fncco/systemFncCo/list.do?menuNo=900038) 2026-09-18; 금융투자협회 회원사현황 등재; 금융통계정보시스템 202603 기준 등재; 허가등록업종: 집합투자업, 투자자문업, 투자일임업"
am_broadhigh,브로드하이자산운용,자산운용,브로드하이자산운용|BROAD HIGH Asset Management|BROADHIGHAssetManagement,"금감원 파인 제도권금융회사조회(https://fine.fss.or.kr/fine/fncco/systemFncCo/list.do?menuNo=900038) 2026-09-18; 금융통계정보시스템 202603 기준 등재; 허가등록업종: 일반 사모집합투자업, 투자자문업; 파인 분류: 자산운용사/투자자문회사"
am_brookfield,브룩필드자산운용코리아,자산운용,브룩필드자산운용코리아|브룩필드자산운용|Brookfield Asset Management Korea|BrookfieldAssetManagementKorea,"금감원 파인 제도권금융회사조회(https://fine.fss.or.kr/fine/fncco/systemFncCo/list.do?menuNo=900038) 2026-09-18; 금융투자협회 회원사현황 등재; 금융통계정보시스템 202603 기준 등재; 허가등록업종: 투자자문업, 일반사모집합투자업; 파인 분류: 자산운용사/투자자문회사"
am_vi,브이아이자산운용,자산운용,브이아이자산운용|VI자산운용|하이자산운용|VI Asset Management Korea|VIAssetManagementKorea,금감원 파인 제도권금융회사조회(https://fine.fss.or.kr/fine/fncco/systemFncCo/list.do?menuNo=900038) 2026-09-18; 금융투자협회 회원사현황 등재; 금융통계정보시스템 202603 기준 등재; 허가등록업종: 자산운용업
am_vip,브이아이피자산운용,자산운용,브이아이피자산운용|VIP자산운용|VIP RESEARCH & MANAGEMENT|VIPRESEARCH&MANAGEMENT,"금감원 파인 제도권금융회사조회(https://fine.fss.or.kr/fine/fncco/systemFncCo/list.do?menuNo=900038) 2026-09-18; 금융투자협회 회원사현황 등재; 금융통계정보시스템 202603 기준 등재; 허가등록업종: 투자자문업, 투자일임업, 전문사모집합투자업"
am_beuiaeneseu,브이앤에스자산운용,자산운용,브이앤에스자산운용|V & S|V&S,"금감원 파인 제도권금융회사조회(https://fine.fss.or.kr/fine/fncco/systemFncCo/list.do?menuNo=900038) 2026-09-18; 금융투자협회 회원사현황 등재; 금융통계정보시스템 202603 기준 등재; 허가등록업종: 전문사모집합투자업, 투자자문업, 투자일임업"
am_beuiem,브이엠자산운용,자산운용,브이엠자산운용|VM Investment Management|VMInvestmentManagement,"금감원 파인 제도권금융회사조회(https://fine.fss.or.kr/fine/fncco/systemFncCo/list.do?menuNo=900038) 2026-09-18; 금융통계정보시스템 202603 기준 등재; 허가등록업종: 투자자문업, 투자일임업, 전문사모집합투자업; 파인 분류: 자산운용사/투자자문회사"
am_beui,브이자산운용,자산운용,브이자산운용|V Asset Management|VAssetManagement,"금감원 파인 제도권금융회사조회(https://fine.fss.or.kr/fine/fncco/systemFncCo/list.do?menuNo=900038) 2026-09-18; 금융투자협회 회원사현황 등재; 금융통계정보시스템 202603 기준 등재; 허가등록업종: 자산운용업, 투자자문업, 투자일임업"
am_blash,블래쉬자산운용,자산운용,블래쉬자산운용|BLASH Asset Management|BLASHAssetManagement,"금감원 파인 제도권금융회사조회(https://fine.fss.or.kr/fine/fncco/systemFncCo/list.do?menuNo=900038) 2026-09-18; 금융통계정보시스템 202603 기준 등재; 허가등록업종: 전문사모집합투자업, 투자자문업"
am_blackrock,블랙록자산운용,자산운용,블랙록자산운용|Blackrock Asset Management|BlackrockAssetManagement,금감원 파인 제도권금융회사조회(https://fine.fss.or.kr/fine/fncco/systemFncCo/list.do?menuNo=900038) 2026-09-18; 금융투자협회 회원사현황 등재; 금융통계정보시스템 202603 기준 등재; 허가등록업종: 자산운용업
am_blackboard,블랙보드자산운용,자산운용,블랙보드자산운용|Blackboard Asset Management|BlackboardAssetManagement,"금감원 파인 제도권금융회사조회(https://fine.fss.or.kr/fine/fncco/systemFncCo/list.do?menuNo=900038) 2026-09-18; 금융투자협회 회원사현황 등재; 금융통계정보시스템 202603 기준 등재; 허가등록업종: 일반사모집합투자업, 투자자문업, 투자일임업; 파인 분류: 자산운용사/투자일임회사/투자자문회사"
am_blackpeal,블랙펄자산운용,자산운용,블랙펄자산운용|Blackpeal Asset Management|BlackpealAssetManagement,금감원 파인 제도권금융회사조회(https://fine.fss.or.kr/fine/fncco/systemFncCo/list.do?menuNo=900038) 2026-09-18; 금융통계정보시스템 202603 기준 등재; 허가등록업종: 일반사모집합투자업·투자자문업·투자일임업; 파인 분류: 자산운용사/투자일임회사/투자자문회사
am_bluecove,블루코브자산운용,자산운용,블루코브자산운용|BlueCove Investment|BlueCoveInvestment,"금감원 파인 제도권금융회사조회(https://fine.fss.or.kr/fine/fncco/systemFncCo/list.do?menuNo=900038) 2026-09-18; 금융투자협회 회원사현황 등재; 금융통계정보시스템 202603 기준 등재; 허가등록업종: 전문사모집합투자업, 투자자문업"
am_blitz,블리츠자산운용,자산운용,블리츠자산운용|Blitz Asset Management|BlitzAssetManagement,금감원 파인 제도권금융회사조회(https://fine.fss.or.kr/fine/fncco/systemFncCo/list.do?menuNo=900038) 2026-09-18; 금융투자협회 회원사현황 등재; 금융통계정보시스템 202603 기준 등재; 허가등록업종: 전문사모집합투자업
am_biaenai,비앤아이자산운용,자산운용,비앤아이자산운용|B&I Investment|B&IInvestment,"금감원 파인 제도권금융회사조회(https://fine.fss.or.kr/fine/fncco/systemFncCo/list.do?menuNo=900038) 2026-09-18; 금융통계정보시스템 202603 기준 등재; 허가등록업종: 전문사모집합투자업, 투자자문업, 투자일임업"
am_bnb,비엔비자산운용,자산운용,비엔비자산운용|BNB Asset Management|BNBAssetManagement,"금감원 파인 제도권금융회사조회(https://fine.fss.or.kr/fine/fncco/systemFncCo/list.do?menuNo=900038) 2026-09-18; 금융투자협회 회원사현황 등재; 금융통계정보시스템 202603 기준 등재; 허가등록업종: 투자자문업,투자일임업, 전문사모집합투자업"
am_bnk,비엔케이자산운용,자산운용,비엔케이자산운용|BNK자산운용|BNK Asset Management|BNKAssetManagement,금감원 파인 제도권금융회사조회(https://fine.fss.or.kr/fine/fncco/systemFncCo/list.do?menuNo=900038) 2026-09-18; 금융투자협회 회원사현황 등재; 금융통계정보시스템 202603 기준 등재; 허가등록업종: 자산운용업
am_urich,비욘드자산운용,자산운용,비욘드자산운용|Urich Asset Management|UrichAssetManagement,"금감원 파인 제도권금융회사조회(https://fine.fss.or.kr/fine/fncco/systemFncCo/list.do?menuNo=900038) 2026-09-18; 금융투자협회 회원사현황 등재; 금융통계정보시스템 202603 기준 등재; 허가등록업종: 전문사모집합투자업, 투자자문업, 투자일임업"
am_vision,비전자산운용,자산운용,비전자산운용|Vision Asset Management|VisionAssetManagement,"금감원 파인 제도권금융회사조회(https://fine.fss.or.kr/fine/fncco/systemFncCo/list.do?menuNo=900038) 2026-09-18; 금융투자협회 회원사현황 등재; 금융통계정보시스템 202603 기준 등재; 허가등록업종: 전문사모집합투자업, 투자자문업, 투자일임업"
am_bijeonpeulreoseu,비전플러스자산운용,자산운용,비전플러스자산운용,금융통계정보시스템 202603 기준 등재; 파인 미등재(협회/FISIS에만 등재) — 등록 여부 재확인 필요
am_b722,비칠이이자산운용,자산운용,비칠이이자산운용|B722 Asset Management|B722AssetManagement,"금감원 파인 제도권금융회사조회(https://fine.fss.or.kr/fine/fncco/systemFncCo/list.do?menuNo=900038) 2026-09-18; 허가등록업종: 일반사모집합투자업, 투자자문업"
am_bkpl,비케이피엘자산운용,자산운용,비케이피엘자산운용|BKPL Asset Management|BKPLAssetManagement,금감원 파인 제도권금융회사조회(https://fine.fss.or.kr/fine/fncco/systemFncCo/list.do?menuNo=900038) 2026-09-18; 금융투자협회 회원사현황 등재; 금융통계정보시스템 202603 기준 등재; 허가등록업종: 전문사모집합투자업
am_bipi,비피자산운용,자산운용,비피자산운용|BP Asset Management|BPAssetManagement,금감원 파인 제도권금융회사조회(https://fine.fss.or.kr/fine/fncco/systemFncCo/list.do?menuNo=900038) 2026-09-18; 금융투자협회 회원사현황 등재; 금융통계정보시스템 202603 기준 등재; 허가등록업종: 일반사모집합투자업
am_billionfold,빌리언폴드자산운용,자산운용,빌리언폴드자산운용|Billionfold Asset Management|BillionfoldAssetManagement,"금감원 파인 제도권금융회사조회(https://fine.fss.or.kr/fine/fncco/systemFncCo/list.do?menuNo=900038) 2026-09-18; 금융투자협회 회원사현황 등재; 금융통계정보시스템 202603 기준 등재; 허가등록업종: 일반 사모집합투자업, 투자자문업, 투자일임업"
am_saram40,사람사점영자산운용,자산운용,사람사점영자산운용|Saram 4.0 Asset Management|Saram4.0AssetManagement,"금감원 파인 제도권금융회사조회(https://fine.fss.or.kr/fine/fncco/systemFncCo/list.do?menuNo=900038) 2026-09-18; 금융투자협회 회원사현황 등재; 금융통계정보시스템 202603 기준 등재; 허가등록업종: 일반 사모집합투자업, 투자자문업, 투자일임업; 파인 분류: 자산운용사/투자일임회사/투자자문회사"
am_southpeak,사우스피크자산운용,자산운용,사우스피크자산운용|SouthPeak Asset Management|SouthPeakAssetManagement,금감원 파인 제도권금융회사조회(https://fine.fss.or.kr/fine/fncco/systemFncCo/list.do?menuNo=900038) 2026-09-18; 금융투자협회 회원사현황 등재; 허가등록업종: 전문사모집합투자업
am_kdb_infra,산은인프라자산운용,자산운용,산은인프라자산운용|KDB인프라자산운용|KDB Infrastructure Investments Asset Management|KDBInfrastructureInvestmentsAssetManagement,금감원 파인 제도권금융회사조회(https://fine.fss.or.kr/fine/fncco/systemFncCo/list.do?menuNo=900038) 2026-09-18; 금융투자협회 회원사현황 등재; 금융통계정보시스템 202603 기준 등재; 허가등록업종: 자산운용업
am_samsung_active,삼성액티브자산운용,자산운용,삼성액티브자산운용|Samsung Active Asset Management|SamsungActiveAssetManagement,"금감원 파인 제도권금융회사조회(https://fine.fss.or.kr/fine/fncco/systemFncCo/list.do?menuNo=900038) 2026-09-18; 금융투자협회 회원사현황 등재; 금융통계정보시스템 202603 기준 등재; 허가등록업종: 집합투자업, 전문사모집합투자업, 투자자문업, 투자일임업"
am_samsung_sra,삼성에스알에이자산운용,자산운용,삼성에스알에이자산운용|삼성SRA자산운용|Samsung SRA Asset Management|SamsungSRAAssetManagement,"금감원 파인 제도권금융회사조회(https://fine.fss.or.kr/fine/fncco/systemFncCo/list.do?menuNo=900038) 2026-09-18; 금융투자협회 회원사현황 등재; 금융통계정보시스템 202603 기준 등재; 허가등록업종: 집합투자업, 자문업, 일임업"
am_samsung,삼성자산운용,자산운용,삼성자산운용|Samsung Asset Management|SamsungAssetManagement,금감원 파인 제도권금융회사조회(https://fine.fss.or.kr/fine/fncco/systemFncCo/list.do?menuNo=900038) 2026-09-18; 금융투자협회 회원사현황 등재; 금융통계정보시스템 202603 기준 등재; 허가등록업종: 자산운용업
am_samsung_hedge,삼성헤지자산운용,자산운용,삼성헤지자산운용|Samsung Hedge Asset Management|SamsungHedgeAssetManagement,금감원 파인 제도권금융회사조회(https://fine.fss.or.kr/fine/fncco/systemFncCo/list.do?menuNo=900038) 2026-09-18; 금융투자협회 회원사현황 등재; 금융통계정보시스템 202603 기준 등재; 허가등록업종: 전문사모집합투자업
am_samchully,삼천리자산운용,자산운용,삼천리자산운용|Samchully Asset Management|SamchullyAssetManagement,금감원 파인 제도권금융회사조회(https://fine.fss.or.kr/fine/fncco/systemFncCo/list.do?menuNo=900038) 2026-09-18; 금융투자협회 회원사현황 등재; 금융통계정보시스템 202603 기준 등재; 허가등록업종: 집합투자업
am_saebom,새봄자산운용,자산운용,새봄자산운용|SAEBOM Asset Management|SAEBOMAssetManagement,금감원 파인 제도권금융회사조회(https://fine.fss.or.kr/fine/fncco/systemFncCo/list.do?menuNo=900038) 2026-09-18; 금융통계정보시스템 202603 기준 등재; 허가등록업종: 일반 사모집합투자업
am_saem,샘자산운용,자산운용,샘자산운용|SAEM ASSET MANAGEMENT|SAEMASSETMANAGEMENT,금감원 파인 제도권금융회사조회(https://fine.fss.or.kr/fine/fncco/systemFncCo/list.do?menuNo=900038) 2026-09-18; 금융통계정보시스템 202603 기준 등재; 허가등록업종: 전문사모집합투자업
am_seoul2,서울에셋매니지먼트,자산운용,서울에셋매니지먼트|Seoul Asset Management|SeoulAssetManagement,"금감원 파인 제도권금융회사조회(https://fine.fss.or.kr/fine/fncco/systemFncCo/list.do?menuNo=900038) 2026-09-18; 금융투자협회 회원사현황 등재; 금융통계정보시스템 202603 기준 등재; 허가등록업종: 일반사모집합투자업, 투자일임업, 투자자문업"
am_seoul,서울투자자산운용,자산운용,서울투자자산운용|Seoul Investment Asset Management|SeoulInvestmentAssetManagement,금감원 파인 제도권금융회사조회(https://fine.fss.or.kr/fine/fncco/systemFncCo/list.do?menuNo=900038) 2026-09-18; 금융투자협회 회원사현황 등재; 금융통계정보시스템 202603 기준 등재; 허가등록업종: 일반사모집합투자업
am_seojin,서진자산운용,자산운용,서진자산운용|Seojin Asset Management|SeojinAssetManagement,"금감원 파인 제도권금융회사조회(https://fine.fss.or.kr/fine/fncco/systemFncCo/list.do?menuNo=900038) 2026-09-18; 금융투자협회 회원사현황 등재; 금융통계정보시스템 202603 기준 등재; 허가등록업종: 일반사모집합투자업, 투자일임업"
am_sunspear,선스피어자산운용,자산운용,선스피어자산운용|Sunspear Asset Management|SunspearAssetManagement,"금감원 파인 제도권금융회사조회(https://fine.fss.or.kr/fine/fncco/systemFncCo/list.do?menuNo=900038) 2026-09-18; 금융투자협회 회원사현황 등재; 금융통계정보시스템 202603 기준 등재; 허가등록업종: 일반사모집합투자업, 투자자문업; 파인 분류: 자산운용사/투자자문회사"
am_safewin,세이프윈자산운용,자산운용,세이프윈자산운용|SafeWin Asset Management|SafeWinAssetManagement,금감원 파인 제도권금융회사조회(https://fine.fss.or.kr/fine/fncco/systemFncCo/list.do?menuNo=900038) 2026-09-18
am_centrepiece,센터피스자산운용,자산운용,센터피스자산운용|Centrepiece Asset Management|CentrepieceAssetManagement,금감원 파인 제도권금융회사조회(https://fine.fss.or.kr/fine/fncco/systemFncCo/list.do?menuNo=900038) 2026-09-18; 금융투자협회 회원사현황 등재; 금융통계정보시스템 202603 기준 등재; 허가등록업종: 일반사모집합투자업
am_centroid,센트로이드에셋매니지먼트,자산운용,센트로이드에셋매니지먼트|Centroid Asset Management|CentroidAssetManagement,금감원 파인 제도권금융회사조회(https://fine.fss.or.kr/fine/fncco/systemFncCo/list.do?menuNo=900038) 2026-09-18; 허가등록업종: 일반 사모집합투자업
am_celeniankorea,셀레니언자산운용,자산운용,셀레니언자산운용|Celenian (Korea)|Celenian(Korea),"금감원 파인 제도권금융회사조회(https://fine.fss.or.kr/fine/fncco/systemFncCo/list.do?menuNo=900038) 2026-09-18; 금융투자협회 회원사현황 등재; 금융통계정보시스템 202603 기준 등재; 허가등록업종: 전문사모집합투자업, 투자자문업"
am_moonstone,셀티스자산운용,자산운용,셀티스자산운용|Moonstone Asset Management|MoonstoneAssetManagement,금감원 파인 제도권금융회사조회(https://fine.fss.or.kr/fine/fncco/systemFncCo/list.do?menuNo=900038) 2026-09-18; 허가등록업종: 일반 사모집합투자업
am_solidrun,솔리드런자산운용,자산운용,솔리드런자산운용|Solidrun Asset Management|SolidrunAssetManagement,금감원 파인 제도권금융회사조회(https://fine.fss.or.kr/fine/fncco/systemFncCo/list.do?menuNo=900038) 2026-09-18; 금융투자협회 회원사현황 등재; 금융통계정보시스템 202603 기준 등재; 허가등록업종: 일반사모집합투자업
am_susung,수성자산운용,자산운용,수성자산운용|Susung Asset Management|SusungAssetManagement,"금감원 파인 제도권금융회사조회(https://fine.fss.or.kr/fine/fncco/systemFncCo/list.do?menuNo=900038) 2026-09-18; 금융투자협회 회원사현황 등재; 금융통계정보시스템 202603 기준 등재; 허가등록업종: 전문사모집합투자업, 투자자문업,투자일임업"
am_suhyup,수협자산운용,자산운용,수협자산운용|Suhyup Asset Management|SuhyupAssetManagement,"금감원 파인 제도권금융회사조회(https://fine.fss.or.kr/fine/fncco/systemFncCo/list.do?menuNo=900038) 2026-09-18; 금융투자협회 회원사현황 등재; 금융통계정보시스템 202603 기준 등재; 허가등록업종: 전문사모집합투자업, 투자자문업, 투자일임업"
am_sunique,슈니크자산운용,자산운용,슈니크자산운용|Sunique Asset Management|SuniqueAssetManagement,"금감원 파인 제도권금융회사조회(https://fine.fss.or.kr/fine/fncco/systemFncCo/list.do?menuNo=900038) 2026-09-18; 금융통계정보시스템 202603 기준 등재; 허가등록업종: 일반사모집합투자업, 투자자문업, 투자일임업"
am_schroders,슈로더자산운용,자산운용,슈로더자산운용|슈로더투자신탁운용|Schroder Investment Management (Korea)|SchroderInvestmentManagement(Korea),금감원 파인 제도권금융회사조회(https://fine.fss.or.kr/fine/fncco/systemFncCo/list.do?menuNo=900038) 2026-09-18; 금융투자협회 회원사현황 등재; 금융통계정보시스템 202603 기준 등재; 허가등록업종: 자산운용업; 협회·FISIS 등재명 '슈로더투자신탁운용'를 동일 법인으로 병합(추정)
am_smilegate,스마일게이트자산운용,자산운용,스마일게이트자산운용|Smilegate Asset Management|SmilegateAssetManagement,"금감원 파인 제도권금융회사조회(https://fine.fss.or.kr/fine/fncco/systemFncCo/list.do?menuNo=900038) 2026-09-18; 금융투자협회 회원사현황 등재; 금융통계정보시스템 202603 기준 등재; 허가등록업종: 전문사모집합투자업, 투자자문업, 투자일임업"
am_skywalk,스카이워크자산운용,자산운용,스카이워크자산운용|Skywalk Asset Management|SkywalkAssetManagement,"금감원 파인 제도권금융회사조회(https://fine.fss.or.kr/fine/fncco/systemFncCo/list.do?menuNo=900038) 2026-09-18; 금융투자협회 회원사현황 등재; 금융통계정보시스템 202603 기준 등재; 허가등록업종: 전문사모집합투자업, 투자일임업, 투자자문업"
am_square,스퀘어자산운용,자산운용,스퀘어자산운용|Square Asset Management|SquareAssetManagement,금감원 파인 제도권금융회사조회(https://fine.fss.or.kr/fine/fncco/systemFncCo/list.do?menuNo=900038) 2026-09-18; 금융투자협회 회원사현황 등재; 허가등록업종: 일반사모집합투자업
am_stargalaxy,스타갤럭시자산운용,자산운용,스타갤럭시자산운용|Star Galaxy Asset Management|StarGalaxyAssetManagement,금감원 파인 제도권금융회사조회(https://fine.fss.or.kr/fine/fncco/systemFncCo/list.do?menuNo=900038) 2026-09-18; 허가등록업종: 일반 사모집합투자업
am_starlord,스타로드자산운용,자산운용,스타로드자산운용|Star-Lord,"금감원 파인 제도권금융회사조회(https://fine.fss.or.kr/fine/fncco/systemFncCo/list.do?menuNo=900038) 2026-09-18; 금융투자협회 회원사현황 등재; 금융통계정보시스템 202603 기준 등재; 허가등록업종: 전문사모집합투자업, 투자자문업, 투자일임업; 파인 분류: 자산운용사/투자일임회사/투자자문회사"
am_starquest,스타퀘스트자산운용,자산운용,스타퀘스트자산운용|StarQuest Asset Management|StarQuestAssetManagement,"금감원 파인 제도권금융회사조회(https://fine.fss.or.kr/fine/fncco/systemFncCo/list.do?menuNo=900038) 2026-09-18; 금융통계정보시스템 202603 기준 등재; 허가등록업종: 전문사모집합투자업, 투자자문업, 투자일임업; 파인 분류: 자산운용사/투자일임회사/투자자문회사"
am_seutaenbeogeu,스탠버그자산운용,자산운용,스탠버그자산운용,금융투자협회 회원사현황 등재; 파인 미등재(협회/FISIS에만 등재) — 등록 여부 재확인 필요
am_seutonbeuritji,스톤브릿지자산운용,자산운용,스톤브릿지자산운용,금융통계정보시스템 202603 기준 등재; 파인 미등재(협회/FISIS에만 등재) — 등록 여부 재확인 필요
am_stic_alt,스틱얼터너티브자산운용,자산운용,스틱얼터너티브자산운용|STIC Alternative|STICAlternative,금감원 파인 제도권금융회사조회(https://fine.fss.or.kr/fine/fncco/systemFncCo/list.do?menuNo=900038) 2026-09-18; 금융투자협회 회원사현황 등재; 금융통계정보시스템 202603 기준 등재; 허가등록업종: 전문사모집합투자업
am_sparx,스팍스자산운용,자산운용,스팍스자산운용|SPARX Asset Management Korea|SPARXAssetManagementKorea,"금감원 파인 제도권금융회사조회(https://fine.fss.or.kr/fine/fncco/systemFncCo/list.do?menuNo=900038) 2026-09-18; 금융투자협회 회원사현황 등재; 금융통계정보시스템 202603 기준 등재; 허가등록업종: 집합투자업, 투자자문업, 투자일임업"
am_space,스페이스자산운용,자산운용,스페이스자산운용|Space Asset Management|SpaceAssetManagement,"금감원 파인 제도권금융회사조회(https://fine.fss.or.kr/fine/fncco/systemFncCo/list.do?menuNo=900038) 2026-09-18; 금융통계정보시스템 202603 기준 등재; 허가등록업종: 일반사모집합투자업, 투자자문업, 투자일임업"
am_spinnaker,스피네이커자산운용,자산운용,스피네이커자산운용|Spinnaker Asset Management|SpinnakerAssetManagement,"금감원 파인 제도권금융회사조회(https://fine.fss.or.kr/fine/fncco/systemFncCo/list.do?menuNo=900038) 2026-09-18; 금융통계정보시스템 202603 기준 등재; 허가등록업종: 일반 사모집합투자업, 투자일임업; 파인 분류: 자산운용사/투자일임회사"
am_wisdomkorea,슬기자산운용,자산운용,슬기자산운용|Wisdom asset management Korea|WisdomassetmanagementKorea,"금감원 파인 제도권금융회사조회(https://fine.fss.or.kr/fine/fncco/systemFncCo/list.do?menuNo=900038) 2026-09-18; 금융투자협회 회원사현황 등재; 금융통계정보시스템 202603 기준 등재; 허가등록업종: 전문사모집합투자업, 투자자문업, 투자일임업"
am_signature,시그니처자산운용,자산운용,시그니처자산운용|Signature Asset Management|SignatureAssetManagement,금감원 파인 제도권금융회사조회(https://fine.fss.or.kr/fine/fncco/systemFncCo/list.do?menuNo=900038) 2026-09-18; 금융통계정보시스템 202603 기준 등재; 허가등록업종: 전문사모집합투자업
am_seed,시드인베스트먼트자산운용,자산운용,시드인베스트먼트자산운용|SEED INVESTMENT Asset Management|SEEDINVESTMENTAssetManagement,금감원 파인 제도권금융회사조회(https://fine.fss.or.kr/fine/fncco/systemFncCo/list.do?menuNo=900038) 2026-09-18; 금융통계정보시스템 202603 기준 등재; 허가등록업종: 일반사모집합투자업
am_simone,시몬느자산운용,자산운용,시몬느자산운용|Simone Asset Management|SimoneAssetManagement,금감원 파인 제도권금융회사조회(https://fine.fss.or.kr/fine/fncco/systemFncCo/list.do?menuNo=900038) 2026-09-18; 금융투자협회 회원사현황 등재; 금융통계정보시스템 202603 기준 등재; 허가등록업종: 집합투자업
am_silla,신라자산운용,자산운용,신라자산운용|Silla Asset Management|SillaAssetManagement,금감원 파인 제도권금융회사조회(https://fine.fss.or.kr/fine/fncco/systemFncCo/list.do?menuNo=900038) 2026-09-18; 금융투자협회 회원사현황 등재; 금융통계정보시스템 202603 기준 등재; 허가등록업종: 집합투자업
am_shinyoung,신영자산운용,자산운용,신영자산운용|Shinyoung Asset Management|ShinyoungAssetManagement,금감원 파인 제도권금융회사조회(https://fine.fss.or.kr/fine/fncco/systemFncCo/list.do?menuNo=900038) 2026-09-18; 금융투자협회 회원사현황 등재; 금융통계정보시스템 202603 기준 등재; 허가등록업종: 자산운용업
am_shinhan,신한자산운용,자산운용,신한자산운용|신한BNP파리바자산운용|신한비엔피파리바자산운용|Shinhan Asset Management|ShinhanAssetManagement,"금감원 파인 제도권금융회사조회(https://fine.fss.or.kr/fine/fncco/systemFncCo/list.do?menuNo=900038) 2026-09-18; 금융투자협회 회원사현황 등재; 금융통계정보시스템 202603 기준 등재; 허가등록업종: 집합투자업, 투자자문업, 투자일임업"
am_summit,써밋자산운용,자산운용,써밋자산운용|Summit Asset Management|SummitAssetManagement,"금감원 파인 제도권금융회사조회(https://fine.fss.or.kr/fine/fncco/systemFncCo/list.do?menuNo=900038) 2026-09-18; 금융투자협회 회원사현황 등재; 금융통계정보시스템 202603 기준 등재; 허가등록업종: 일반 사모집합투자업, 투자자문업; 파인 분류: 자산운용사/투자자문회사"
am_suntree,썬앤트리자산운용,자산운용,썬앤트리자산운용|SUN & TREE ASSET INVESTMENT|SUN&TREEASSETINVESTMENT,"금감원 파인 제도권금융회사조회(https://fine.fss.or.kr/fine/fncco/systemFncCo/list.do?menuNo=900038) 2026-09-18; 금융통계정보시스템 202603 기준 등재; 허가등록업종: 투자자문업 및 투자일임업, 전문사모집합투자업"
am_cbre,씨비알이인베스트먼트매니지먼트자산운용,자산운용,씨비알이인베스트먼트매니지먼트자산운용|CBRE자산운용|CBRE Investment Management (Korea)|CBREInvestmentManagement(Korea),금감원 파인 제도권금융회사조회(https://fine.fss.or.kr/fine/fncco/systemFncCo/list.do?menuNo=900038) 2026-09-18; 금융투자협회 회원사현황 등재; 금융통계정보시스템 202603 기준 등재; 허가등록업종: 집합투자업
am_csquared,씨스퀘어자산운용,자산운용,씨스퀘어자산운용|Csquared Global Asset Management|CsquaredGlobalAssetManagement,"금감원 파인 제도권금융회사조회(https://fine.fss.or.kr/fine/fncco/systemFncCo/list.do?menuNo=900038) 2026-09-18; 금융투자협회 회원사현황 등재; 금융통계정보시스템 202603 기준 등재; 허가등록업종: 전문사모집합투자업, 투자자문업, 투자일임업"
am_ssiaat,씨앗자산운용,자산운용,씨앗자산운용|Ssiaat Asset Management|SsiaatAssetManagement,"금감원 파인 제도권금융회사조회(https://fine.fss.or.kr/fine/fncco/systemFncCo/list.do?menuNo=900038) 2026-09-18; 금융투자협회 회원사현황 등재; 금융통계정보시스템 202603 기준 등재; 허가등록업종: 전문사모집합투자업, 투자자문업, 투자일임업"
am_cnd,씨앤디자산운용,자산운용,씨앤디자산운용|CND Asset Management|CNDAssetManagement,금감원 파인 제도권금융회사조회(https://fine.fss.or.kr/fine/fncco/systemFncCo/list.do?menuNo=900038) 2026-09-18; 금융통계정보시스템 202603 기준 등재; 허가등록업종: 일반 사모집합투자업
am_cacpartners,씨에이씨파트너스자산운용,자산운용,씨에이씨파트너스자산운용|CAC Partners Investment Management|CACPartnersInvestmentManagement,금감원 파인 제도권금융회사조회(https://fine.fss.or.kr/fine/fncco/systemFncCo/list.do?menuNo=900038) 2026-09-18; 금융투자협회 회원사현황 등재; 금융통계정보시스템 202603 기준 등재; 허가등록업종: 전문사모집합투자업
am_ciel,씨엘자산운용,자산운용,씨엘자산운용|Ciel Investment Management|CielInvestmentManagement,"금감원 파인 제도권금융회사조회(https://fine.fss.or.kr/fine/fncco/systemFncCo/list.do?menuNo=900038) 2026-09-18; 금융투자협회 회원사현황 등재; 금융통계정보시스템 202603 기준 등재; 허가등록업종: 전문사모집합투자업, 투자자문업, 투자일임업"
am_ckgoldilocks,씨케이골디락스자산운용,자산운용,씨케이골디락스자산운용|CK Goldilocks Asset Management|CKGoldilocksAssetManagement,"금감원 파인 제도권금융회사조회(https://fine.fss.or.kr/fine/fncco/systemFncCo/list.do?menuNo=900038) 2026-09-18; 금융통계정보시스템 202603 기준 등재; 허가등록업종: 전문사모집합투자업, 투자일임업"
am_honors,아너스자산운용,자산운용,아너스자산운용|Honors Asset Management|HonorsAssetManagement,"금감원 파인 제도권금융회사조회(https://fine.fss.or.kr/fine/fncco/systemFncCo/list.do?menuNo=900038) 2026-09-18; 금융투자협회 회원사현황 등재; 금융통계정보시스템 202603 기준 등재; 허가등록업종: 전문사모집합투자업, 투자자문업, 투자일임업"
am_aarden,아든자산운용,자산운용,아든자산운용|Aarden,금감원 파인 제도권금융회사조회(https://fine.fss.or.kr/fine/fncco/systemFncCo/list.do?menuNo=900038) 2026-09-18; 금융통계정보시스템 202603 기준 등재; 허가등록업종: 전문사모집합투자업
am_araa,아라자산운용,자산운용,아라자산운용|ARAA Asset Management|ARAAAssetManagement,금감원 파인 제도권금융회사조회(https://fine.fss.or.kr/fine/fncco/systemFncCo/list.do?menuNo=900038) 2026-09-18; 금융통계정보시스템 202603 기준 등재; 허가등록업종: 전문사모집합투자업
am_aram,아람자산운용,자산운용,아람자산운용|Aram,"금감원 파인 제도권금융회사조회(https://fine.fss.or.kr/fine/fncco/systemFncCo/list.do?menuNo=900038) 2026-09-18; 금융투자협회 회원사현황 등재; 금융통계정보시스템 202603 기준 등재; 허가등록업종: 전문사모집합투자업, 투자자문업, 투자일임업"
am_argos,아르고스자산운용,자산운용,아르고스자산운용|ARGOS Asset Management|ARGOSAssetManagement,금감원 파인 제도권금융회사조회(https://fine.fss.or.kr/fine/fncco/systemFncCo/list.do?menuNo=900038) 2026-09-18; 금융투자협회 회원사현황 등재; 금융통계정보시스템 202603 기준 등재; 허가등록업종: 일반 사모집합투자업
am_arum,아름자산운용,자산운용,아름자산운용|Arum Asset Management|ArumAssetManagement,"금감원 파인 제도권금융회사조회(https://fine.fss.or.kr/fine/fncco/systemFncCo/list.do?menuNo=900038) 2026-09-18; 금융투자협회 회원사현황 등재; 금융통계정보시스템 202603 기준 등재; 허가등록업종: 전문사모집합투자업, 투자자문업, 투자일임업"
am_amicus,아미쿠스자산운용,자산운용,아미쿠스자산운용|AMICUS Asset Management|AMICUSAssetManagement,"금감원 파인 제도권금융회사조회(https://fine.fss.or.kr/fine/fncco/systemFncCo/list.do?menuNo=900038) 2026-09-18; 금융통계정보시스템 202603 기준 등재; 허가등록업종: 일반사모집합투자업, 투자일임업"
am_asam,아샘자산운용,자산운용,아샘자산운용|ASAM Asset Management|ASAMAssetManagement,"금감원 파인 제도권금융회사조회(https://fine.fss.or.kr/fine/fncco/systemFncCo/list.do?menuNo=900038) 2026-09-18; 금융투자협회 회원사현황 등재; 금융통계정보시스템 202603 기준 등재; 허가등록업종: 전문사모집합투자업, 투자자문업, 투자일임업"
am_aseuteura,아스트라자산운용,자산운용,아스트라자산운용,"금감원 파인 제도권금융회사조회(https://fine.fss.or.kr/fine/fncco/systemFncCo/list.do?menuNo=900038) 2026-09-18; 금융투자협회 회원사현황 등재; 금융통계정보시스템 202603 기준 등재; 허가등록업종: 전문사모집합투자업, 투자자문업"
am_aurum,아우름자산운용,자산운용,아우름자산운용|Aurum Asset Management|AurumAssetManagement,"금감원 파인 제도권금융회사조회(https://fine.fss.or.kr/fine/fncco/systemFncCo/list.do?menuNo=900038) 2026-09-18; 금융투자협회 회원사현황 등재; 금융통계정보시스템 202603 기준 등재; 허가등록업종: 일반사모집합투자업, 투자자문업, 투자일임업"
am_owl,아울자산운용,자산운용,아울자산운용|OWL Asset Management|OWLAssetManagement,"금감원 파인 제도권금융회사조회(https://fine.fss.or.kr/fine/fncco/systemFncCo/list.do?menuNo=900038) 2026-09-18; 금융통계정보시스템 202603 기준 등재; 허가등록업종: 전문사모집합투자업, 투자자문업, 투자일임업"
am_iris,아이리스자산운용,자산운용,아이리스자산운용|IRIS Asset Management|IRISAssetManagement,금감원 파인 제도권금융회사조회(https://fine.fss.or.kr/fine/fncco/systemFncCo/list.do?menuNo=900038) 2026-09-18; 금융투자협회 회원사현황 등재; 금융통계정보시스템 202603 기준 등재; 허가등록업종: 전문사모집합투자업
am_ibpartners,아이비자산운용,자산운용,아이비자산운용|IB PARTNERS Asset Management|IBPARTNERSAssetManagement,금감원 파인 제도권금융회사조회(https://fine.fss.or.kr/fine/fncco/systemFncCo/list.do?menuNo=900038) 2026-09-18; 금융통계정보시스템 202603 기준 등재; 허가등록업종: 일반사모집합투자업
am_ibk,아이비케이자산운용,자산운용,아이비케이자산운용|IBK자산운용|IBK Asset Management|IBKAssetManagement,"금감원 파인 제도권금융회사조회(https://fine.fss.or.kr/fine/fncco/systemFncCo/list.do?menuNo=900038) 2026-09-18; 금융투자협회 회원사현황 등재; 금융통계정보시스템 202603 기준 등재; 허가등록업종: 집합투자업, 투자자문업, 투자일임업"
am_inj,아이앤제이자산운용,자산운용,아이앤제이자산운용|INJ Investment Management|INJInvestmentManagement,"금감원 파인 제도권금융회사조회(https://fine.fss.or.kr/fine/fncco/systemFncCo/list.do?menuNo=900038) 2026-09-18; 금융투자협회 회원사현황 등재; 금융통계정보시스템 202603 기준 등재; 허가등록업종: 전문사모집합투자업, 투자자문업, 투자일임업"
am_ink,아이앤케이투자자산운용,자산운용,아이앤케이투자자산운용|INK Asset Management|INKAssetManagement,"금감원 파인 제도권금융회사조회(https://fine.fss.or.kr/fine/fncco/systemFncCo/list.do?menuNo=900038) 2026-09-18; 금융통계정보시스템 202603 기준 등재; 허가등록업종: 전문사모집합투자업, 투자자문업"
am_aiemeset,아이엠에셋자산운용,자산운용,아이엠에셋자산운용|IM Asset Investment & Management|IMAssetInvestment&Management,금감원 파인 제도권금융회사조회(https://fine.fss.or.kr/fine/fncco/systemFncCo/list.do?menuNo=900038) 2026-09-18; 금융투자협회 회원사현황 등재; 금융통계정보시스템 202603 기준 등재; 허가등록업종: 자산운용업
am_imm,아이엠엠자산운용,자산운용,아이엠엠자산운용|IMM자산운용|IMM Asset Management|IMMAssetManagement,"금감원 파인 제도권금융회사조회(https://fine.fss.or.kr/fine/fncco/systemFncCo/list.do?menuNo=900038) 2026-09-18; 금융투자협회 회원사현황 등재; 금융통계정보시스템 202603 기준 등재; 허가등록업종: 일반사모집합투자업, 투자자문업; 파인 분류: 자산운용사/투자자문회사"
am_immcreditsolution,아이엠엠크레딧앤솔루션,자산운용,아이엠엠크레딧앤솔루션|IMM Credit & Solution|IMMCredit&Solution,금감원 파인 제도권금융회사조회(https://fine.fss.or.kr/fine/fncco/systemFncCo/list.do?menuNo=900038) 2026-09-18; 금융통계정보시스템 202603 기준 등재; 허가등록업종: 일반사모집합투자업
am_aion,아이온자산운용,자산운용,아이온자산운용|AION Asset Management|AIONAssetManagement,금감원 파인 제도권금융회사조회(https://fine.fss.or.kr/fine/fncco/systemFncCo/list.do?menuNo=900038) 2026-09-18; 금융통계정보시스템 202603 기준 등재; 허가등록업종: 전문사모집합투자업
am_itrust,아이트러스트자산운용,자산운용,아이트러스트자산운용|I Trust Asset Management|ITrustAssetManagement,"금감원 파인 제도권금융회사조회(https://fine.fss.or.kr/fine/fncco/systemFncCo/list.do?menuNo=900038) 2026-09-18; 금융투자협회 회원사현황 등재; 금융통계정보시스템 202603 기준 등재; 허가등록업종: 일반 사모집합투자업, 투자자문업, 투자일임업; 파인 분류: 자산운용사/투자일임회사/투자자문회사"
am_xai,아이파트너스자산운용,자산운용,아이파트너스자산운용,"금감원 파인 제도권금융회사조회(https://fine.fss.or.kr/fine/fncco/systemFncCo/list.do?menuNo=900038) 2026-09-18; 금융투자협회 회원사현황 등재; 금융통계정보시스템 202603 기준 등재; 허가등록업종: 전문사모집합투자업, 투자자문업"
am_ipm,아이피엠자산운용,자산운용,아이피엠자산운용|IPM Investment|IPMInvestment,"금감원 파인 제도권금융회사조회(https://fine.fss.or.kr/fine/fncco/systemFncCo/list.do?menuNo=900038) 2026-09-18; 금융투자협회 회원사현황 등재; 금융통계정보시스템 202603 기준 등재; 허가등록업종: 전문사모집합투자업, 투자자문업"
am_ajin,아진자산운용,자산운용,아진자산운용|Ajin Asset Management|AjinAssetManagement,"금감원 파인 제도권금융회사조회(https://fine.fss.or.kr/fine/fncco/systemFncCo/list.do?menuNo=900038) 2026-09-18; 금융투자협회 회원사현황 등재; 금융통계정보시스템 202603 기준 등재; 허가등록업종: 일반사모집합투자업, 투자자문업"
am_acmys,아크미스자산운용,자산운용,아크미스자산운용|Acmys Asset Management|AcmysAssetManagement,"금감원 파인 제도권금융회사조회(https://fine.fss.or.kr/fine/fncco/systemFncCo/list.do?menuNo=900038) 2026-09-18; 금융통계정보시스템 202603 기준 등재; 허가등록업종: 일반사모집합투자업, 투자자문업(5-1-1), 투자일임업(6-1-2)"
am_arkimpact,아크임팩트자산운용,자산운용,아크임팩트자산운용|ARK Impact Asset Management|ARKImpactAssetManagement,"금감원 파인 제도권금융회사조회(https://fine.fss.or.kr/fine/fncco/systemFncCo/list.do?menuNo=900038) 2026-09-18; 금융투자협회 회원사현황 등재; 금융통계정보시스템 202603 기준 등재; 허가등록업종: 전문사모집합투자업, 투자자문업, 투자일임업"
am_athena,아테나자산운용,자산운용,아테나자산운용|Athena Asset Management|AthenaAssetManagement,"금감원 파인 제도권금융회사조회(https://fine.fss.or.kr/fine/fncco/systemFncCo/list.do?menuNo=900038) 2026-09-18; 금융통계정보시스템 202603 기준 등재; 허가등록업종: 일반사모집합투자업, 투자자문업, 투자일임업; 파인 분류: 자산운용사/투자일임회사/투자자문회사"
am_atman,아트만자산운용,자산운용,아트만자산운용|Atman Asset Management|AtmanAssetManagement,"금감원 파인 제도권금융회사조회(https://fine.fss.or.kr/fine/fncco/systemFncCo/list.do?menuNo=900038) 2026-09-18; 금융투자협회 회원사현황 등재; 금융통계정보시스템 202603 기준 등재; 허가등록업종: 일반사모집합투자업, 투자자문업, 투자일임업; 파인 분류: 자산운용사/투자일임회사/투자자문회사"
am_ahha,아하에셋자산운용,자산운용,아하에셋자산운용|AHHA Asset Management|AHHAAssetManagement,"금감원 파인 제도권금융회사조회(https://fine.fss.or.kr/fine/fncco/systemFncCo/list.do?menuNo=900038) 2026-09-18; 금융통계정보시스템 202603 기준 등재; 허가등록업종: 전문사모집합투자업, 투자자문업"
am_andah,안다에이치자산운용,자산운용,안다에이치자산운용|ANDA H Asset Management|ANDAHAssetManagement,"금감원 파인 제도권금융회사조회(https://fine.fss.or.kr/fine/fncco/systemFncCo/list.do?menuNo=900038) 2026-09-18; 금융투자협회 회원사현황 등재; 금융통계정보시스템 202603 기준 등재; 허가등록업종: 일반 사모집합투자업, 투자일임업, 투자자문업"
am_anda,안다자산운용,자산운용,안다자산운용|Anda Asset Management|AndaAssetManagement,"금감원 파인 제도권금융회사조회(https://fine.fss.or.kr/fine/fncco/systemFncCo/list.do?menuNo=900038) 2026-09-18; 금융투자협회 회원사현황 등재; 금융통계정보시스템 202603 기준 등재; 허가등록업종: 자산운용업,투자자문일임업"
am_rwckorea,알더블유씨코리아자산운용,자산운용,알더블유씨코리아자산운용|RWC Korea Asset Management|RWCKoreaAssetManagement,"금감원 파인 제도권금융회사조회(https://fine.fss.or.kr/fine/fncco/systemFncCo/list.do?menuNo=900038) 2026-09-18; 허가등록업종: 일반 사모집합투자업, 투자일임업"
am_alder,알더인베스트먼트,자산운용,알더인베스트먼트|ALDER INVESTMENTS|ALDERINVESTMENTS,"금감원 파인 제도권금융회사조회(https://fine.fss.or.kr/fine/fncco/systemFncCo/list.do?menuNo=900038) 2026-09-18; 금융투자협회 회원사현황 등재; 금융통계정보시스템 202603 기준 등재; 허가등록업종: 투자자문업, 투자일임업, 전문사모집합투자업"
am_aldi,알디자산운용,자산운용,알디자산운용,금융통계정보시스템 202603 기준 등재; 파인 미등재(협회/FISIS에만 등재) — 등록 여부 재확인 필요
am_alceonkoreamanage,알세온코리아자산운용,자산운용,알세온코리아자산운용|Alceon Korea Asset Manage|AlceonKoreaAssetManage,금감원 파인 제도권금융회사조회(https://fine.fss.or.kr/fine/fncco/systemFncCo/list.do?menuNo=900038) 2026-09-18; 금융투자협회 회원사현황 등재; 금융통계정보시스템 202603 기준 등재; 허가등록업종: 전문사모집합투자업
am_alji,알지자산운용,자산운용,알지자산운용|RG Asset Management|RGAssetManagement,금감원 파인 제도권금융회사조회(https://fine.fss.or.kr/fine/fncco/systemFncCo/list.do?menuNo=900038) 2026-09-18; 금융투자협회 회원사현황 등재; 금융통계정보시스템 202603 기준 등재; 허가등록업종: 집합투자업
am_alphabetasset,알파벳자산운용,자산운용,알파벳자산운용|Alphabetasset Management|AlphabetassetManagement,금감원 파인 제도권금융회사조회(https://fine.fss.or.kr/fine/fncco/systemFncCo/list.do?menuNo=900038) 2026-09-18; 금융통계정보시스템 202603 기준 등재; 허가등록업종: 일반사모집합투자업
am_alpha,알파자산운용,자산운용,알파자산운용|Alpha Asset Management|AlphaAssetManagement,금감원 파인 제도권금융회사조회(https://fine.fss.or.kr/fine/fncco/systemFncCo/list.do?menuNo=900038) 2026-09-18; 금융투자협회 회원사현황 등재; 금융통계정보시스템 202603 기준 등재; 허가등록업종: 자산운용업
am_alphaplus,알파플러스자산운용,자산운용,알파플러스자산운용|Alpha Plus Asset Management|AlphaPlusAssetManagement,"금감원 파인 제도권금융회사조회(https://fine.fss.or.kr/fine/fncco/systemFncCo/list.do?menuNo=900038) 2026-09-18; 금융투자협회 회원사현황 등재; 금융통계정보시스템 202603 기준 등재; 허가등록업종: 전문사모집합투자업, 투자자문업"
am_alpen,알펜루트자산운용,자산운용,알펜루트자산운용|Alpenroute Asset Management|AlpenrouteAssetManagement,"금감원 파인 제도권금융회사조회(https://fine.fss.or.kr/fine/fncco/systemFncCo/list.do?menuNo=900038) 2026-09-18; 금융투자협회 회원사현황 등재; 금융통계정보시스템 202603 기준 등재; 허가등록업종: 전문사모집합투자업, 투자일임업, 투자자문업"
am_increase,앤도버자산운용,자산운용,앤도버자산운용|Increase,"금감원 파인 제도권금융회사조회(https://fine.fss.or.kr/fine/fncco/systemFncCo/list.do?menuNo=900038) 2026-09-18; 금융투자협회 회원사현황 등재; 금융통계정보시스템 202603 기준 등재; 허가등록업종: 전문사모집합투자업, 투자자문업, 투자일임업"
am_absolute,앱솔루트자산운용,자산운용,앱솔루트자산운용|Absolute Asset Management|AbsoluteAssetManagement,"금감원 파인 제도권금융회사조회(https://fine.fss.or.kr/fine/fncco/systemFncCo/list.do?menuNo=900038) 2026-09-18; 금융투자협회 회원사현황 등재; 금융통계정보시스템 202603 기준 등재; 허가등록업종: 전문사모집합투자업, 투자자문업, 투자일임업"
am_earning,어닝자산운용,자산운용,어닝자산운용|Earning Asset Management|EarningAssetManagement,금감원 파인 제도권금융회사조회(https://fine.fss.or.kr/fine/fncco/systemFncCo/list.do?menuNo=900038) 2026-09-18; 금융통계정보시스템 202603 기준 등재; 허가등록업종: 일반사모집합투자업
am_around,어라운드자산운용,자산운용,어라운드자산운용|Around Asset Management|AroundAssetManagement,"금감원 파인 제도권금융회사조회(https://fine.fss.or.kr/fine/fncco/systemFncCo/list.do?menuNo=900038) 2026-09-18; 금융통계정보시스템 202603 기준 등재; 허가등록업종: 일반 사모집합투자업, 투자일임업"
am_urban,어반자산운용,자산운용,어반자산운용|Urban Asset Management|UrbanAssetManagement,금감원 파인 제도권금융회사조회(https://fine.fss.or.kr/fine/fncco/systemFncCo/list.do?menuNo=900038) 2026-09-18; 금융통계정보시스템 202603 기준 등재; 허가등록업종: 일반 사모집합투자업
am_austin,어스틴자산운용,자산운용,어스틴자산운용|Austin Asset Management|AustinAssetManagement,"금감원 파인 제도권금융회사조회(https://fine.fss.or.kr/fine/fncco/systemFncCo/list.do?menuNo=900038) 2026-09-18; 금융투자협회 회원사현황 등재; 금융통계정보시스템 202603 기준 등재; 허가등록업종: 일반사모집합투자업, 투자자문업, 투자일임업; 파인 분류: 자산운용사/투자일임회사/투자자문회사"
am_awesome,어썸자산운용,자산운용,어썸자산운용|Awesome Asset Management|AwesomeAssetManagement,금감원 파인 제도권금융회사조회(https://fine.fss.or.kr/fine/fncco/systemFncCo/list.do?menuNo=900038) 2026-09-18; 금융통계정보시스템 202603 기준 등재; 허가등록업종: 일반사모집합투자업
am_affinapartners,어피나파트너스자산운용,자산운용,어피나파트너스자산운용|Affina partners asset management|Affinapartnersassetmanagement,금감원 파인 제도권금융회사조회(https://fine.fss.or.kr/fine/fncco/systemFncCo/list.do?menuNo=900038) 2026-09-18; 허가등록업종: 일반사모집합투자업
am_ab,얼라이언스번스틴자산운용,자산운용,얼라이언스번스틴자산운용|AB자산운용|AllianceBernstein Asset Management Korea|AllianceBernsteinAssetManagementKorea,금감원 파인 제도권금융회사조회(https://fine.fss.or.kr/fine/fncco/systemFncCo/list.do?menuNo=900038) 2026-09-18; 금융투자협회 회원사현황 등재; 금융통계정보시스템 202603 기준 등재; 허가등록업종: 집합투자업
am_align,얼라인파트너스자산운용,자산운용,얼라인파트너스자산운용|Align Partners Asset Management|AlignPartnersAssetManagement,금감원 파인 제도권금융회사조회(https://fine.fss.or.kr/fine/fncco/systemFncCo/list.do?menuNo=900038) 2026-09-18; 금융투자협회 회원사현황 등재; 금융통계정보시스템 202603 기준 등재; 허가등록업종: 전문사모집합투자업
am_alternative,얼터너티브투자자문자산운용,자산운용,얼터너티브투자자문자산운용|Alternative Asset Management|AlternativeAssetManagement,"금감원 파인 제도권금융회사조회(https://fine.fss.or.kr/fine/fncco/systemFncCo/list.do?menuNo=900038) 2026-09-18; 금융통계정보시스템 202603 기준 등재; 허가등록업종: 투자자문업, 전문사모집합투자업"
am_energyinfra,에너지인프라자산운용,자산운용,에너지인프라자산운용|Energy Infra Asset Management|EnergyInfraAssetManagement,금감원 파인 제도권금융회사조회(https://fine.fss.or.kr/fine/fncco/systemFncCo/list.do?menuNo=900038) 2026-09-18; 금융투자협회 회원사현황 등재; 금융통계정보시스템 202603 기준 등재; 허가등록업종: 전문사모집합투자업
am_assetplus,에셋플러스자산운용,자산운용,에셋플러스자산운용|Asset Plus Investment Management|AssetPlusInvestmentManagement,"금감원 파인 제도권금융회사조회(https://fine.fss.or.kr/fine/fncco/systemFncCo/list.do?menuNo=900038) 2026-09-18; 금융투자협회 회원사현황 등재; 금융통계정보시스템 202603 기준 등재; 허가등록업종: 집합투자업, 집합투자증권 투자매매업, 집합투자증권 투자중개업, 일반사모집합투자업, 투자일임업, 투자자문업"
am_eseubi,에스비자산운용,자산운용,에스비자산운용|SB Asset Management|SBAssetManagement,금감원 파인 제도권금융회사조회(https://fine.fss.or.kr/fine/fncco/systemFncCo/list.do?menuNo=900038) 2026-09-18; 금융통계정보시스템 202603 기준 등재; 허가등록업종: 전문사모집합투자업
am_eseuai,에스아이자산운용,자산운용,에스아이자산운용|SI Asset Management|SIAssetManagement,금감원 파인 제도권금융회사조회(https://fine.fss.or.kr/fine/fncco/systemFncCo/list.do?menuNo=900038) 2026-09-18; 금융통계정보시스템 202603 기준 등재; 허가등록업종: 일반사모집합투자업
am_eseuaenssi,에스앤씨자산운용,자산운용,에스앤씨자산운용|S&C Asset|S&CAsset,금감원 파인 제도권금융회사조회(https://fine.fss.or.kr/fine/fncco/systemFncCo/list.do?menuNo=900038) 2026-09-18; 금융통계정보시스템 202603 기준 등재; 허가등록업종: 일반 사모집합투자업
am_eseueseu,에스에스자산운용,자산운용,에스에스자산운용|SS Asset Management|SSAssetManagement,"금감원 파인 제도권금융회사조회(https://fine.fss.or.kr/fine/fncco/systemFncCo/list.do?menuNo=900038) 2026-09-18; 허가등록업종: 일반 사모집합투자업, 투자자문업, 투자일임업; 파인 분류: 투자일임회사/투자자문회사"
am_sh,에스에이치자산운용,자산운용,에스에이치자산운용|SH자산운용|OnGoose,금감원 파인 제도권금융회사조회(https://fine.fss.or.kr/fine/fncco/systemFncCo/list.do?menuNo=900038) 2026-09-18; 금융투자협회 회원사현황 등재; 금융통계정보시스템 202603 기준 등재; 허가등록업종: 전문사모집합투자업
am_slp,에스엘피자산운용,자산운용,에스엘피자산운용|SLP Asset Management|SLPAssetManagement,금감원 파인 제도권금융회사조회(https://fine.fss.or.kr/fine/fncco/systemFncCo/list.do?menuNo=900038) 2026-09-18; 금융통계정보시스템 202603 기준 등재; 허가등록업종: 전문사모집합투자업
am_sthamc,에스티엔에이치자산운용,자산운용,에스티엔에이치자산운용|ST&H AMC|ST&HAMC,금감원 파인 제도권금융회사조회(https://fine.fss.or.kr/fine/fncco/systemFncCo/list.do?menuNo=900038) 2026-09-18; 금융투자협회 회원사현황 등재; 금융통계정보시스템 202603 기준 등재; 허가등록업종: 전문사모집합투자업
am_eseuti,에스티자산운용,자산운용,에스티자산운용,금융통계정보시스템 202603 기준 등재; 파인 미등재(협회/FISIS에만 등재) — 등록 여부 재확인 필요
am_eseutipeuraibisekwoti,에스티프라이빗에쿼티운용,자산운용,에스티프라이빗에쿼티운용|ST Private Equity Management|STPrivateEquityManagement,금감원 파인 제도권금융회사조회(https://fine.fss.or.kr/fine/fncco/systemFncCo/list.do?menuNo=900038) 2026-09-18; 허가등록업종: 전문사모집합투자업
am_simonepartners,에스피자산운용,자산운용,에스피자산운용|Simone Partners Investments|SimonePartnersInvestments,"금감원 파인 제도권금융회사조회(https://fine.fss.or.kr/fine/fncco/systemFncCo/list.do?menuNo=900038) 2026-09-18; 금융투자협회 회원사현황 등재; 금융통계정보시스템 202603 기준 등재; 허가등록업종: 전문사모집합투자업, 투자일임업"
am_adf,에이디에프자산운용,자산운용,에이디에프자산운용|ADF Asset Management|ADFAssetManagement,금감원 파인 제도권금융회사조회(https://fine.fss.or.kr/fine/fncco/systemFncCo/list.do?menuNo=900038) 2026-09-18; 금융투자협회 회원사현황 등재; 금융통계정보시스템 202603 기준 등재; 허가등록업종: 집합투자업
am_arampartners,에이람파트너스,자산운용,에이람파트너스|AramPartners,금감원 파인 제도권금융회사조회(https://fine.fss.or.kr/fine/fncco/systemFncCo/list.do?menuNo=900038) 2026-09-18; 허가등록업종: 일반사모집합투자업
am_abp,에이비피자산운용,자산운용,에이비피자산운용|ABP Global Investments|ABPGlobalInvestments,"금감원 파인 제도권금융회사조회(https://fine.fss.or.kr/fine/fncco/systemFncCo/list.do?menuNo=900038) 2026-09-18; 금융투자협회 회원사현황 등재; 금융통계정보시스템 202603 기준 등재; 허가등록업종: 일반사모집합투자업, 투자자문업, 투자일임업"
am_aipartners,에이아이파트너스자산운용,자산운용,에이아이파트너스자산운용|AI Partners Asset Management|AIPartnersAssetManagement,금감원 파인 제도권금융회사조회(https://fine.fss.or.kr/fine/fncco/systemFncCo/list.do?menuNo=900038) 2026-09-18; 금융투자협회 회원사현황 등재; 금융통계정보시스템 202603 기준 등재; 허가등록업종: 전문사모집합투자업
am_eiaipi,에이아이피자산운용,자산운용,에이아이피자산운용,"금감원 파인 제도권금융회사조회(https://fine.fss.or.kr/fine/fncco/systemFncCo/list.do?menuNo=900038) 2026-09-18; 금융투자협회 회원사현황 등재; 금융통계정보시스템 202603 기준 등재; 허가등록업종: 집합투자업, 투자자문업, 투자일임업"
am_ara,에이알에이코리아자산운용,자산운용,에이알에이코리아자산운용|ARA코리아자산운용,금감원 파인 제도권금융회사조회(https://fine.fss.or.kr/fine/fncco/systemFncCo/list.do?menuNo=900038) 2026-09-18; 금융투자협회 회원사현황 등재; 금융통계정보시스템 202603 기준 등재; 허가등록업종: 전문사모집합투자업
am_afw,에이에프더블유자산운용,자산운용,에이에프더블유자산운용|AFW Asset Management|AFWAssetManagement,금감원 파인 제도권금융회사조회(https://fine.fss.or.kr/fine/fncco/systemFncCo/list.do?menuNo=900038) 2026-09-18; 금융투자협회 회원사현황 등재; 금융통계정보시스템 202603 기준 등재; 허가등록업종: 일반사모집합투자업
am_ams,에이엠에스자산운용,자산운용,에이엠에스자산운용|AMS Asset Management|AMSAssetManagement,"금감원 파인 제도권금융회사조회(https://fine.fss.or.kr/fine/fncco/systemFncCo/list.do?menuNo=900038) 2026-09-18; 허가등록업종: 전문사모집합투자업, 투자자문업"
am_aall,에이올자산운용,자산운용,에이올자산운용|A all Asset Management|AallAssetManagement,"금감원 파인 제도권금융회사조회(https://fine.fss.or.kr/fine/fncco/systemFncCo/list.do?menuNo=900038) 2026-09-18; 금융통계정보시스템 202603 기준 등재; 허가등록업종: 일반사모집합투자업, 투자일임업; 파인 분류: 자산운용사/투자일임회사"
am_aone,에이원자산운용,자산운용,에이원자산운용|A ONE Asset Management|AONEAssetManagement,"금감원 파인 제도권금융회사조회(https://fine.fss.or.kr/fine/fncco/systemFncCo/list.do?menuNo=900038) 2026-09-18; 금융투자협회 회원사현황 등재; 금융통계정보시스템 202603 기준 등재; 허가등록업종: 투자자문업, 전문사모집합투자업"
am_hdc,에이치디씨자산운용,자산운용,에이치디씨자산운용|HDC자산운용|HDC자산운용주식회사,금감원 파인 제도권금융회사조회(https://fine.fss.or.kr/fine/fncco/systemFncCo/list.do?menuNo=900038) 2026-09-18; 금융투자협회 회원사현황 등재; 금융통계정보시스템 202603 기준 등재; 허가등록업종: 자산운용업
am_eichibi,에이치비자산운용,자산운용,에이치비자산운용|HB Asset Management|HBAssetManagement,금감원 파인 제도권금융회사조회(https://fine.fss.or.kr/fine/fncco/systemFncCo/list.do?menuNo=900038) 2026-09-18; 금융통계정보시스템 202603 기준 등재; 허가등록업종: 일반사모집합투자업
am_hstone,에이치스톤자산운용,자산운용,에이치스톤자산운용|H Stone Asset Management|HStoneAssetManagement,금감원 파인 제도권금융회사조회(https://fine.fss.or.kr/fine/fncco/systemFncCo/list.do?menuNo=900038) 2026-09-18; 금융통계정보시스템 202603 기준 등재; 허가등록업종: 일반사모집합투자업
am_eichial,에이치알자산운용,자산운용,에이치알자산운용|HR Asset Management|HRAssetManagement,"금감원 파인 제도권금융회사조회(https://fine.fss.or.kr/fine/fncco/systemFncCo/list.do?menuNo=900038) 2026-09-18; 금융투자협회 회원사현황 등재; 금융통계정보시스템 202603 기준 등재; 허가등록업종: 전문사모집합투자업, 투자자문업, 투자일임업"
am_hhr,에이치에이치알자산운용,자산운용,에이치에이치알자산운용|HHR Asset Management|HHRAssetManagement,"금감원 파인 제도권금융회사조회(https://fine.fss.or.kr/fine/fncco/systemFncCo/list.do?menuNo=900038) 2026-09-18; 금융투자협회 회원사현황 등재; 금융통계정보시스템 202603 기준 등재; 허가등록업종: 일반사모집합투자업, 투자자문업, 투자일임업; 파인 분류: 자산운용사/투자일임회사/투자자문회사"
am_hmalternative,에이치엠얼터너티브,자산운용,에이치엠얼터너티브|HM Alternative Asset Management|HMAlternativeAssetManagement,"금감원 파인 제도권금융회사조회(https://fine.fss.or.kr/fine/fncco/systemFncCo/list.do?menuNo=900038) 2026-09-18; 허가등록업종: 일반사모집합투자업, 투자일임업(6-1-2)"
am_eichiwon,에이치원자산운용,자산운용,에이치원자산운용|H1 Asset Management|H1AssetManagement,금감원 파인 제도권금융회사조회(https://fine.fss.or.kr/fine/fncco/systemFncCo/list.do?menuNo=900038) 2026-09-18; 금융통계정보시스템 202603 기준 등재; 허가등록업종: 전문사모집합투자업
am_hinvest,에이치자산운용,자산운용,에이치자산운용|H invest|Hinvest,"금감원 파인 제도권금융회사조회(https://fine.fss.or.kr/fine/fncco/systemFncCo/list.do?menuNo=900038) 2026-09-18; 금융투자협회 회원사현황 등재; 금융통계정보시스템 202603 기준 등재; 허가등록업종: 전문사모집합투자업, 투자자문업"
am_akpartners,에이케이파트너스자산운용,자산운용,에이케이파트너스자산운용|AK PARTNERS MANAGEMENT|AKPARTNERSMANAGEMENT,"금감원 파인 제도권금융회사조회(https://fine.fss.or.kr/fine/fncco/systemFncCo/list.do?menuNo=900038) 2026-09-18; 금융투자협회 회원사현황 등재; 금융통계정보시스템 202603 기준 등재; 허가등록업종: 자산운용업, 투자자문업, 투자일임업"
am_apex,에이펙스자산운용,자산운용,에이펙스자산운용|Apex Asset Management|ApexAssetManagement,"금감원 파인 제도권금융회사조회(https://fine.fss.or.kr/fine/fncco/systemFncCo/list.do?menuNo=900038) 2026-09-18; 금융투자협회 회원사현황 등재; 금융통계정보시스템 202603 기준 등재; 허가등록업종: 일반 사모집합투자업, 투자자문업, 투자일임업; 파인 분류: 자산운용사/투자일임회사/투자자문회사"
am_aplan,에이플랜자산운용,자산운용,에이플랜자산운용|Aplan Asset Management|AplanAssetManagement,금감원 파인 제도권금융회사조회(https://fine.fss.or.kr/fine/fncco/systemFncCo/list.do?menuNo=900038) 2026-09-18; 금융통계정보시스템 202603 기준 등재; 허가등록업종: 일반사모집합투자업
am_apcapitalkorea,에이피자산운용,자산운용,에이피자산운용|AP Capital Korea|APCapitalKorea,"금감원 파인 제도권금융회사조회(https://fine.fss.or.kr/fine/fncco/systemFncCo/list.do?menuNo=900038) 2026-09-18; 금융통계정보시스템 202603 기준 등재; 허가등록업종: 일반사모집합투자업, 투자일임업, 투자자문업; 파인 분류: 자산운용사/투자자문회사"
am_aims,에임즈자산운용,자산운용,에임즈자산운용|AIMS Asset Management|AIMSAssetManagement,"금감원 파인 제도권금융회사조회(https://fine.fss.or.kr/fine/fncco/systemFncCo/list.do?menuNo=900038) 2026-09-18; 금융투자협회 회원사현황 등재; 금융통계정보시스템 202603 기준 등재; 허가등록업종: 전문사모집합투자업, 투자자문업(5-1-1), 투자일임업(6-1-2)"
am_epeuel,에프엘자산운용,자산운용,에프엘자산운용|FL Asset Management|FLAssetManagement,금감원 파인 제도권금융회사조회(https://fine.fss.or.kr/fine/fncco/systemFncCo/list.do?menuNo=900038) 2026-09-18; 금융투자협회 회원사현황 등재; 금융통계정보시스템 202603 기준 등재; 허가등록업종: 전문사모집합투자업
am_exponential,엑스포넨셜자산운용,자산운용,엑스포넨셜자산운용|Exponential Investments|ExponentialInvestments,금감원 파인 제도권금융회사조회(https://fine.fss.or.kr/fine/fncco/systemFncCo/list.do?menuNo=900038) 2026-09-18; 금융투자협회 회원사현황 등재; 금융통계정보시스템 202603 기준 등재; 허가등록업종: 전문사모집합투자업
am_axiom,엑시엄자산운용,자산운용,엑시엄자산운용|AXIOM Asset Management|AXIOMAssetManagement,금감원 파인 제도권금융회사조회(https://fine.fss.or.kr/fine/fncco/systemFncCo/list.do?menuNo=900038) 2026-09-18; 금융통계정보시스템 202603 기준 등재; 허가등록업종: 일반사모집합투자업
am_enlighten,엔라이튼자산운용,자산운용,엔라이튼자산운용|EnLighten Asset Management|EnLightenAssetManagement,"금감원 파인 제도권금융회사조회(https://fine.fss.or.kr/fine/fncco/systemFncCo/list.do?menuNo=900038) 2026-09-18; 금융투자협회 회원사현황 등재; 금융통계정보시스템 202603 기준 등재; 허가등록업종: 일반사모집합투자업, 투자자문업, 투자일임업"
am_eneseu,엔에스자산운용,자산운용,엔에스자산운용|NS Asset Management|NSAssetManagement,"금감원 파인 제도권금융회사조회(https://fine.fss.or.kr/fine/fncco/systemFncCo/list.do?menuNo=900038) 2026-09-18; 금융통계정보시스템 202603 기준 등재; 허가등록업종: 일반사모집합투자업, 투자일임업"
am_nonghyupreits,엔에이치농협리츠운용,자산운용,엔에이치농협리츠운용|Nonghyup REITs Management|NonghyupREITsManagement,금감원 파인 제도권금융회사조회(https://fine.fss.or.kr/fine/fncco/systemFncCo/list.do?menuNo=900038) 2026-09-18; 금융통계정보시스템 202603 기준 등재; 허가등록업종: 전문사모집합투자업
am_nh_amundi,엔에이치아문디자산운용,자산운용,엔에이치아문디자산운용|NH아문디자산운용|NH-CA자산운용|NH-Amundi Asset Management|NH-AmundiAssetManagement,"금감원 파인 제도권금융회사조회(https://fine.fss.or.kr/fine/fncco/systemFncCo/list.do?menuNo=900038) 2026-09-18; 금융투자협회 회원사현황 등재; 금융통계정보시스템 202603 기준 등재; 허가등록업종: 투자자문업, 집합투자업"
am_nh_hedge,엔에이치헤지자산운용,자산운용,엔에이치헤지자산운용|NH Hedge Asset Management|NHHedgeAssetManagement,금감원 파인 제도권금융회사조회(https://fine.fss.or.kr/fine/fncco/systemFncCo/list.do?menuNo=900038) 2026-09-18; 금융투자협회 회원사현황 등재; 금융통계정보시스템 202603 기준 등재; 허가등록업종: 전문사모집합투자업
am_lb,엘비자산운용,자산운용,엘비자산운용|LB자산운용|LB Asset Management|LBAssetManagement,금감원 파인 제도권금융회사조회(https://fine.fss.or.kr/fine/fncco/systemFncCo/list.do?menuNo=900038) 2026-09-18; 금융투자협회 회원사현황 등재; 금융통계정보시스템 202603 기준 등재; 허가등록업종: 전문사모집합투자업
am_lhs,엘에이치에스자산운용,자산운용,엘에이치에스자산운용|LHS Asset Management|LHSAssetManagement,"금감원 파인 제도권금융회사조회(https://fine.fss.or.kr/fine/fncco/systemFncCo/list.do?menuNo=900038) 2026-09-18; 금융통계정보시스템 202603 기준 등재; 허가등록업종: 일반사모집합투자업, 투자일임업"
am_erepeu,엘에프자산운용,자산운용,엘에프자산운용|LF Asset Management|LFAssetManagement,금감원 파인 제도권금융회사조회(https://fine.fss.or.kr/fine/fncco/systemFncCo/list.do?menuNo=900038) 2026-09-18; 금융투자협회 회원사현황 등재; 금융통계정보시스템 202603 기준 등재; 허가등록업종: 전문사모집합투자업
am_erekseu,엘엑스자산운용,자산운용,엘엑스자산운용|LX Asset Management|LXAssetManagement,금감원 파인 제도권금융회사조회(https://fine.fss.or.kr/fine/fncco/systemFncCo/list.do?menuNo=900038) 2026-09-18; 금융통계정보시스템 202603 기준 등재; 허가등록업종: 전문사모집합투자업
am_lns,엘엔에스자산운용,자산운용,엘엔에스자산운용|LNS Asset|LNSAsset,"금감원 파인 제도권금융회사조회(https://fine.fss.or.kr/fine/fncco/systemFncCo/list.do?menuNo=900038) 2026-09-18; 금융투자협회 회원사현황 등재; 금융통계정보시스템 202603 기준 등재; 허가등록업종: 전문사모집합투자업, 투자자문업, 투자일임업"
am_elkei,엘케이자산운용,자산운용,엘케이자산운용|LK Investment Management|LKInvestmentManagement,"금감원 파인 제도권금융회사조회(https://fine.fss.or.kr/fine/fncco/systemFncCo/list.do?menuNo=900038) 2026-09-18; 금융투자협회 회원사현황 등재; 금융통계정보시스템 202603 기준 등재; 허가등록업종: 투자자문업, 투자일임업,전문사모집합투자업"
am_mdm,엠디엠자산운용,자산운용,엠디엠자산운용|MDM자산운용|MDM Asset Management|MDMAssetManagement,"금감원 파인 제도권금융회사조회(https://fine.fss.or.kr/fine/fncco/systemFncCo/list.do?menuNo=900038) 2026-09-18; 금융투자협회 회원사현황 등재; 금융통계정보시스템 202603 기준 등재; 허가등록업종: 일반사모집합투자업, 투자자문업"
am_mplus,엠플러스자산운용,자산운용,엠플러스자산운용|M Plus Investment Management|MPlusInvestmentManagement,"금감원 파인 제도권금융회사조회(https://fine.fss.or.kr/fine/fncco/systemFncCo/list.do?menuNo=900038) 2026-09-18; 금융투자협회 회원사현황 등재; 금융통계정보시스템 202603 기준 등재; 허가등록업종: 자산운용업, 투자자문업"
am_orion,오라이언자산운용,자산운용,오라이언자산운용|Orion,"금감원 파인 제도권금융회사조회(https://fine.fss.or.kr/fine/fncco/systemFncCo/list.do?menuNo=900038) 2026-09-18; 금융투자협회 회원사현황 등재; 금융통계정보시스템 202603 기준 등재; 허가등록업종: 전문사모집합투자업, 투자자문업"
am_orca,오르카자산운용,자산운용,오르카자산운용|ORCA Asset Management|ORCAAssetManagement,"금감원 파인 제도권금융회사조회(https://fine.fss.or.kr/fine/fncco/systemFncCo/list.do?menuNo=900038) 2026-09-18; 금융투자협회 회원사현황 등재; 금융통계정보시스템 202603 기준 등재; 허가등록업종: 일반사모집합투자업, 투자일임업; 파인 분류: 자산운용사/투자자문회사"
am_orum,오름자산운용,자산운용,오름자산운용|Orum Asset Management|OrumAssetManagement,"금감원 파인 제도권금융회사조회(https://fine.fss.or.kr/fine/fncco/systemFncCo/list.do?menuNo=900038) 2026-09-18; 금융투자협회 회원사현황 등재; 금융통계정보시스템 202603 기준 등재; 허가등록업종: 일반 사모집합투자업, 투자일임업"
am_oscar,오스카자산운용,자산운용,오스카자산운용|Oscar Asset Management|OscarAssetManagement,금감원 파인 제도권금융회사조회(https://fine.fss.or.kr/fine/fncco/systemFncCo/list.do?menuNo=900038) 2026-09-18; 금융통계정보시스템 202603 기준 등재; 허가등록업종: 일반사모집합투자업
am_oikos,오이코스자산운용,자산운용,오이코스자산운용|Oikos Asset Management|OikosAssetManagement,"금감원 파인 제도권금융회사조회(https://fine.fss.or.kr/fine/fncco/systemFncCo/list.do?menuNo=900038) 2026-09-18; 금융통계정보시스템 202603 기준 등재; 허가등록업종: 일반 사모집합투자업, 투자자문업; 파인 분류: 자산운용사/투자자문회사"
am_ohapartners,오하자산운용,자산운용,오하자산운용|Oha Partners|OhaPartners,금감원 파인 제도권금융회사조회(https://fine.fss.or.kr/fine/fncco/systemFncCo/list.do?menuNo=900038) 2026-09-18; 금융투자협회 회원사현황 등재; 금융통계정보시스템 202603 기준 등재; 허가등록업종: 전문사모집합투자업
am_optuseu,옵투스자산운용,자산운용,옵투스자산운용,"금감원 파인 제도권금융회사조회(https://fine.fss.or.kr/fine/fncco/systemFncCo/list.do?menuNo=900038) 2026-09-18; 금융통계정보시스템 202603 기준 등재; 허가등록업종: 전문사모 집합투자업, 투자자문업, 투자일임업"
am_logisvalley,와이드크릭자산운용,자산운용,와이드크릭자산운용|Logisvalley,금감원 파인 제도권금융회사조회(https://fine.fss.or.kr/fine/fncco/systemFncCo/list.do?menuNo=900038) 2026-09-18; 금융투자협회 회원사현황 등재; 금융통계정보시스템 202603 기준 등재; 허가등록업종: 전문사모집합투자업
am_waissi,와이씨자산운용,자산운용,와이씨자산운용|YC Asset Management|YCAssetManagement,"금감원 파인 제도권금융회사조회(https://fine.fss.or.kr/fine/fncco/systemFncCo/list.do?menuNo=900038) 2026-09-18; 금융통계정보시스템 202603 기준 등재; 허가등록업종: 일반사모집합투자업, 투자자문업, 투자일임업; 파인 분류: 자산운용사/투자일임회사/투자자문회사"
am_ynp,와이앤피자산운용,자산운용,와이앤피자산운용|YNP Asset Management|YNPAssetManagement,금감원 파인 제도권금융회사조회(https://fine.fss.or.kr/fine/fncco/systemFncCo/list.do?menuNo=900038) 2026-09-18; 금융투자협회 회원사현황 등재; 금융통계정보시스템 202603 기준 등재; 허가등록업종: 전문사모집합투자업
am_wisemen,와이즈먼자산운용,자산운용,와이즈먼자산운용|WiseMen Investment Management|WiseMenInvestmentManagement,금감원 파인 제도권금융회사조회(https://fine.fss.or.kr/fine/fncco/systemFncCo/list.do?menuNo=900038) 2026-09-18; 금융투자협회 회원사현황 등재; 금융통계정보시스템 202603 기준 등재; 허가등록업종: 일반사모집합투자업
am_waikei,와이케이자산운용,자산운용,와이케이자산운용|YK Asset Management|YKAssetManagement,"금감원 파인 제도권금융회사조회(https://fine.fss.or.kr/fine/fncco/systemFncCo/list.do?menuNo=900038) 2026-09-18; 금융투자협회 회원사현황 등재; 금융통계정보시스템 202603 기준 등재; 허가등록업종: 전문사모집합투자업, 투자자문업"
am_iovis,요위스자산운용,자산운용,요위스자산운용|Iovis Asset Management|IovisAssetManagement,"금감원 파인 제도권금융회사조회(https://fine.fss.or.kr/fine/fncco/systemFncCo/list.do?menuNo=900038) 2026-09-18; 금융통계정보시스템 202603 기준 등재; 허가등록업종: 일반사모집합투자업, 투자자문업; 파인 분류: 자산운용사/투자자문회사"
am_woori,우리자산운용,자산운용,우리자산운용|ABL글로벌자산운용|Tong Yang Asset Management|TongYangAssetManagement,금감원 파인 제도권금융회사조회(https://fine.fss.or.kr/fine/fncco/systemFncCo/list.do?menuNo=900038) 2026-09-18; 금융투자협회 회원사현황 등재; 금융통계정보시스템 202603 기준 등재; 허가등록업종: 자산운용업
am_woori_pe,우리프라이빗에퀴티자산운용,자산운용,우리프라이빗에퀴티자산운용|우리PE자산운용|Woori Private Equity Asset Management|WooriPrivateEquityAssetManagement,금감원 파인 제도권금융회사조회(https://fine.fss.or.kr/fine/fncco/systemFncCo/list.do?menuNo=900038) 2026-09-18; 금융투자협회 회원사현황 등재; 금융통계정보시스템 202603 기준 등재; 허가등록업종: 전문사모집합투자업
am_usia,우시아자산운용,자산운용,우시아자산운용|GQ Asset Management|GQAssetManagement,"금감원 파인 제도권금융회사조회(https://fine.fss.or.kr/fine/fncco/systemFncCo/list.do?menuNo=900038) 2026-09-18; 허가등록업종: 전문사모집합투자업, 투자자문업"
am_wooyoung,우영자산운용,자산운용,우영자산운용|Wooyoung Asset Management|WooyoungAssetManagement,금감원 파인 제도권금융회사조회(https://fine.fss.or.kr/fine/fncco/systemFncCo/list.do?menuNo=900038) 2026-09-18; 금융투자협회 회원사현황 등재; 금융통계정보시스템 202603 기준 등재; 허가등록업종: 일반 사모집합투자업
am_oneeighthmangement,원에이츠자산운용,자산운용,원에이츠자산운용|One Eighth Asset Mangement|OneEighthAssetMangement,"금감원 파인 제도권금융회사조회(https://fine.fss.or.kr/fine/fncco/systemFncCo/list.do?menuNo=900038) 2026-09-18; 금융통계정보시스템 202603 기준 등재; 허가등록업종: 일반사모집합투자업, 투자자문업"
am_one,원자산운용,자산운용,원자산운용|One Asset Management|OneAssetManagement,"금감원 파인 제도권금융회사조회(https://fine.fss.or.kr/fine/fncco/systemFncCo/list.do?menuNo=900038) 2026-09-18; 금융투자협회 회원사현황 등재; 금융통계정보시스템 202603 기준 등재; 허가등록업종: 전문사모집합투자업, 투자일임업"
am_walnut,월넛자산운용,자산운용,월넛자산운용|Walnut Investment Management|WalnutInvestmentManagement,"금감원 파인 제도권금융회사조회(https://fine.fss.or.kr/fine/fncco/systemFncCo/list.do?menuNo=900038) 2026-09-18; 금융투자협회 회원사현황 등재; 금융통계정보시스템 202603 기준 등재; 허가등록업종: 일반 사모집합투자업, 투자자문업, 투자일임업"
am_wellbridge,웰브릿지자산운용,자산운용,웰브릿지자산운용|Wellbridge Asset Management|WellbridgeAssetManagement,금감원 파인 제도권금융회사조회(https://fine.fss.or.kr/fine/fncco/systemFncCo/list.do?menuNo=900038) 2026-09-18; 금융통계정보시스템 202603 기준 등재; 허가등록업종: 전문사모집합투자업
am_wealth,웰스자산운용,자산운용,웰스자산운용|Wealth Asset Management|WealthAssetManagement,"금감원 파인 제도권금융회사조회(https://fine.fss.or.kr/fine/fncco/systemFncCo/list.do?menuNo=900038) 2026-09-18; 금융투자협회 회원사현황 등재; 금융통계정보시스템 202603 기준 등재; 허가등록업종: 전문사모집합투자업, 투자자문업, 투자일임업; 파인 분류: 자산운용사/투자자문회사"
am_welcome,웰컴자산운용,자산운용,웰컴자산운용|Welcome Asset Management Corporation|WelcomeAssetManagementCorporation,"금감원 파인 제도권금융회사조회(https://fine.fss.or.kr/fine/fncco/systemFncCo/list.do?menuNo=900038) 2026-09-18; 금융투자협회 회원사현황 등재; 금융통계정보시스템 202603 기준 등재; 허가등록업종: 집합투자업, 투자자문업, 투자일임업"
am_winners,위너스자산운용,자산운용,위너스자산운용|Winners Investment Management|WinnersInvestmentManagement,금감원 파인 제도권금융회사조회(https://fine.fss.or.kr/fine/fncco/systemFncCo/list.do?menuNo=900038) 2026-09-18; 금융투자협회 회원사현황 등재; 금융통계정보시스템 202603 기준 등재; 허가등록업종: 일반 사모집합투자업
am_withplus,위드플러스자산운용,자산운용,위드플러스자산운용|WITH PLUS Asset Management|WITHPLUSAssetManagement,"금감원 파인 제도권금융회사조회(https://fine.fss.or.kr/fine/fncco/systemFncCo/list.do?menuNo=900038) 2026-09-18; 금융통계정보시스템 202603 기준 등재; 허가등록업종: 일반사모집합투자업, 투자자문업, 투자일임업"
am_wevest,위베스트자산운용,자산운용,위베스트자산운용|WEVEST ASSET MANAGEMENT|WEVESTASSETMANAGEMENT,금감원 파인 제도권금융회사조회(https://fine.fss.or.kr/fine/fncco/systemFncCo/list.do?menuNo=900038) 2026-09-18; 금융투자협회 회원사현황 등재; 금융통계정보시스템 202603 기준 등재; 허가등록업종: 전문사모집합투자업
am_wesol,위솔자산운용,자산운용,위솔자산운용|We Sol Asset Management|WeSolAssetManagement,"금감원 파인 제도권금융회사조회(https://fine.fss.or.kr/fine/fncco/systemFncCo/list.do?menuNo=900038) 2026-09-18; 금융투자협회 회원사현황 등재; 금융통계정보시스템 202603 기준 등재; 허가등록업종: 일반사모집합투자업, 투자자문업"
am_weplus,위플러스자산운용,자산운용,위플러스자산운용|We Plus Asset Management Corporation|WePlusAssetManagementCorporation,금감원 파인 제도권금융회사조회(https://fine.fss.or.kr/fine/fncco/systemFncCo/list.do?menuNo=900038) 2026-09-18; 금융투자협회 회원사현황 등재; 금융통계정보시스템 202603 기준 등재; 허가등록업종: 집합투자업(특별자산 집합투자기구)
am_yookyung,유경피에스지자산운용,자산운용,유경피에스지자산운용|유경PSG자산운용|RYUKYUNGPSG Asset Management|RYUKYUNGPSGAssetManagement,금감원 파인 제도권금융회사조회(https://fine.fss.or.kr/fine/fncco/systemFncCo/list.do?menuNo=900038) 2026-09-18; 금융투자협회 회원사현황 등재; 금융통계정보시스템 202603 기준 등재; 허가등록업종: 자산운용업
am_unitedpartners,유나이티드파트너스자산운용,자산운용,유나이티드파트너스자산운용|United Partners Asset Management|UnitedPartnersAssetManagement,금감원 파인 제도권금융회사조회(https://fine.fss.or.kr/fine/fncco/systemFncCo/list.do?menuNo=900038) 2026-09-18; 금융투자협회 회원사현황 등재; 금융통계정보시스템 202603 기준 등재; 허가등록업종: 전문사모집합투자업
am_unistory,유니스토리자산운용,자산운용,유니스토리자산운용|Unistory Asset Management|UnistoryAssetManagement,"금감원 파인 제도권금융회사조회(https://fine.fss.or.kr/fine/fncco/systemFncCo/list.do?menuNo=900038) 2026-09-18; 금융투자협회 회원사현황 등재; 금융통계정보시스템 202603 기준 등재; 허가등록업종: 전문사모집합투자업, 투자자문업, 투자일임업"
am_uniq,유니크자산운용,자산운용,유니크자산운용|UniQ Asset Management|UniQAssetManagement,금감원 파인 제도권금융회사조회(https://fine.fss.or.kr/fine/fncco/systemFncCo/list.do?menuNo=900038) 2026-09-18; 금융통계정보시스템 202603 기준 등재; 파인 분류: 자산운용사/투자자문회사
am_yurie,유리자산운용,자산운용,유리자산운용|Yurie Asset Management|YurieAssetManagement,금감원 파인 제도권금융회사조회(https://fine.fss.or.kr/fine/fncco/systemFncCo/list.do?menuNo=900038) 2026-09-18; 금융투자협회 회원사현황 등재; 금융통계정보시스템 202603 기준 등재; 허가등록업종: 자산운용업
am_eugene,유진자산운용,자산운용,유진자산운용|Hanil Investment Trust Management|HanilInvestmentTrustManagement,금감원 파인 제도권금융회사조회(https://fine.fss.or.kr/fine/fncco/systemFncCo/list.do?menuNo=900038) 2026-09-18; 금융투자협회 회원사현황 등재; 금융통계정보시스템 202603 기준 등재; 허가등록업종: 자산운용업
am_yupi,유피자산운용,자산운용,유피자산운용|UP Asset Management|UPAssetManagement,"금감원 파인 제도권금융회사조회(https://fine.fss.or.kr/fine/fncco/systemFncCo/list.do?menuNo=900038) 2026-09-18; 금융통계정보시스템 202603 기준 등재; 허가등록업종: 일반 사모집합투자업, 투자일임업"
am_eutteum,으뜸자산운용,자산운용,으뜸자산운용|Eutteum Asset Management|EutteumAssetManagement,"금감원 파인 제도권금융회사조회(https://fine.fss.or.kr/fine/fncco/systemFncCo/list.do?menuNo=900038) 2026-09-18; 금융투자협회 회원사현황 등재; 금융통계정보시스템 202603 기준 등재; 허가등록업종: 일반 사모집합투자업, 투자일임업, 투자자문업; 파인 분류: 자산운용사/투자일임회사/투자자문회사"
am_ega,이가자산운용,자산운용,이가자산운용|Ega Asset Management|EgaAssetManagement,금감원 파인 제도권금융회사조회(https://fine.fss.or.kr/fine/fncco/systemFncCo/list.do?menuNo=900038) 2026-09-18; 금융투자협회 회원사현황 등재; 금융통계정보시스템 202603 기준 등재; 허가등록업종: 일반사모집합투자업
am_yido,이도자산운용,자산운용,이도자산운용|YIDO ASSET MANAGEMENT|YIDOASSETMANAGEMENT,금감원 파인 제도권금융회사조회(https://fine.fss.or.kr/fine/fncco/systemFncCo/list.do?menuNo=900038) 2026-09-18; 금융투자협회 회원사현황 등재; 금융통계정보시스템 202603 기준 등재; 허가등록업종: 일반 사모집합투자업
am_edn,이든자산운용,자산운용,이든자산운용|Edn Investment Management|EdnInvestmentManagement,금감원 파인 제도권금융회사조회(https://fine.fss.or.kr/fine/fncco/systemFncCo/list.do?menuNo=900038) 2026-09-18; 금융투자협회 회원사현황 등재; 금융통계정보시스템 202603 기준 등재; 허가등록업종: 전문사모집합투자업
am_iroo,이루자산운용,자산운용,이루자산운용|Iroo Asset Management|IrooAssetManagement,금감원 파인 제도권금융회사조회(https://fine.fss.or.kr/fine/fncco/systemFncCo/list.do?menuNo=900038) 2026-09-18; 금융통계정보시스템 202603 기준 등재; 허가등록업종: 일반사모집합투자업
am_erum,이룸자산운용,자산운용,이룸자산운용|ERUM Asset Management|ERUMAssetManagement,금감원 파인 제도권금융회사조회(https://fine.fss.or.kr/fine/fncco/systemFncCo/list.do?menuNo=900038) 2026-09-18; 금융통계정보시스템 202603 기준 등재; 허가등록업종: 일반사모집합투자업
am_iseuteuudeu,이스트우드자산운용,자산운용,이스트우드자산운용,금융투자협회 회원사현황 등재; 금융통계정보시스템 202603 기준 등재; 파인 미등재(협회/FISIS에만 등재) — 등록 여부 재확인 필요
am_eip,이아이피자산운용,자산운용,이아이피자산운용|EIP Asset Management|EIPAssetManagement,"금감원 파인 제도권금융회사조회(https://fine.fss.or.kr/fine/fncco/systemFncCo/list.do?menuNo=900038) 2026-09-18; 금융투자협회 회원사현황 등재; 금융통계정보시스템 202603 기준 등재; 허가등록업종: 전문사모집합투자업, 투자일임업"
am_iei,이에이자산운용,자산운용,이에이자산운용|EA Asset Management|EAAssetManagement,금감원 파인 제도권금융회사조회(https://fine.fss.or.kr/fine/fncco/systemFncCo/list.do?menuNo=900038) 2026-09-18; 금융통계정보시스템 202603 기준 등재; 허가등록업종: 일반 사모집합투자업
am_eos,이오스자산운용,자산운용,이오스자산운용|Eos Asset Management|EosAssetManagement,금감원 파인 제도권금융회사조회(https://fine.fss.or.kr/fine/fncco/systemFncCo/list.do?menuNo=900038) 2026-09-18; 금융통계정보시스템 202603 기준 등재; 허가등록업종: 일반 사모집합투자업
am_igis_real,이지스리얼에셋투자운용,자산운용,이지스리얼에셋투자운용|IGIS Real Assets Investments|IGISRealAssetsInvestments,금감원 파인 제도권금융회사조회(https://fine.fss.or.kr/fine/fncco/systemFncCo/list.do?menuNo=900038) 2026-09-18; 금융투자협회 회원사현황 등재; 금융통계정보시스템 202603 기준 등재; 허가등록업종: 전문사모집합투자업
am_igis_x,이지스엑스자산운용,자산운용,이지스엑스자산운용|IGIS X Asset Management|IGISXAssetManagement,금감원 파인 제도권금융회사조회(https://fine.fss.or.kr/fine/fncco/systemFncCo/list.do?menuNo=900038) 2026-09-18; 금융투자협회 회원사현황 등재; 금융통계정보시스템 202603 기준 등재; 허가등록업종: 전문사모집합투자업
am_igis,이지스자산운용,자산운용,이지스자산운용|IGIS Asset Management|IGISAssetManagement,"금감원 파인 제도권금융회사조회(https://fine.fss.or.kr/fine/fncco/systemFncCo/list.do?menuNo=900038) 2026-09-18; 금융투자협회 회원사현황 등재; 금융통계정보시스템 202603 기준 등재; 허가등록업종: 집합투자업, 집합투자증권 투자매매업, 투자자문업, 일반사모집합투자업"
am_ehyunpartners,이현자산운용,자산운용,이현자산운용|Ehyun Partners|EhyunPartners,"금감원 파인 제도권금융회사조회(https://fine.fss.or.kr/fine/fncco/systemFncCo/list.do?menuNo=900038) 2026-09-18; 금융투자협회 회원사현황 등재; 금융통계정보시스템 202603 기준 등재; 허가등록업종: 일반사모집합투자업, 투자일임업, 투자자문업"
am_rifa,이화자산운용,자산운용,이화자산운용|Rifa Asset Management|RifaAssetManagement,"금감원 파인 제도권금융회사조회(https://fine.fss.or.kr/fine/fncco/systemFncCo/list.do?menuNo=900038) 2026-09-18; 금융투자협회 회원사현황 등재; 금융통계정보시스템 202603 기준 등재; 허가등록업종: 집합투자업, 일반사모집합투자업, 투자자문업"
am_inmark,인마크자산운용,자산운용,인마크자산운용|Inmark Asset Management|InmarkAssetManagement,금감원 파인 제도권금융회사조회(https://fine.fss.or.kr/fine/fncco/systemFncCo/list.do?menuNo=900038) 2026-09-18; 금융투자협회 회원사현황 등재; 금융통계정보시스템 202603 기준 등재; 허가등록업종: 전문사모집합투자업
am_invexcapital,인벡스자산운용,자산운용,인벡스자산운용|Invex Capital Management|InvexCapitalManagement,"금감원 파인 제도권금융회사조회(https://fine.fss.or.kr/fine/fncco/systemFncCo/list.do?menuNo=900038) 2026-09-18; 금융투자협회 회원사현황 등재; 금융통계정보시스템 202603 기준 등재; 허가등록업종: 전문사모집합투자업, 투자자문업, 투자일임업"
am_insight,인사이트자산운용,자산운용,인사이트자산운용|Insight Asset Management|InsightAssetManagement,"금감원 파인 제도권금융회사조회(https://fine.fss.or.kr/fine/fncco/systemFncCo/list.do?menuNo=900038) 2026-09-18; 금융투자협회 회원사현황 등재; 금융통계정보시스템 202603 기준 등재; 허가등록업종: 일반 사모집합투자업, 투자자문업, 투자일임업"
am_interlacemanagemnet,인터레이스자산운용,자산운용,인터레이스자산운용|Interlace Asset Managemnet|InterlaceAssetManagemnet,"금감원 파인 제도권금융회사조회(https://fine.fss.or.kr/fine/fncco/systemFncCo/list.do?menuNo=900038) 2026-09-18; 금융통계정보시스템 202603 기준 등재; 허가등록업종: 일반사모집합투자업, 투자일임업"
am_intrus,인트러스투자운용,자산운용,인트러스투자운용|INTRUS Investment Management|INTRUSInvestmentManagement,금감원 파인 제도권금융회사조회(https://fine.fss.or.kr/fine/fncco/systemFncCo/list.do?menuNo=900038) 2026-09-18; 금융투자협회 회원사현황 등재; 금융통계정보시스템 202603 기준 등재; 허가등록업종: 전문사모집합투자업
am_infrafrontier,인프라프론티어자산운용,자산운용,인프라프론티어자산운용|Infra Frontier Asset Management|InfraFrontierAssetManagement,금감원 파인 제도권금융회사조회(https://fine.fss.or.kr/fine/fncco/systemFncCo/list.do?menuNo=900038) 2026-09-18; 금융통계정보시스템 202603 기준 등재; 허가등록업종: 일반 사모집합투자업
am_infinity,인피니티글로벌자산운용,자산운용,인피니티글로벌자산운용|Infinity Global Asset Management|InfinityGlobalAssetManagement,금감원 파인 제도권금융회사조회(https://fine.fss.or.kr/fine/fncco/systemFncCo/list.do?menuNo=900038) 2026-09-18; 금융통계정보시스템 202603 기준 등재; 허가등록업종: 일반사모집합투자업
am_jarvis,자비스자산운용,자산운용,자비스자산운용|JARVIS Asset Management|JARVISAssetManagement,금감원 파인 제도권금융회사조회(https://fine.fss.or.kr/fine/fncco/systemFncCo/list.do?menuNo=900038) 2026-09-18; 금융투자협회 회원사현황 등재; 금융통계정보시스템 202603 기준 등재; 허가등록업종: 일반사모집합투자업
am_partnershyun,자산운용 현,자산운용,자산운용 현|자산운용현|Partners HYUN|PartnersHYUN,금감원 파인 제도권금융회사조회(https://fine.fss.or.kr/fine/fncco/systemFncCo/list.do?menuNo=900038) 2026-09-18; 금융투자협회 회원사현황 등재; 금융통계정보시스템 202603 기준 등재; 허가등록업종: 전문사모집합투자업
am_jin,자산운용진,자산운용,자산운용진|Asset Management JIN|AssetManagementJIN,"금감원 파인 제도권금융회사조회(https://fine.fss.or.kr/fine/fncco/systemFncCo/list.do?menuNo=900038) 2026-09-18; 금융투자협회 회원사현황 등재; 금융통계정보시스템 202603 기준 등재; 허가등록업종: 일반사모집합투자업, 투자자문업, 투자일임업; 파인 분류: 자산운용사/투자일임회사/투자자문회사"
am_jaewon,재원자산운용,자산운용,재원자산운용,금융통계정보시스템 202603 기준 등재; 파인 미등재(협회/FISIS에만 등재) — 등록 여부 재확인 필요
am_jeniseu,제니스자산운용,자산운용,제니스자산운용,금감원 파인 제도권금융회사조회(https://fine.fss.or.kr/fine/fncco/systemFncCo/list.do?menuNo=900038) 2026-09-18; 금융통계정보시스템 202603 기준 등재; 허가등록업종: 전문사모집합투자업
am_zebra,제브라자산운용,자산운용,제브라자산운용|Zebra Asset Management|ZebraAssetManagement,"금감원 파인 제도권금융회사조회(https://fine.fss.or.kr/fine/fncco/systemFncCo/list.do?menuNo=900038) 2026-09-18; 금융투자협회 회원사현황 등재; 금융통계정보시스템 202603 기준 등재; 허가등록업종: 일반 사모집합투자업, 투자일임업"
am_habitus,제이더블유자산운용,자산운용,제이더블유자산운용|Habitus Asset Management|HabitusAssetManagement,금감원 파인 제도권금융회사조회(https://fine.fss.or.kr/fine/fncco/systemFncCo/list.do?menuNo=900038) 2026-09-18; 금융투자협회 회원사현황 등재; 금융통계정보시스템 202603 기준 등재; 허가등록업종: 전문사모집합투자업
am_jade,제이드자산운용,자산운용,제이드자산운용|Jade Asset Management|JadeAssetManagement,"금감원 파인 제도권금융회사조회(https://fine.fss.or.kr/fine/fncco/systemFncCo/list.do?menuNo=900038) 2026-09-18; 금융통계정보시스템 202603 기준 등재; 허가등록업종: 일반사모집합투자업, 투자자문업, 투자일임업"
am_jeibi,제이비자산운용,자산운용,제이비자산운용|JB Asset Management|JBAssetManagement,금감원 파인 제도권금융회사조회(https://fine.fss.or.kr/fine/fncco/systemFncCo/list.do?menuNo=900038) 2026-09-18; 금융투자협회 회원사현황 등재; 금융통계정보시스템 202603 기준 등재; 허가등록업종: 자산운용업
am_jeissieset,제이씨에셋자산운용,자산운용,제이씨에셋자산운용|JC Asset|JCAsset,금감원 파인 제도권금융회사조회(https://fine.fss.or.kr/fine/fncco/systemFncCo/list.do?menuNo=900038) 2026-09-18; 금융투자협회 회원사현황 등재; 금융통계정보시스템 202603 기준 등재; 허가등록업종: 전문사모집합투자업
am_jr,제이알투자운용,자산운용,제이알투자운용|JR투자운용|J-R AMC|J-RAMC,금감원 파인 제도권금융회사조회(https://fine.fss.or.kr/fine/fncco/systemFncCo/list.do?menuNo=900038) 2026-09-18; 금융투자협회 회원사현황 등재; 금융통계정보시스템 202603 기준 등재; 허가등록업종: 전문사모집합투자업
am_jeiaenjei,제이앤제이자산운용,자산운용,제이앤제이자산운용,금감원 파인 제도권금융회사조회(https://fine.fss.or.kr/fine/fncco/systemFncCo/list.do?menuNo=900038) 2026-09-18; 금융통계정보시스템 202603 기준 등재; 허가등록업종: 일반 사모집합투자업
am_jhconsultant,제이에이치자산운용,자산운용,제이에이치자산운용|JH Consultant|JHConsultant,금감원 파인 제도권금융회사조회(https://fine.fss.or.kr/fine/fncco/systemFncCo/list.do?menuNo=900038) 2026-09-18; 금융통계정보시스템 202603 기준 등재; 허가등록업종: 전문사모집합투자업
am_jmc,제이엠씨자산운용,자산운용,제이엠씨자산운용|JMC ASSET MANAGEMENT|JMCASSETMANAGEMENT,금감원 파인 제도권금융회사조회(https://fine.fss.or.kr/fine/fncco/systemFncCo/list.do?menuNo=900038) 2026-09-18; 금융투자협회 회원사현황 등재; 허가등록업종: 전문사모집합투자업
am_jei,제이자산운용,자산운용,제이자산운용|J Asset Management|JAssetManagement,금감원 파인 제도권금융회사조회(https://fine.fss.or.kr/fine/fncco/systemFncCo/list.do?menuNo=900038) 2026-09-18; 금융통계정보시스템 202603 기준 등재; 허가등록업종: 일반 사모집합투자업
am_jcurve,제이커브자산운용,자산운용,제이커브자산운용|J curve Asset Management|JcurveAssetManagement,"금감원 파인 제도권금융회사조회(https://fine.fss.or.kr/fine/fncco/systemFncCo/list.do?menuNo=900038) 2026-09-18; 금융통계정보시스템 202603 기준 등재; 허가등록업종: 일반 사모집합투자업, 투자자문업"
am_jeipieset,제이피에셋자산운용,자산운용,제이피에셋자산운용|JP Asset corporation|JPAssetcorporation,"금감원 파인 제도권금융회사조회(https://fine.fss.or.kr/fine/fncco/systemFncCo/list.do?menuNo=900038) 2026-09-18; 금융투자협회 회원사현황 등재; 금융통계정보시스템 202603 기준 등재; 허가등록업종: 집합투자업, 전문사모집합투자업, 투자자문업"
am_join,조인에셋글로벌자산운용,자산운용,조인에셋글로벌자산운용|JOIN ASSET Global Asset Management|JOINASSETGlobalAssetManagement,"금감원 파인 제도권금융회사조회(https://fine.fss.or.kr/fine/fncco/systemFncCo/list.do?menuNo=900038) 2026-09-18; 금융통계정보시스템 202603 기준 등재; 허가등록업종: 투자자문업, 투자일임업, 전문사모집합투자업"
am_genie,지니자산운용,자산운용,지니자산운용|Genie & Global|Genie&Global,"금감원 파인 제도권금융회사조회(https://fine.fss.or.kr/fine/fncco/systemFncCo/list.do?menuNo=900038) 2026-09-18; 금융투자협회 회원사현황 등재; 금융통계정보시스템 202603 기준 등재; 허가등록업종: 전문사모집합투자업, 투자일임업"
am_kogo,지베스코자산운용,자산운용,지베스코자산운용|KOGO Investment|KOGOInvestment,금감원 파인 제도권금융회사조회(https://fine.fss.or.kr/fine/fncco/systemFncCo/list.do?menuNo=900038) 2026-09-18; 금융투자협회 회원사현황 등재; 금융통계정보시스템 202603 기준 등재; 허가등록업종: 전문사모집합투자업
am_gva,지브이에이자산운용,자산운용,지브이에이자산운용|GVA Asset Management|GVAAssetManagement,"금감원 파인 제도권금융회사조회(https://fine.fss.or.kr/fine/fncco/systemFncCo/list.do?menuNo=900038) 2026-09-18; 금융투자협회 회원사현황 등재; 금융통계정보시스템 202603 기준 등재; 허가등록업종: 전문사모집합투자업, 투자자문업, 투자일임업"
am_zianpartners,지안자산운용,자산운용,지안자산운용|Zian Partners|ZianPartners,금감원 파인 제도권금융회사조회(https://fine.fss.or.kr/fine/fncco/systemFncCo/list.do?menuNo=900038) 2026-09-18; 금융통계정보시스템 202603 기준 등재; 허가등록업종: 전문사모집합투자업
am_grepartners,지알이파트너스자산운용,자산운용,지알이파트너스자산운용|GRE Partners Asset Management|GREPartnersAssetManagement,"금감원 파인 제도권금융회사조회(https://fine.fss.or.kr/fine/fncco/systemFncCo/list.do?menuNo=900038) 2026-09-18; 금융투자협회 회원사현황 등재; 금융통계정보시스템 202603 기준 등재; 허가등록업종: 전문사모집합투자업, 투자자문업"
am_jiji,지지자산운용,자산운용,지지자산운용|gg investment management|gginvestmentmanagement,"금감원 파인 제도권금융회사조회(https://fine.fss.or.kr/fine/fncco/systemFncCo/list.do?menuNo=900038) 2026-09-18; 금융투자협회 회원사현황 등재; 금융통계정보시스템 202603 기준 등재; 허가등록업종: 집합투자업, 투자자문업, 투자일임업"
am_jikyu,지큐자산운용,자산운용,지큐자산운용,금융통계정보시스템 202603 기준 등재; 파인 미등재(협회/FISIS에만 등재) — 등록 여부 재확인 필요
am_tchapartners,차파트너스자산운용,자산운용,차파트너스자산운용|Tcha Partners Asset Management|TchaPartnersAssetManagement,금감원 파인 제도권금융회사조회(https://fine.fss.or.kr/fine/fncco/systemFncCo/list.do?menuNo=900038) 2026-09-18; 금융투자협회 회원사현황 등재; 금융통계정보시스템 202603 기준 등재; 허가등록업종: 전문사모집합투자업
am_chaseway,체이스웨이자산운용,자산운용,체이스웨이자산운용|Chaseway Asset Management|ChasewayAssetManagement,금감원 파인 제도권금융회사조회(https://fine.fss.or.kr/fine/fncco/systemFncCo/list.do?menuNo=900038) 2026-09-18; 금융투자협회 회원사현황 등재; 금융통계정보시스템 202603 기준 등재; 허가등록업종: 일반사모집합투자업
am_kardian,카디안자산운용,자산운용,카디안자산운용|Kardian Asset Management|KardianAssetManagement,금감원 파인 제도권금융회사조회(https://fine.fss.or.kr/fine/fncco/systemFncCo/list.do?menuNo=900038) 2026-09-18; 금융투자협회 회원사현황 등재; 금융통계정보시스템 202603 기준 등재; 허가등록업종: 자산운용업
am_kansus,칸서스자산운용,자산운용,칸서스자산운용|Consus Asset Management|ConsusAssetManagement,"금감원 파인 제도권금융회사조회(https://fine.fss.or.kr/fine/fncco/systemFncCo/list.do?menuNo=900038) 2026-09-18; 금융투자협회 회원사현황 등재; 금융통계정보시스템 202603 기준 등재; 허가등록업종: 자산운용업, 투자자문업, 투자일임업"
am_kalon,칼론인베스트먼트자산운용,자산운용,칼론인베스트먼트자산운용|Kalon Investment|KalonInvestment,"금감원 파인 제도권금융회사조회(https://fine.fss.or.kr/fine/fncco/systemFncCo/list.do?menuNo=900038) 2026-09-18; 금융통계정보시스템 202603 기준 등재; 허가등록업종: 전문사모집합투자업, 투자자문업"
am_capitaland,캐피탈랜드투자운용,자산운용,캐피탈랜드투자운용|CapitaLand Investment Management Korea|CapitaLandInvestmentManagementKorea,금감원 파인 제도권금융회사조회(https://fine.fss.or.kr/fine/fncco/systemFncCo/list.do?menuNo=900038) 2026-09-18; 금융투자협회 회원사현황 등재; 금융통계정보시스템 202603 기준 등재; 허가등록업종: 집합투자업
am_capstone,캡스톤자산운용,자산운용,캡스톤자산운용|Capstone Asset Management|CapstoneAssetManagement,"금감원 파인 제도권금융회사조회(https://fine.fss.or.kr/fine/fncco/systemFncCo/list.do?menuNo=900038) 2026-09-18; 금융투자협회 회원사현황 등재; 금융통계정보시스템 202603 기준 등재; 허가등록업종: 집합투자업, 투자자문업"
am_keidi,케이디자산운용,자산운용,케이디자산운용|KD Asset Management|KDAssetManagement,금감원 파인 제도권금융회사조회(https://fine.fss.or.kr/fine/fncco/systemFncCo/list.do?menuNo=900038) 2026-09-18; 허가등록업종: 일반사모집합투자업
am_kritspartners,케이리츠투자운용,자산운용,케이리츠투자운용|K-RITS&PARTNERS,금감원 파인 제도권금융회사조회(https://fine.fss.or.kr/fine/fncco/systemFncCo/list.do?menuNo=900038) 2026-09-18; 금융투자협회 회원사현황 등재; 금융통계정보시스템 202603 기준 등재; 허가등록업종: 전문사모집합투자업
am_kb,케이비자산운용,자산운용,케이비자산운용|KB자산운용|KB Asset Management|KBAssetManagement,금감원 파인 제도권금융회사조회(https://fine.fss.or.kr/fine/fncco/systemFncCo/list.do?menuNo=900038) 2026-09-18; 금융투자협회 회원사현황 등재; 금융통계정보시스템 202603 기준 등재; 허가등록업종: 집합투자업
am_kcgi_alt,케이씨지아이대체투자운용,자산운용,케이씨지아이대체투자운용|KCGI대체투자운용|KCGI Alternative Asset Management|KCGIAlternativeAssetManagement,금감원 파인 제도권금융회사조회(https://fine.fss.or.kr/fine/fncco/systemFncCo/list.do?menuNo=900038) 2026-09-18; 금융투자협회 회원사현황 등재; 금융통계정보시스템 202603 기준 등재; 허가등록업종: 전문사모집합투자업
am_kcgi,케이씨지아이자산운용,자산운용,케이씨지아이자산운용|KCGI자산운용|메리츠자산운용|KCGI Asset Management|KCGIAssetManagement,금감원 파인 제도권금융회사조회(https://fine.fss.or.kr/fine/fncco/systemFncCo/list.do?menuNo=900038) 2026-09-18; 금융투자협회 회원사현황 등재; 금융통계정보시스템 202603 기준 등재; 허가등록업종: 자산운용업
am_ksd,케이에스디자산운용,자산운용,케이에스디자산운용|KSD Asset Management|KSDAssetManagement,금감원 파인 제도권금융회사조회(https://fine.fss.or.kr/fine/fncco/systemFncCo/list.do?menuNo=900038) 2026-09-18; 금융통계정보시스템 202603 기준 등재; 허가등록업종: 일반사모집합투자업
am_ksf,케이에스에프자산운용,자산운용,케이에스에프자산운용|KSF Asset Management|KSFAssetManagement,금감원 파인 제도권금융회사조회(https://fine.fss.or.kr/fine/fncco/systemFncCo/list.do?menuNo=900038) 2026-09-18; 금융투자협회 회원사현황 등재; 금융통계정보시스템 202603 기준 등재; 허가등록업종: 일반 사모집합투자업
am_keieseu,케이에스자산운용,자산운용,케이에스자산운용|KS Asset Management|KSAssetManagement,"금감원 파인 제도권금융회사조회(https://fine.fss.or.kr/fine/fncco/systemFncCo/list.do?menuNo=900038) 2026-09-18; 금융투자협회 회원사현황 등재; 금융통계정보시스템 202603 기준 등재; 허가등록업종: 전문사모집합투자업, 투자자문업"
am_keiwai,케이와이자산운용,자산운용,케이와이자산운용|KY Asset Management|KYAssetManagement,금감원 파인 제도권금융회사조회(https://fine.fss.or.kr/fine/fncco/systemFncCo/list.do?menuNo=900038) 2026-09-18; 금융투자협회 회원사현황 등재; 금융통계정보시스템 202603 기준 등재; 허가등록업종: 전문사모집합투자업
am_kone,케이원자산운용,자산운용,케이원자산운용|K-One Asset Management|K-OneAssetManagement,"금감원 파인 제도권금융회사조회(https://fine.fss.or.kr/fine/fncco/systemFncCo/list.do?menuNo=900038) 2026-09-18; 금융투자협회 회원사현황 등재; 금융통계정보시스템 202603 기준 등재; 허가등록업종: 일반사모집합투자업, 투자자문업, 투자일임업; 파인 분류: 자산운용사/투자일임회사/투자자문회사"
am_kgt,케이지티자산운용,자산운용,케이지티자산운용|주식회사 KGT자산운용|주식회사KGT자산운용,"금감원 파인 제도권금융회사조회(https://fine.fss.or.kr/fine/fncco/systemFncCo/list.do?menuNo=900038) 2026-09-18; 금융통계정보시스템 202603 기준 등재; 허가등록업종: 일반사모집합투자업, 투자일임업; 파인 분류: 자산운용사/투자일임회사"
am_kclavis,케이클라비스자산운용,자산운용,케이클라비스자산운용|Kclavis Investment Advisory|KclavisInvestmentAdvisory,"금감원 파인 제도권금융회사조회(https://fine.fss.or.kr/fine/fncco/systemFncCo/list.do?menuNo=900038) 2026-09-18; 금융투자협회 회원사현황 등재; 금융통계정보시스템 202603 기준 등재; 허가등록업종: 전문사모집합투자업, 투자자문업, 투자일임업"
am_keiti,케이티투자운용,자산운용,케이티투자운용|kt investment management|ktinvestmentmanagement,금감원 파인 제도권금융회사조회(https://fine.fss.or.kr/fine/fncco/systemFncCo/list.do?menuNo=900038) 2026-09-18; 금융투자협회 회원사현황 등재; 금융통계정보시스템 202603 기준 등재; 허가등록업종: 일반 사모집합투자업
am_kpex,케이펙스자산운용,자산운용,케이펙스자산운용|KPEX Asset Management|KPEXAssetManagement,금감원 파인 제도권금융회사조회(https://fine.fss.or.kr/fine/fncco/systemFncCo/list.do?menuNo=900038) 2026-09-18; 금융통계정보시스템 202603 기준 등재; 허가등록업종: 일반사모집합투자업
am_kfreedom,케이프리덤자산운용,자산운용,케이프리덤자산운용|K-Freedom Asset Management|K-FreedomAssetManagement,"금감원 파인 제도권금융회사조회(https://fine.fss.or.kr/fine/fncco/systemFncCo/list.do?menuNo=900038) 2026-09-18; 금융통계정보시스템 202603 기준 등재; 허가등록업종: 일반사모집합투자업, 투자일임업, 투자자문업; 파인 분류: 자산운용사/투자일임회사/투자자문회사"
am_keipi,케이피자산운용,자산운용,케이피자산운용|KP Asset Management|KPAssetManagement,"금감원 파인 제도권금융회사조회(https://fine.fss.or.kr/fine/fncco/systemFncCo/list.do?menuNo=900038) 2026-09-18; 금융투자협회 회원사현황 등재; 금융통계정보시스템 202603 기준 등재; 허가등록업종: 일반사모집합투자업, 투자자문업, 투자일임업"
am_kfin,케이핀자산운용,자산운용,케이핀자산운용|K-Fin Asset Management|K-FinAssetManagement,"금감원 파인 제도권금융회사조회(https://fine.fss.or.kr/fine/fncco/systemFncCo/list.do?menuNo=900038) 2026-09-18; 금융투자협회 회원사현황 등재; 금융통계정보시스템 202603 기준 등재; 허가등록업종: 일반사모집합투자업, 투자자문업, 투자일임업"
am_keppel,케펠자산운용,자산운용,케펠자산운용|Keppel Investment Management|KeppelInvestmentManagement,금감원 파인 제도권금융회사조회(https://fine.fss.or.kr/fine/fncco/systemFncCo/list.do?menuNo=900038) 2026-09-18; 금융투자협회 회원사현황 등재; 금융통계정보시스템 202603 기준 등재; 허가등록업종: 전문사모집합투자업
am_kepler,케플러자산운용,자산운용,케플러자산운용|Kepler Asset Management|KeplerAssetManagement,금감원 파인 제도권금융회사조회(https://fine.fss.or.kr/fine/fncco/systemFncCo/list.do?menuNo=900038) 2026-09-18; 금융투자협회 회원사현황 등재; 금융통계정보시스템 202603 기준 등재; 허가등록업종: 전문사모집합투자업
am_kendall,켄달스퀘어자산운용,자산운용,켄달스퀘어자산운용|Kendall Square Asset Management|KendallSquareAssetManagement,"금감원 파인 제도권금융회사조회(https://fine.fss.or.kr/fine/fncco/systemFncCo/list.do?menuNo=900038) 2026-09-18; 금융투자협회 회원사현황 등재; 금융통계정보시스템 202603 기준 등재; 허가등록업종: 전문사모집합투자업, 투자자문업"
am_cornerstone,코너스톤자산운용,자산운용,코너스톤자산운용|Cornerstone Asset Management|CornerstoneAssetManagement,금감원 파인 제도권금융회사조회(https://fine.fss.or.kr/fine/fncco/systemFncCo/list.do?menuNo=900038) 2026-09-18; 금융통계정보시스템 202603 기준 등재; 허가등록업종: 전문사모집합투자업
am_koramco,코람코자산운용,자산운용,코람코자산운용|Koramco Asset Management|KoramcoAssetManagement,"금감원 파인 제도권금융회사조회(https://fine.fss.or.kr/fine/fncco/systemFncCo/list.do?menuNo=900038) 2026-09-18; 금융투자협회 회원사현황 등재; 금융통계정보시스템 202603 기준 등재; 허가등록업종: 집합투자업, 투자일임업"
am_coreate,코레이트자산운용,자산운용,코레이트자산운용|KOREIT ASSET MANAGEMENT|KOREITASSETMANAGEMENT,금감원 파인 제도권금융회사조회(https://fine.fss.or.kr/fine/fncco/systemFncCo/list.do?menuNo=900038) 2026-09-18; 금융투자협회 회원사현황 등재; 금융통계정보시스템 202603 기준 등재; 허가등록업종: 자산운용업
am_corsa,코르사자산운용,자산운용,코르사자산운용|CORSA ASSET MANAGEMENT|CORSAASSETMANAGEMENT,"금감원 파인 제도권금융회사조회(https://fine.fss.or.kr/fine/fncco/systemFncCo/list.do?menuNo=900038) 2026-09-18; 금융통계정보시스템 202603 기준 등재; 허가등록업종: 전문사모집합투자업, 투자자문업(5-1-1), 투자일임업(6-1-1)"
am_korea,코리아자산운용,자산운용,코리아자산운용|Korea Asset Investment|KoreaAssetInvestment,"금감원 파인 제도권금융회사조회(https://fine.fss.or.kr/fine/fncco/systemFncCo/list.do?menuNo=900038) 2026-09-18; 금융투자협회 회원사현황 등재; 금융통계정보시스템 202603 기준 등재; 허가등록업종: 일반 사모집합투자업, 투자자문업, 투자일임업; 파인 분류: 자산운용사/투자일임회사/투자자문회사"
am_coreasse,코어자산운용,자산운용,코어자산운용|Core Asse Management|CoreAsseManagement,금감원 파인 제도권금융회사조회(https://fine.fss.or.kr/fine/fncco/systemFncCo/list.do?menuNo=900038) 2026-09-18; 금융투자협회 회원사현황 등재; 금융통계정보시스템 202603 기준 등재; 파인 분류: 자산운용사/투자일임회사/투자자문회사
am_quad,쿼드자산운용,자산운용,쿼드자산운용|Quad Investment Management|QuadInvestmentManagement,"금감원 파인 제도권금융회사조회(https://fine.fss.or.kr/fine/fncco/systemFncCo/list.do?menuNo=900038) 2026-09-18; 금융투자협회 회원사현황 등재; 금융통계정보시스템 202603 기준 등재; 허가등록업종: 집합투자업,투자자문업,투자일임업"
am_quarterback,쿼터백자산운용,자산운용,쿼터백자산운용|Quarterback Investments|QuarterbackInvestments,"금감원 파인 제도권금융회사조회(https://fine.fss.or.kr/fine/fncco/systemFncCo/list.do?menuNo=900038) 2026-09-18; 금융투자협회 회원사현황 등재; 금융통계정보시스템 202603 기준 등재; 허가등록업종: 전문사모집합투자업, 투자자문업, 투자일임업"
am_quantum,퀀텀펀드자산운용,자산운용,퀀텀펀드자산운용|Quantum Fund Asset Management|QuantumFundAssetManagement,금감원 파인 제도권금융회사조회(https://fine.fss.or.kr/fine/fncco/systemFncCo/list.do?menuNo=900038) 2026-09-18; 금융통계정보시스템 202603 기준 등재; 허가등록업종: 일반사모집합투자업
am_quantinpartners,퀀트인자산운용,자산운용,퀀트인자산운용|Quantin Partners|QuantinPartners,"금감원 파인 제도권금융회사조회(https://fine.fss.or.kr/fine/fncco/systemFncCo/list.do?menuNo=900038) 2026-09-18; 금융투자협회 회원사현황 등재; 금융통계정보시스템 202603 기준 등재; 허가등록업종: 전문사모집합투자업 , 투자자문업, 투자일임업; 파인 분류: 자산운용사/투자일임회사/투자자문회사"
am_queensguard,퀸즈가드자산운용,자산운용,퀸즈가드자산운용|Queen's Guard Asset Management|Queen'sGuardAssetManagement,금감원 파인 제도권금융회사조회(https://fine.fss.or.kr/fine/fncco/systemFncCo/list.do?menuNo=900038) 2026-09-18; 금융통계정보시스템 202603 기준 등재; 허가등록업종: 투자일임업; 파인 분류: 자산운용사/투자일임회사/투자자문회사
am_qubeindustrial,큐브인더스트리얼자산운용,자산운용,큐브인더스트리얼자산운용|QUBE Industrial Asset Management|QUBEIndustrialAssetManagement,금감원 파인 제도권금융회사조회(https://fine.fss.or.kr/fine/fncco/systemFncCo/list.do?menuNo=900038) 2026-09-18; 금융투자협회 회원사현황 등재; 금융통계정보시스템 202603 기준 등재; 허가등록업종: 전문사모집합투자업
am_crownrockcapital,크라운락자산운용,자산운용,크라운락자산운용|CrownRock Capital Management|CrownRockCapitalManagement,금감원 파인 제도권금융회사조회(https://fine.fss.or.kr/fine/fncco/systemFncCo/list.do?menuNo=900038) 2026-09-18; 금융통계정보시스템 202603 기준 등재; 허가등록업종: 전문사모집합투자업
am_creston,크레스톤자산운용,자산운용,크레스톤자산운용|Creston Asset Management|CrestonAssetManagement,금감원 파인 제도권금융회사조회(https://fine.fss.or.kr/fine/fncco/systemFncCo/list.do?menuNo=900038) 2026-09-18; 금융통계정보시스템 202603 기준 등재; 허가등록업종: 전문사모집합투자업
am_cross,크로스자산운용,자산운용,크로스자산운용|Cross Asset management|CrossAssetmanagement,금감원 파인 제도권금융회사조회(https://fine.fss.or.kr/fine/fncco/systemFncCo/list.do?menuNo=900038) 2026-09-18; 금융통계정보시스템 202603 기준 등재; 허가등록업종: 일반 사모집합투자업
am_croton,크로톤자산운용,자산운용,크로톤자산운용|Croton Asset Management|CrotonAssetManagement,금감원 파인 제도권금융회사조회(https://fine.fss.or.kr/fine/fncco/systemFncCo/list.do?menuNo=900038) 2026-09-18; 금융통계정보시스템 202603 기준 등재; 허가등록업종: 일반사모집합투자업
am_kreate,크리에이트자산운용,자산운용,크리에이트자산운용|Kreate Asset Management|KreateAssetManagement,금감원 파인 제도권금융회사조회(https://fine.fss.or.kr/fine/fncco/systemFncCo/list.do?menuNo=900038) 2026-09-18; 금융투자협회 회원사현황 등재; 금융통계정보시스템 202603 기준 등재
am_kiwoom,키움투자자산운용,자산운용,키움투자자산운용|Kiwoom Asset Management|KiwoomAssetManagement,"금감원 파인 제도권금융회사조회(https://fine.fss.or.kr/fine/fncco/systemFncCo/list.do?menuNo=900038) 2026-09-18; 금융투자협회 회원사현황 등재; 금융통계정보시스템 202603 기준 등재; 허가등록업종: 집합투자업, 투자자문업, 투자일임업"
am_keywest,키웨스트글로벌자산운용,자산운용,키웨스트글로벌자산운용|KEYWEST GLOBAL INVESTMENT|KEYWESTGLOBALINVESTMENT,금감원 파인 제도권금융회사조회(https://fine.fss.or.kr/fine/fncco/systemFncCo/list.do?menuNo=900038) 2026-09-18; 금융통계정보시스템 202603 기준 등재; 허가등록업종: 전문사모집합투자업
am_keyflex,키플렉스자산운용,자산운용,키플렉스자산운용|KeyFLEX Asset Management|KeyFLEXAssetManagement,금감원 파인 제도권금융회사조회(https://fine.fss.or.kr/fine/fncco/systemFncCo/list.do?menuNo=900038) 2026-09-18; 금융통계정보시스템 202603 기준 등재; 허가등록업종: 일반사모집합투자업
am_tiger_alt,타이거대체투자운용,자산운용,타이거대체투자운용|Tiger Alternative Investors|TigerAlternativeInvestors,"금감원 파인 제도권금융회사조회(https://fine.fss.or.kr/fine/fncco/systemFncCo/list.do?menuNo=900038) 2026-09-18; 금융투자협회 회원사현황 등재; 금융통계정보시스템 202603 기준 등재; 허가등록업종: 전문사모집합투자업, 투자자문업"
am_tigerdiscretionary,타이거자산운용투자일임,자산운용,타이거자산운용투자일임|Tiger asset management discretionary investment|Tigerassetmanagementdiscretionaryinvestment,"금감원 파인 제도권금융회사조회(https://fine.fss.or.kr/fine/fncco/systemFncCo/list.do?menuNo=900038) 2026-09-18; 금융투자협회 회원사현황 등재; 금융통계정보시스템 202603 기준 등재; 허가등록업종: 전문사모집합투자업, 투자일임업"
am_timefolio,타임폴리오자산운용,자산운용,타임폴리오자산운용|Timefolio,"금감원 파인 제도권금융회사조회(https://fine.fss.or.kr/fine/fncco/systemFncCo/list.do?menuNo=900038) 2026-09-18; 금융투자협회 회원사현황 등재; 금융통계정보시스템 202603 기준 등재; 허가등록업종: 투자자문업, 투자일임업, 전문사모집합투자업; 파인 분류: 자산운용사/투자자문회사"
am_taesung,태성자산운용,자산운용,태성자산운용|Tae Sung Asset Management|TaeSungAssetManagement,"금감원 파인 제도권금융회사조회(https://fine.fss.or.kr/fine/fncco/systemFncCo/list.do?menuNo=900038) 2026-09-18; 금융투자협회 회원사현황 등재; 금융통계정보시스템 202603 기준 등재; 허가등록업종: 전문사모집합투자업, 투자자문업, 투자일임업"
am_terra,테라자산운용,자산운용,테라자산운용|TERRA Asset Management|TERRAAssetManagement,"금감원 파인 제도권금융회사조회(https://fine.fss.or.kr/fine/fncco/systemFncCo/list.do?menuNo=900038) 2026-09-18; 금융통계정보시스템 202603 기준 등재; 허가등록업종: 일반 사모집합투자업, 투자일임업; 파인 분류: 자산운용사/투자일임회사"
am_tensegrity,텐세그리티자산운용,자산운용,텐세그리티자산운용|Tensegrity Asset Management|TensegrityAssetManagement,금감원 파인 제도권금융회사조회(https://fine.fss.or.kr/fine/fncco/systemFncCo/list.do?menuNo=900038) 2026-09-18; 금융통계정보시스템 202603 기준 등재; 허가등록업종: 일반사모집합투자업
am_templeton,템플턴하나자산운용,자산운용,템플턴하나자산운용|Templeton Hana Asset Management|TempletonHanaAssetManagement,금감원 파인 제도권금융회사조회(https://fine.fss.or.kr/fine/fncco/systemFncCo/list.do?menuNo=900038) 2026-09-18; 금융투자협회 회원사현황 등재; 금융통계정보시스템 202603 기준 등재; 허가등록업종: 자산운용업
am_taurus,토러스자산운용,자산운용,토러스자산운용|TAURUS Asset Management|TAURUSAssetManagement,"금감원 파인 제도권금융회사조회(https://fine.fss.or.kr/fine/fncco/systemFncCo/list.do?menuNo=900038) 2026-09-18; 금융투자협회 회원사현황 등재; 금융통계정보시스템 202603 기준 등재; 허가등록업종: 일반사모집합투자업, 투자자문업, 투자일임업; 파인 분류: 자산운용사/투자일임회사/투자자문회사"
am_tomato,토마토자산운용,자산운용,토마토자산운용|Tomato Asset Management|TomatoAssetManagement,금감원 파인 제도권금융회사조회(https://fine.fss.or.kr/fine/fncco/systemFncCo/list.do?menuNo=900038) 2026-09-18; 허가등록업종: 일반사모집합투자업
am_tov,토브자산운용,자산운용,토브자산운용|TOV Asset Management|TOVAssetManagement,"금감원 파인 제도권금융회사조회(https://fine.fss.or.kr/fine/fncco/systemFncCo/list.do?menuNo=900038) 2026-09-18; 금융투자협회 회원사현황 등재; 금융통계정보시스템 202603 기준 등재; 허가등록업종: 일반 사모집합투자업, 투자일임업"
am_tortoisecapital,토터스자산운용,자산운용,토터스자산운용|Tortoise Capital Management|TortoiseCapitalManagement,금감원 파인 제도권금융회사조회(https://fine.fss.or.kr/fine/fncco/systemFncCo/list.do?menuNo=900038) 2026-09-18; 금융투자협회 회원사현황 등재; 금융통계정보시스템 202603 기준 등재; 허가등록업종: 일반사모집합투자업
am_eng,토포앤코코리아자산운용,자산운용,토포앤코코리아자산운용|ENG_토포앤코코리아자산운용,"금감원 파인 제도권금융회사조회(https://fine.fss.or.kr/fine/fncco/systemFncCo/list.do?menuNo=900038) 2026-09-18; 금융통계정보시스템 202603 기준 등재; 허가등록업종: 투자자문, 일임업, 일반사모집합투자업; 파인 분류: 자산운용사/투자일임회사/투자자문회사"
am_traum,트라움자산운용,자산운용,트라움자산운용|TRAUM Investment|TRAUMInvestment,"금감원 파인 제도권금융회사조회(https://fine.fss.or.kr/fine/fncco/systemFncCo/list.do?menuNo=900038) 2026-09-18; 금융통계정보시스템 202603 기준 등재; 허가등록업종: 전문사모집합투자업, 투자자문업, 투자일임업; 파인 분류: 자산운용사/투자일임회사/투자자문회사"
am_trustacapital,트러스타자산운용,자산운용,트러스타자산운용|Trusta Capital Management|TrustaCapitalManagement,"금감원 파인 제도권금융회사조회(https://fine.fss.or.kr/fine/fncco/systemFncCo/list.do?menuNo=900038) 2026-09-18; 금융투자협회 회원사현황 등재; 금융통계정보시스템 202603 기준 등재; 허가등록업종: 일반 사모집합투자업, 투자일임업, 투자자문업; 파인 분류: 자산운용사/투자일임회사/투자자문회사"
am_trustone,트러스톤자산운용,자산운용,트러스톤자산운용|Truston Asset Management|TrustonAssetManagement,금감원 파인 제도권금융회사조회(https://fine.fss.or.kr/fine/fncco/systemFncCo/list.do?menuNo=900038) 2026-09-18; 금융투자협회 회원사현황 등재; 금융통계정보시스템 202603 기준 등재; 허가등록업종: 자산운용업
am_tres,트레스자산운용,자산운용,트레스자산운용|Tres Asset Management|TresAssetManagement,"금감원 파인 제도권금융회사조회(https://fine.fss.or.kr/fine/fncco/systemFncCo/list.do?menuNo=900038) 2026-09-18; 금융통계정보시스템 202603 기준 등재; 허가등록업종: 전문사모집합투자업, 투자일임업"
am_tiai,티아이자산운용,자산운용,티아이자산운용|TI Asset Management|TIAssetManagement,금감원 파인 제도권금융회사조회(https://fine.fss.or.kr/fine/fncco/systemFncCo/list.do?menuNo=900038) 2026-09-18; 금융투자협회 회원사현황 등재; 금융통계정보시스템 202603 기준 등재; 허가등록업종: 전문사모집합투자업
am_tyel,티엘자산운용,자산운용,티엘자산운용|TYEL Asset Management|TYELAssetManagement,금감원 파인 제도권금융회사조회(https://fine.fss.or.kr/fine/fncco/systemFncCo/list.do?menuNo=900038) 2026-09-18; 금융투자협회 회원사현황 등재; 금융통계정보시스템 202603 기준 등재; 허가등록업종: 전문사모집합투자업
am_pareto,파레토자산운용,자산운용,파레토자산운용|Pareto Asset Management Corporation|ParetoAssetManagementCorporation,"금감원 파인 제도권금융회사조회(https://fine.fss.or.kr/fine/fncco/systemFncCo/list.do?menuNo=900038) 2026-09-18; 금융투자협회 회원사현황 등재; 금융통계정보시스템 202603 기준 등재; 허가등록업종: 전문사모집합투자업, 투자자문업, 투자일임업"
am_pharos,파로스자산운용,자산운용,파로스자산운용|PHAROS Asset Management|PHAROSAssetManagement,"금감원 파인 제도권금융회사조회(https://fine.fss.or.kr/fine/fncco/systemFncCo/list.do?menuNo=900038) 2026-09-18; 금융투자협회 회원사현황 등재; 금융통계정보시스템 202603 기준 등재; 허가등록업종: 전문사모집합투자업, 투자자문업, 투자일임업"
am_fivetree,파이브트리자산운용,자산운용,파이브트리자산운용|Fivetree Asset|FivetreeAsset,"금감원 파인 제도권금융회사조회(https://fine.fss.or.kr/fine/fncco/systemFncCo/list.do?menuNo=900038) 2026-09-18; 금융투자협회 회원사현황 등재; 금융통계정보시스템 202603 기준 등재; 허가등록업종: 일반사모집합투자업, 투자자문업, 투자일임업; 파인 분류: 자산운용사/투자일임회사/투자자문회사"
am_firestone,파이어스톤자산운용,자산운용,파이어스톤자산운용|FIRESTONE Asset Management|FIRESTONEAssetManagement,"금감원 파인 제도권금융회사조회(https://fine.fss.or.kr/fine/fncco/systemFncCo/list.do?menuNo=900038) 2026-09-18; 금융통계정보시스템 202603 기준 등재; 허가등록업종: 일반 사모집합투자업,투자일임업,투자자문업"
am_finevalue,파인밸류자산운용,자산운용,파인밸류자산운용|FIND VALUE ASSET MANAGEMENT|FINDVALUEASSETMANAGEMENT,금감원 파인 제도권금융회사조회(https://fine.fss.or.kr/fine/fncco/systemFncCo/list.do?menuNo=900038) 2026-09-18; 금융투자협회 회원사현황 등재; 금융통계정보시스템 202603 기준 등재; 허가등록업종: 투자자문업·투자일임업·전문사모집합투자업; 파인 분류: 자산운용사/투자자문회사
am_pinestreet,파인스트리트자산운용,자산운용,파인스트리트자산운용|PineStreet Asset Management|PineStreetAssetManagement,금감원 파인 제도권금융회사조회(https://fine.fss.or.kr/fine/fncco/systemFncCo/list.do?menuNo=900038) 2026-09-18; 금융투자협회 회원사현황 등재; 금융통계정보시스템 202603 기준 등재; 허가등록업종: 전문사모집합투자업
am_pineteelcapital,파인앤파트너스자산운용,자산운용,파인앤파트너스자산운용|Pineteel Capital|PineteelCapital,"금감원 파인 제도권금융회사조회(https://fine.fss.or.kr/fine/fncco/systemFncCo/list.do?menuNo=900038) 2026-09-18; 금융통계정보시스템 202603 기준 등재; 허가등록업종: 일반사모집합투자업, 투자자문업"
am_pinetree,파인트리자산운용,자산운용,파인트리자산운용|Pine Tree Investment|PineTreeInvestment,금감원 파인 제도권금융회사조회(https://fine.fss.or.kr/fine/fncco/systemFncCo/list.do?menuNo=900038) 2026-09-18; 금융투자협회 회원사현황 등재; 금융통계정보시스템 202603 기준 등재; 허가등록업종: 집합투자업
am_pacificbridge,퍼시픽브릿지자산운용,자산운용,퍼시픽브릿지자산운용|Pacific Bridge|PacificBridge,금감원 파인 제도권금융회사조회(https://fine.fss.or.kr/fine/fncco/systemFncCo/list.do?menuNo=900038) 2026-09-18; 금융투자협회 회원사현황 등재; 금융통계정보시스템 202603 기준 등재; 허가등록업종: 전문사모집합투자업
am_pacific,퍼시픽자산운용,자산운용,퍼시픽자산운용|Pacific Asset Management|PacificAssetManagement,"금감원 파인 제도권금융회사조회(https://fine.fss.or.kr/fine/fncco/systemFncCo/list.do?menuNo=900038) 2026-09-18; 금융투자협회 회원사현황 등재; 금융통계정보시스템 202603 기준 등재; 허가등록업종: 전문사모집합투자업, 투자자문업"
am_pebblestone,페블스톤자산운용,자산운용,페블스톤자산운용|Pebblestone Asset Management|PebblestoneAssetManagement,"금감원 파인 제도권금융회사조회(https://fine.fss.or.kr/fine/fncco/systemFncCo/list.do?menuNo=900038) 2026-09-18; 금융투자협회 회원사현황 등재; 금융통계정보시스템 202603 기준 등재; 허가등록업종: 전문사모집합투자업, 투자자문업"
am_pebbles,페블즈자산운용,자산운용,페블즈자산운용|Pebbles Investment|PebblesInvestment,"금감원 파인 제도권금융회사조회(https://fine.fss.or.kr/fine/fncco/systemFncCo/list.do?menuNo=900038) 2026-09-18; 금융투자협회 회원사현황 등재; 금융통계정보시스템 202603 기준 등재; 허가등록업종: 전문사모집합투자업, 투자자문업"
am_fairway,페어웨이자산운용,자산운용,페어웨이자산운용|Fairway Asset Management|FairwayAssetManagement,"금감원 파인 제도권금융회사조회(https://fine.fss.or.kr/fine/fncco/systemFncCo/list.do?menuNo=900038) 2026-09-18; 금융통계정보시스템 202603 기준 등재; 허가등록업종: 일반 사모집합투자업, 투자일임업; 파인 분류: 자산운용사/투자일임회사"
am_petraville,페트라빌자산운용,자산운용,페트라빌자산운용|Petraville Asset Management|PetravilleAssetManagement,"금감원 파인 제도권금융회사조회(https://fine.fss.or.kr/fine/fncco/systemFncCo/list.do?menuNo=900038) 2026-09-18; 금융통계정보시스템 202603 기준 등재; 허가등록업종: 일반사모집합투자업, 투자자문업; 파인 분류: 자산운용사/투자자문회사"
am_petracapital,페트라자산운용,자산운용,페트라자산운용|Petra Capital Management|PetraCapitalManagement,"금감원 파인 제도권금융회사조회(https://fine.fss.or.kr/fine/fncco/systemFncCo/list.do?menuNo=900038) 2026-09-18; 금융투자협회 회원사현황 등재; 금융통계정보시스템 202603 기준 등재; 허가등록업종: 전문사모집합투자업, 투자자문업, 투자일임업"
am_podo,포도자산운용,자산운용,포도자산운용|Podo Asset Management|PodoAssetManagement,"금감원 파인 제도권금융회사조회(https://fine.fss.or.kr/fine/fncco/systemFncCo/list.do?menuNo=900038) 2026-09-18; 금융통계정보시스템 202603 기준 등재; 허가등록업종: 투자자문업, 일반사모집합투자업, 투자일임업; 파인 분류: 자산운용사/투자일임회사/투자자문회사"
am_forest,포레스트자산운용,자산운용,포레스트자산운용|Forest Asset Management|ForestAssetManagement,"금감원 파인 제도권금융회사조회(https://fine.fss.or.kr/fine/fncco/systemFncCo/list.do?menuNo=900038) 2026-09-18; 금융통계정보시스템 202603 기준 등재; 허가등록업종: 일반사모집합투자업, 투자자문업; 파인 분류: 자산운용사/투자자문회사"
am_pollex,포렉스자산운용,자산운용,포렉스자산운용|Pollex Asset Management|PollexAssetManagement,금감원 파인 제도권금융회사조회(https://fine.fss.or.kr/fine/fncco/systemFncCo/list.do?menuNo=900038) 2026-09-18; 금융통계정보시스템 202603 기준 등재; 허가등록업종: 일반사모집합투자업
am_post,포스트자산운용,자산운용,포스트자산운용|Post Asset Management|PostAssetManagement,금감원 파인 제도권금융회사조회(https://fine.fss.or.kr/fine/fncco/systemFncCo/list.do?menuNo=900038) 2026-09-18; 금융통계정보시스템 202603 기준 등재; 허가등록업종: 일반사모집합투자업(3-14-1)
am_foremost,포어모스트자산운용,자산운용,포어모스트자산운용|Foremost Asset Management|ForemostAssetManagement,금감원 파인 제도권금융회사조회(https://fine.fss.or.kr/fine/fncco/systemFncCo/list.do?menuNo=900038) 2026-09-18; 금융통계정보시스템 202603 기준 등재; 허가등록업종: 일반 사모집합투자업
am_focus,포커스자산운용,자산운용,포커스자산운용|Focus Asset Management|FocusAssetManagement,"금감원 파인 제도권금융회사조회(https://fine.fss.or.kr/fine/fncco/systemFncCo/list.do?menuNo=900038) 2026-09-18; 금융통계정보시스템 202603 기준 등재; 허가등록업종: 전문사모집합투자업, 투자자문업, 투자일임업"
am_portkorea,포트코리아자산운용,자산운용,포트코리아자산운용|FortKorea Asset Management|FortKoreaAssetManagement,"금감원 파인 제도권금융회사조회(https://fine.fss.or.kr/fine/fncco/systemFncCo/list.do?menuNo=900038) 2026-09-18; 금융투자협회 회원사현황 등재; 금융통계정보시스템 202603 기준 등재; 허가등록업종: 전문사모집합투자업, 투자자문업, 투자일임업"
am_polaris,폴라리스자산운용,자산운용,폴라리스자산운용|Polaris Investment|PolarisInvestment,금감원 파인 제도권금융회사조회(https://fine.fss.or.kr/fine/fncco/systemFncCo/list.do?menuNo=900038) 2026-09-18; 금융통계정보시스템 202603 기준 등재
am_pureun,푸른파트너스자산운용,자산운용,푸른파트너스자산운용|Pureun,"금감원 파인 제도권금융회사조회(https://fine.fss.or.kr/fine/fncco/systemFncCo/list.do?menuNo=900038) 2026-09-18; 금융투자협회 회원사현황 등재; 금융통계정보시스템 202603 기준 등재; 허가등록업종: 전문사모집합투자업, 투자자문업, 투자일임업"
am_pume,품에자산운용,자산운용,품에자산운용,금융통계정보시스템 202603 기준 등재; 파인 미등재(협회/FISIS에만 등재) — 등록 여부 재확인 필요
am_prime,프라임자산운용,자산운용,프라임자산운용|Prime Asset Management|PrimeAssetManagement,"금감원 파인 제도권금융회사조회(https://fine.fss.or.kr/fine/fncco/systemFncCo/list.do?menuNo=900038) 2026-09-18; 금융투자협회 회원사현황 등재; 금융통계정보시스템 202603 기준 등재; 허가등록업종: 전문사모집합투자업, 투자자문업, 투자일임업; 파인 분류: 자산운용사/투자일임회사/투자자문회사"
am_peurapit,프라핏자산운용,자산운용,프라핏자산운용,"금감원 파인 제도권금융회사조회(https://fine.fss.or.kr/fine/fncco/systemFncCo/list.do?menuNo=900038) 2026-09-18; 금융투자협회 회원사현황 등재; 금융통계정보시스템 202603 기준 등재; 허가등록업종: 전문사모집합투자업, 투자자문업, 투자일임업"
am_presto,프레스토자산운용,자산운용,프레스토자산운용|Presto Asset Management|PrestoAssetManagement,"금감원 파인 제도권금융회사조회(https://fine.fss.or.kr/fine/fncco/systemFncCo/list.do?menuNo=900038) 2026-09-18; 허가등록업종: 금융위, 금감원"
am_platform,플랫폼파트너스자산운용,자산운용,플랫폼파트너스자산운용|Platform Partners Asset Management|PlatformPartnersAssetManagement,"금감원 파인 제도권금융회사조회(https://fine.fss.or.kr/fine/fncco/systemFncCo/list.do?menuNo=900038) 2026-09-18; 금융투자협회 회원사현황 등재; 금융통계정보시스템 202603 기준 등재; 허가등록업종: 전문사모집합투자업, 투자자문업, 투자일임업"
am_plus,플러스자산운용,자산운용,플러스자산운용|Plus Asset Management|PlusAssetManagement,금감원 파인 제도권금융회사조회(https://fine.fss.or.kr/fine/fncco/systemFncCo/list.do?menuNo=900038) 2026-09-18; 금융투자협회 회원사현황 등재; 금융통계정보시스템 202603 기준 등재; 허가등록업종: 자산운용업
am_pinnacle,피나클자산운용,자산운용,피나클자산운용|Pinnacle Asset Management|PinnacleAssetManagement,"금감원 파인 제도권금융회사조회(https://fine.fss.or.kr/fine/fncco/systemFncCo/list.do?menuNo=900038) 2026-09-18; 금융통계정보시스템 202603 기준 등재; 허가등록업종: 일반사모집합투자업, 투자자문업"
am_fides,피데스자산운용,자산운용,피데스자산운용|FIDES Investment Management|FIDESInvestmentManagement,"금감원 파인 제도권금융회사조회(https://fine.fss.or.kr/fine/fncco/systemFncCo/list.do?menuNo=900038) 2026-09-18; 금융투자협회 회원사현황 등재; 금융통계정보시스템 202603 기준 등재; 허가등록업종: 전문사모집합투자업, 투자자문업, 투자일임업"
am_fidelity,피델리티자산운용,자산운용,피델리티자산운용|FIL Asset Management (Korea)|FILAssetManagement(Korea),금감원 파인 제도권금융회사조회(https://fine.fss.or.kr/fine/fncco/systemFncCo/list.do?menuNo=900038) 2026-09-18; 금융투자협회 회원사현황 등재; 금융통계정보시스템 202603 기준 등재; 허가등록업종: 자산운용업
am_fibonacci,피보나치자산운용,자산운용,피보나치자산운용|Fibonacci Asset Management|FibonacciAssetManagement,"금감원 파인 제도권금융회사조회(https://fine.fss.or.kr/fine/fncco/systemFncCo/list.do?menuNo=900038) 2026-09-18; 금융투자협회 회원사현황 등재; 금융통계정보시스템 202603 기준 등재; 허가등록업종: 일반 사모집합투자업, 투자자문업, 투자일임업; 파인 분류: 자산운용사/투자일임회사/투자자문회사"
am_piapartners,피아이에이자산운용,자산운용,피아이에이자산운용|PIA Partners Investment Management|PIAPartnersInvestmentManagement,금감원 파인 제도권금융회사조회(https://fine.fss.or.kr/fine/fncco/systemFncCo/list.do?menuNo=900038) 2026-09-18; 금융통계정보시스템 202603 기준 등재; 허가등록업종: 전문사모집합투자업
am_piaenkei,피앤케이자산운용,자산운용,피앤케이자산운용|P&K Asset Management|P&KAssetManagement,금감원 파인 제도권금융회사조회(https://fine.fss.or.kr/fine/fncco/systemFncCo/list.do?menuNo=900038) 2026-09-18; 금융통계정보시스템 202603 기준 등재; 허가등록업종: 일반사모집합투자업
am_pieseu,피에스자산운용,자산운용,피에스자산운용|PS Asset Management|PSAssetManagement,"금감원 파인 제도권금융회사조회(https://fine.fss.or.kr/fine/fncco/systemFncCo/list.do?menuNo=900038) 2026-09-18; 금융투자협회 회원사현황 등재; 허가등록업종: 일반사모집합투자업, 투자자문업, 투자일임업"
am_pacm,피에이씨엠자산운용,자산운용,피에이씨엠자산운용|PACM Asset Management|PACMAssetManagement,금감원 파인 제도권금융회사조회(https://fine.fss.or.kr/fine/fncco/systemFncCo/list.do?menuNo=900038) 2026-09-18; 금융통계정보시스템 202603 기준 등재; 허가등록업종: 일반사모집합투자업
am_pita,피타자산운용,자산운용,피타자산운용,금융통계정보시스템 202603 기준 등재; 파인 미등재(협회/FISIS에만 등재) — 등록 여부 재확인 필요
am_ptr,피티알자산운용,자산운용,피티알자산운용|PTR Asset Management|PTRAssetManagement,"금감원 파인 제도권금융회사조회(https://fine.fss.or.kr/fine/fncco/systemFncCo/list.do?menuNo=900038) 2026-09-18; 금융투자협회 회원사현황 등재; 금융통계정보시스템 202603 기준 등재; 허가등록업종: 전문사모집합투자업, 투자자문업, 투자일임업"
am_pinsikeo,핀시커자산운용,자산운용,핀시커자산운용,금융투자협회 회원사현황 등재; 파인 미등재(협회/FISIS에만 등재) — 등록 여부 재확인 필요
am_pinggeo,핑거자산운용,자산운용,핑거자산운용,금융통계정보시스템 202603 기준 등재; 파인 미등재(협회/FISIS에만 등재) — 등록 여부 재확인 필요
am_hana_alt,하나대체투자자산운용,자산운용,하나대체투자자산운용,금감원 파인 제도권금융회사조회(https://fine.fss.or.kr/fine/fncco/systemFncCo/list.do?menuNo=900038) 2026-09-18; 금융투자협회 회원사현황 등재; 금융통계정보시스템 202603 기준 등재; 허가등록업종: 자산운용업
am_hana,하나자산운용,자산운용,하나자산운용|하나UBS자산운용|하나유비에스자산운용|Hana Asset Management|HanaAssetManagement,금감원 파인 제도권금융회사조회(https://fine.fss.or.kr/fine/fncco/systemFncCo/list.do?menuNo=900038) 2026-09-18; 금융투자협회 회원사현황 등재; 금융통계정보시스템 202603 기준 등재; 허가등록업종: 자산운용업
am_harvest,하베스트자산운용,자산운용,하베스트자산운용|Harvest Asset Management|HarvestAssetManagement,"금감원 파인 제도권금융회사조회(https://fine.fss.or.kr/fine/fncco/systemFncCo/list.do?menuNo=900038) 2026-09-18; 금융통계정보시스템 202603 기준 등재; 허가등록업종: 일반사모집합투자업, 투자자문업; 파인 분류: 자산운용사/투자자문회사"
am_how,하우자산운용,자산운용,하우자산운용|How Asset Management|HowAssetManagement,금감원 파인 제도권금융회사조회(https://fine.fss.or.kr/fine/fncco/systemFncCo/list.do?menuNo=900038) 2026-09-18; 금융투자협회 회원사현황 등재; 금융통계정보시스템 202603 기준 등재; 허가등록업종: 자산운용업
am_hize,하이즈에셋자산운용,자산운용,하이즈에셋자산운용|Hize Asset|HizeAsset,"금감원 파인 제도권금융회사조회(https://fine.fss.or.kr/fine/fncco/systemFncCo/list.do?menuNo=900038) 2026-09-18; 금융투자협회 회원사현황 등재; 금융통계정보시스템 202603 기준 등재; 허가등록업종: 전문사모집합투자업, 투자자문업, 투자일임업; 파인 분류: 자산운용사/투자일임회사/투자자문회사"
am_hangang,한강에셋자산운용,자산운용,한강에셋자산운용|HANGANG ASSET MANAGEMENT|HANGANGASSETMANAGEMENT,금감원 파인 제도권금융회사조회(https://fine.fss.or.kr/fine/fncco/systemFncCo/list.do?menuNo=900038) 2026-09-18; 금융투자협회 회원사현황 등재; 금융통계정보시스템 202603 기준 등재; 허가등록업종: 전문사모집합투자업
am_koreatransport,한국교통자산운용,자산운용,한국교통자산운용|KOREA Transport Asset Management|KOREATransportAssetManagement,금감원 파인 제도권금융회사조회(https://fine.fss.or.kr/fine/fncco/systemFncCo/list.do?menuNo=900038) 2026-09-18; 금융투자협회 회원사현황 등재; 금융통계정보시스템 202603 기준 등재; 허가등록업종: 전문사모집합투자업
am_koreaholdings,한국금융투자자산운용,자산운용,한국금융투자자산운용|Korea holdings investment asset|Koreaholdingsinvestmentasset,금감원 파인 제도권금융회사조회(https://fine.fss.or.kr/fine/fncco/systemFncCo/list.do?menuNo=900038) 2026-09-18; 금융통계정보시스템 202603 기준 등재
am_koreadaesung,한국대성자산운용,자산운용,한국대성자산운용|Korea Daesung Asset Management|KoreaDaesungAssetManagement,"금감원 파인 제도권금융회사조회(https://fine.fss.or.kr/fine/fncco/systemFncCo/list.do?menuNo=900038) 2026-09-18; 금융투자협회 회원사현황 등재; 금융통계정보시스템 202603 기준 등재; 허가등록업종: 전문사모집합투자업, 투자자문업, 투자일임업"
am_koreaalternative,한국대안투자자산운용,자산운용,한국대안투자자산운용|Korea Alternative Investment Asset Management Corporation|KoreaAlternativeInvestmentAssetManagementCorporation,"금감원 파인 제도권금융회사조회(https://fine.fss.or.kr/fine/fncco/systemFncCo/list.do?menuNo=900038) 2026-09-18; 금융투자협회 회원사현황 등재; 금융통계정보시스템 202603 기준 등재; 허가등록업종: 전문사모집합투자업, 투자자문업"
am_korea_alt,한국대체투자자산운용,자산운용,한국대체투자자산운용|KoreaFundInvestmentManagement,"금감원 파인 제도권금융회사조회(https://fine.fss.or.kr/fine/fncco/systemFncCo/list.do?menuNo=900038) 2026-09-18; 금융투자협회 회원사현황 등재; 금융통계정보시스템 202603 기준 등재; 허가등록업종: 투자자문업, 전문사모집합투자업, 투자일임업"
am_kgrowth,한국성장금융투자운용,자산운용,한국성장금융투자운용|Korea Growth Investment Corporation|KoreaGrowthInvestmentCorporation,금감원 파인 제도권금융회사조회(https://fine.fss.or.kr/fine/fncco/systemFncCo/list.do?menuNo=900038) 2026-09-18; 금융투자협회 회원사현황 등재; 금융통계정보시스템 202603 기준 등재; 허가등록업종: 전문사모집합투자업
am_kbond,한국채권투자운용,자산운용,한국채권투자운용|Korea Fixed-Income Investment Advisory|KoreaFixed-IncomeInvestmentAdvisory,"금감원 파인 제도권금융회사조회(https://fine.fss.or.kr/fine/fncco/systemFncCo/list.do?menuNo=900038) 2026-09-18; 금융투자협회 회원사현황 등재; 금융통계정보시스템 202603 기준 등재; 허가등록업종: 전문사모집합투자업, 투자자문업, 투자일임업"
am_ki_realasset,한국투자리얼에셋운용,자산운용,한국투자리얼에셋운용|Korea Investment Real Asset Management|KoreaInvestmentRealAssetManagement,"금감원 파인 제도권금융회사조회(https://fine.fss.or.kr/fine/fncco/systemFncCo/list.do?menuNo=900038) 2026-09-18; 금융투자협회 회원사현황 등재; 금융통계정보시스템 202603 기준 등재; 허가등록업종: 종합 집합투자업, 일반 사모집합투자업, 투자자문업, 투자일임업; 파인 분류: 자산운용사/투자일임회사/투자자문회사"
am_ki_value,한국투자밸류자산운용,자산운용,한국투자밸류자산운용|Korea Investment Value Asset Management|KoreaInvestmentValueAssetManagement,금감원 파인 제도권금융회사조회(https://fine.fss.or.kr/fine/fncco/systemFncCo/list.do?menuNo=900038) 2026-09-18; 금융투자협회 회원사현황 등재; 금융통계정보시스템 202603 기준 등재; 허가등록업종: 자산운용업
am_ki,한국투자신탁운용,자산운용,한국투자신탁운용|Korea Investment Management|KoreaInvestmentManagement,금감원 파인 제도권금융회사조회(https://fine.fss.or.kr/fine/fncco/systemFncCo/list.do?menuNo=900038) 2026-09-18; 금융투자협회 회원사현황 등재; 금융통계정보시스템 202603 기준 등재; 허가등록업종: 자산운용업
am_hanmiglobalamc,한미글로벌투자운용,자산운용,한미글로벌투자운용|HanmiGlobal AMC|HanmiGlobalAMC,금감원 파인 제도권금융회사조회(https://fine.fss.or.kr/fine/fncco/systemFncCo/list.do?menuNo=900038) 2026-09-18; 금융통계정보시스템 202603 기준 등재; 허가등록업종: 일반사모집합투자업
am_hanbaek,한백자산운용,자산운용,한백자산운용|Hanbaek Asset Management|HanbaekAssetManagement,"금감원 파인 제도권금융회사조회(https://fine.fss.or.kr/fine/fncco/systemFncCo/list.do?menuNo=900038) 2026-09-18; 금융통계정보시스템 202603 기준 등재; 허가등록업종: 일반 사모집합투자업, 투자일임업; 파인 분류: 자산운용사/투자일임회사"
am_hansprime,한스프라임자산운용,자산운용,한스프라임자산운용|Hansprime Asset Management|HansprimeAssetManagement,"금감원 파인 제도권금융회사조회(https://fine.fss.or.kr/fine/fncco/systemFncCo/list.do?menuNo=900038) 2026-09-18; 금융투자협회 회원사현황 등재; 금융통계정보시스템 202603 기준 등재; 허가등록업종: 투자일임업, 전문사모집합투자업; 파인 분류: 자산운용사/투자자문회사"
am_hanpartners,한앤파트너스자산운용,자산운용,한앤파트너스자산운용|HAN & Partners Asset Management|HAN&PartnersAssetManagement,"금감원 파인 제도권금융회사조회(https://fine.fss.or.kr/fine/fncco/systemFncCo/list.do?menuNo=900038) 2026-09-18; 금융통계정보시스템 202603 기준 등재; 허가등록업종: 전문사모집합투자업, 투자자문업, 투자일임업; 파인 분류: 자산운용사/투자일임회사/투자자문회사"
am_hanilfirst,한일퍼스트자산운용,자산운용,한일퍼스트자산운용|Hanil First Asset Management|HanilFirstAssetManagement,"금감원 파인 제도권금융회사조회(https://fine.fss.or.kr/fine/fncco/systemFncCo/list.do?menuNo=900038) 2026-09-18; 금융투자협회 회원사현황 등재; 금융통계정보시스템 202603 기준 등재; 허가등록업종: 전문사모집합투자업, 투자자문업"
am_hanwha_inv,한화인베스트먼트,자산운용,한화인베스트먼트|Hanwha Investment|HanwhaInvestment,금감원 파인 제도권금융회사조회(https://fine.fss.or.kr/fine/fncco/systemFncCo/list.do?menuNo=900038) 2026-09-18; 금융투자협회 회원사현황 등재; 금융통계정보시스템 202603 기준 등재; 허가등록업종: 일반사모집합투자업
am_hanwha,한화자산운용,자산운용,한화자산운용|Hanwha Asset Management|HanwhaAssetManagement,"금감원 파인 제도권금융회사조회(https://fine.fss.or.kr/fine/fncco/systemFncCo/list.do?menuNo=900038) 2026-09-18; 금융투자협회 회원사현황 등재; 금융통계정보시스템 202603 기준 등재; 허가등록업종: 집합투자업, 투자자문업, 투자일임업"
am_haedives,해디브자산운용,자산운용,해디브자산운용|Haedives Asset Management|HaedivesAssetManagement,금감원 파인 제도권금융회사조회(https://fine.fss.or.kr/fine/fncco/systemFncCo/list.do?menuNo=900038) 2026-09-18; 금융통계정보시스템 202603 기준 등재; 허가등록업종: 일반사모집합투자업
am_hub,허브자산운용,자산운용,허브자산운용|Hub Asset Management|HubAssetManagement,금감원 파인 제도권금융회사조회(https://fine.fss.or.kr/fine/fncco/systemFncCo/list.do?menuNo=900038) 2026-09-18; 금융투자협회 회원사현황 등재; 금융통계정보시스템 202603 기준 등재; 허가등록업종: 일반사모집합투자업
am_heritagecapital,헤리티지자산운용,자산운용,헤리티지자산운용|Heritage Capital Management|HeritageCapitalManagement,"금감원 파인 제도권금융회사조회(https://fine.fss.or.kr/fine/fncco/systemFncCo/list.do?menuNo=900038) 2026-09-18; 금융투자협회 회원사현황 등재; 금융통계정보시스템 202603 기준 등재; 허가등록업종: 일반사모집합투자업, 투자자문업, 투자일임업"
am_innovation,혁신자산운용,자산운용,혁신자산운용|Innovation Asset Management|InnovationAssetManagement,"금감원 파인 제도권금융회사조회(https://fine.fss.or.kr/fine/fncco/systemFncCo/list.do?menuNo=900038) 2026-09-18; 금융통계정보시스템 202603 기준 등재; 허가등록업종: 투자자문업, 투자일임업, 일반사모집합투자업"
am_hyundai_alt,현대얼터너티브,자산운용,현대얼터너티브|현대얼터너티브자산운용|Hyundai Alternative|HyundaiAlternative,금감원 파인 제도권금융회사조회(https://fine.fss.or.kr/fine/fncco/systemFncCo/list.do?menuNo=900038) 2026-09-18; 금융투자협회 회원사현황 등재; 금융통계정보시스템 202603 기준 등재; 허가등록업종: 일반사모집합투자업
am_hyundai_inv,현대인베스트먼트자산운용,자산운용,현대인베스트먼트자산운용|Hyundai Investment|HyundaiInvestment,"금감원 파인 제도권금융회사조회(https://fine.fss.or.kr/fine/fncco/systemFncCo/list.do?menuNo=900038) 2026-09-18; 금융투자협회 회원사현황 등재; 금융통계정보시스템 202603 기준 등재; 허가등록업종: 투자자문업, 투자일임업, 자산운용업"
am_hyundai,현대자산운용,자산운용,현대자산운용|Hyundai Asset Management|HyundaiAssetManagement,"금감원 파인 제도권금융회사조회(https://fine.fss.or.kr/fine/fncco/systemFncCo/list.do?menuNo=900038) 2026-09-18; 금융투자협회 회원사현황 등재; 금융통계정보시스템 202603 기준 등재; 허가등록업종: 집합투자업, 투자자문업, 투자일임업"
am_hyundaihaimmanagementc,현대하임자산운용,자산운용,현대하임자산운용|HYUNDAI HAIM Asset ManagementCo|HYUNDAIHAIMAssetManagementCo,금감원 파인 제도권금융회사조회(https://fine.fss.or.kr/fine/fncco/systemFncCo/list.do?menuNo=900038) 2026-09-18; 금융투자협회 회원사현황 등재; 금융통계정보시스템 202603 기준 등재; 허가등록업종: 일반사모집합투자업
am_fine,화인자산운용,자산운용,화인자산운용|Fine Investment Corporation|FineInvestmentCorporation,금감원 파인 제도권금융회사조회(https://fine.fss.or.kr/fine/fncco/systemFncCo/list.do?menuNo=900038) 2026-09-18; 금융투자협회 회원사현황 등재; 금융통계정보시스템 202603 기준 등재; 허가등록업종: 전문사모집합투자업
am_bullspartners,황소자산운용,자산운용,황소자산운용|Bulls Partners|BullsPartners,"금감원 파인 제도권금융회사조회(https://fine.fss.or.kr/fine/fncco/systemFncCo/list.do?menuNo=900038) 2026-09-18; 금융투자협회 회원사현황 등재; 금융통계정보시스템 202603 기준 등재; 허가등록업종: 일반 사모집합투자업, 투자자문업, 투자일임업; 파인 분류: 자산운용사/투자일임회사/투자자문회사"
am_humanandbridge,휴먼앤드브릿지자산운용,자산운용,휴먼앤드브릿지자산운용|Human and Bridge Asset Management|HumanandBridgeAssetManagement,"금감원 파인 제도권금융회사조회(https://fine.fss.or.kr/fine/fncco/systemFncCo/list.do?menuNo=900038) 2026-09-18; 금융통계정보시스템 202603 기준 등재; 허가등록업종: 일반사모집합투자업, 투자자문업; 파인 분류: 자산운용사/투자자문회사"
am_heungkuk,흥국자산운용,자산운용,흥국자산운용|TaeKwang Investment Trust Management|TaeKwangInvestmentTrustManagement,금감원 파인 제도권금융회사조회(https://fine.fss.or.kr/fine/fncco/systemFncCo/list.do?menuNo=900038) 2026-09-18; 금융투자협회 회원사현황 등재; 금융통계정보시스템 202603 기준 등재; 허가등록업종: 자산운용업
am_history,히스토리자산운용,자산운용,히스토리자산운용|History Asset Management|HistoryAssetManagement,금감원 파인 제도권금융회사조회(https://fine.fss.or.kr/fine/fncco/systemFncCo/list.do?menuNo=900038) 2026-09-18; 금융통계정보시스템 202603 기준 등재; 허가등록업종: 일반사모집합투자업
ia_aiamaenijimeonteupeura,AIA 인베스트먼트 매니지먼트 프라이빗 리미티드,투자자문,AIA 인베스트먼트 매니지먼트 프라이빗 리미티드|AIA인베스트먼트매니지먼트프라이빗리미티드,금감원 파인 제도권금융회사조회(https://fine.fss.or.kr/fine/fncco/systemFncCo/list.do?menuNo=900038) 2026-09-18
ia_ampcapitalinvestors,AMP Capital investors Limited,투자자문,AMP Capital investors Limited|AMP Capital investors|AMPCapitalinvestorsLimited|AMPCapitalinvestors,"금감원 파인 제도권금융회사조회(https://fine.fss.or.kr/fine/fncco/systemFncCo/list.do?menuNo=900038) 2026-09-18; 허가등록업종: 역외투자자문업, 역외투자일임업"
ia_axainvestmentmanagersp,AXA Investment Managers Paris(프랑스),투자자문,AXA Investment Managers Paris(프랑스)|AXAInvestmentManagersParis(프랑스),금감원 파인 제도권금융회사조회(https://fine.fss.or.kr/fine/fncco/systemFncCo/list.do?menuNo=900038) 2026-09-18
ia_aberdeenfundmanagement,Aberdeen Fund Management Ltd.,투자자문,Aberdeen Fund Management Ltd.|AberdeenFundManagementLtd.,금감원 파인 제도권금융회사조회(https://fine.fss.or.kr/fine/fncco/systemFncCo/list.do?menuNo=900038) 2026-09-18
ia_acadian,Acadian Asset Management LLC,투자자문,Acadian Asset Management LLC|Acadian Asset Management|AcadianAssetManagementLLC|AcadianAssetManagement,금감원 파인 제도권금융회사조회(https://fine.fss.or.kr/fine/fncco/systemFncCo/list.do?menuNo=900038) 2026-09-18; 허가등록업종: 투자일임업
ia_alliancebernsteinlp,AllianceBernstein L.P.,투자자문,AllianceBernstein L.P.|AllianceBernstein L.P|AllianceBernsteinL.P.|AllianceBernsteinL.P,금감원 파인 제도권금융회사조회(https://fine.fss.or.kr/fine/fncco/systemFncCo/list.do?menuNo=900038) 2026-09-18; 허가등록업종: 투자일임업
ia_alliancebernstein,AllianceBernstein Ltd.,투자자문,AllianceBernstein Ltd.|AllianceBernstein|AllianceBernsteinLtd.,금감원 파인 제도권금융회사조회(https://fine.fss.or.kr/fine/fncco/systemFncCo/list.do?menuNo=900038) 2026-09-18; 허가등록업종: 투자일임업
ia_allianzglobalinvestors,Allianz Global Investors Asia Pacific Limited,투자자문,Allianz Global Investors Asia Pacific Limited|AllianzGlobalInvestorsAsiaPacificLimited,금감원 파인 제도권금융회사조회(https://fine.fss.or.kr/fine/fncco/systemFncCo/list.do?menuNo=900038) 2026-09-18
ia_amundihongkongltd,Amundi Hong Kong Ltd.,투자자문,Amundi Hong Kong Ltd.|AmundiHongKongLtd.,금감원 파인 제도권금융회사조회(https://fine.fss.or.kr/fine/fncco/systemFncCo/list.do?menuNo=900038) 2026-09-18
ia_avivainvestorsservices,Aviva Investors Global Services Limited,투자자문,Aviva Investors Global Services Limited|Aviva Investors Global Services|AvivaInvestorsGlobalServicesLimited|AvivaInvestorsGlobalServices,"금감원 파인 제도권금융회사조회(https://fine.fss.or.kr/fine/fncco/systemFncCo/list.do?menuNo=900038) 2026-09-18; 허가등록업종: 투자자문업, 투자일임업"
ia_bnpparibasassetmanagem,BNP Paribas Asset Management,투자자문,BNP Paribas Asset Management|BNPParibasAssetManagement,금감원 파인 제도권금융회사조회(https://fine.fss.or.kr/fine/fncco/systemFncCo/list.do?menuNo=900038) 2026-09-18
ia_bailliegiffordoverseas,Baillie Gifford Overseas Ltd.,투자자문,Baillie Gifford Overseas Ltd.|BaillieGiffordOverseasLtd.,금감원 파인 제도권금융회사조회(https://fine.fss.or.kr/fine/fncco/systemFncCo/list.do?menuNo=900038) 2026-09-18
ia_banksarasincoltd,Bank Sarasin & Co. Ltd.,투자자문,Bank Sarasin & Co. Ltd.|BankSarasin&Co.Ltd.,금감원 파인 제도권금융회사조회(https://fine.fss.or.kr/fine/fncco/systemFncCo/list.do?menuNo=900038) 2026-09-18
ia_baringasia,Baring Asset Management (Asia) Limited,투자자문,Baring Asset Management (Asia) Limited|Baring Asset Management (Asia)|BaringAssetManagement(Asia)Limited|BaringAssetManagement(Asia),금감원 파인 제도권금융회사조회(https://fine.fss.or.kr/fine/fncco/systemFncCo/list.do?menuNo=900038) 2026-09-18; 허가등록업종: 투자일임업
ia_blackrockinternational,"BlackRock International, Limited",투자자문,"BlackRock International, Limited|BlackRockInternational,Limited",금감원 파인 제도권금융회사조회(https://fine.fss.or.kr/fine/fncco/systemFncCo/list.do?menuNo=900038) 2026-09-18
ia_brandywineglobalinvest,"Brandywine Global Investment Management, LLC",투자자문,"Brandywine Global Investment Management, LLC|BrandywineGlobalInvestmentManagement,LLC",금감원 파인 제도권금융회사조회(https://fine.fss.or.kr/fine/fncco/systemFncCo/list.do?menuNo=900038) 2026-09-18
ia_capitalinternationalin,"Capital International, Inc.",투자자문,"Capital International, Inc.|CapitalInternational,Inc.",금감원 파인 제도권금융회사조회(https://fine.fss.or.kr/fine/fncco/systemFncCo/list.do?menuNo=900038) 2026-09-18
ia_chinamerchantssecuriti,"China Merchants Securities (HK) Co., Ltd.",투자자문,"China Merchants Securities (HK) Co., Ltd.|China Merchants Securities (HK)|ChinaMerchantsSecurities(HK)Co.,Ltd.|ChinaMerchantsSecurities(HK)",금감원 파인 제도권금융회사조회(https://fine.fss.or.kr/fine/fncco/systemFncCo/list.do?menuNo=900038) 2026-09-18; 허가등록업종: 투자자문업
ia_chinatonghai,China Tonghai Asset Management Limited,투자자문,China Tonghai Asset Management Limited|China Tonghai Asset Management|ChinaTonghaiAssetManagementLimited|ChinaTonghaiAssetManagement,"금감원 파인 제도권금융회사조회(https://fine.fss.or.kr/fine/fncco/systemFncCo/list.do?menuNo=900038) 2026-09-18; 허가등록업종: 투자자문업, 투자일임업; 파인 분류: 투자일임회사/투자자문회사"
ia_citigroupalternativein,Citigroup Alternative Investments LLC,투자자문,Citigroup Alternative Investments LLC|CitigroupAlternativeInvestmentsLLC,금감원 파인 제도권금융회사조회(https://fine.fss.or.kr/fine/fncco/systemFncCo/list.do?menuNo=900038) 2026-09-18
ia_citigroupglobalmarkets,Citigroup Global Markets Australia Pty Ltd.,투자자문,Citigroup Global Markets Australia Pty Ltd.|CitigroupGlobalMarketsAustraliaPtyLtd.,금감원 파인 제도권금융회사조회(https://fine.fss.or.kr/fine/fncco/systemFncCo/list.do?menuNo=900038) 2026-09-18
ia_creditsuisseassetmanag,Credit Suisse Asset Management Limited,투자자문,Credit Suisse Asset Management Limited|CreditSuisseAssetManagementLimited,금감원 파인 제도권금융회사조회(https://fine.fss.or.kr/fine/fncco/systemFncCo/list.do?menuNo=900038) 2026-09-18
ia_daiwa,Daiwa Asset Management Co. Ltd.,투자자문,Daiwa Asset Management Co. Ltd.|Daiwa Asset Management|DaiwaAssetManagementCo.Ltd.|DaiwaAssetManagement,금감원 파인 제도권금융회사조회(https://fine.fss.or.kr/fine/fncco/systemFncCo/list.do?menuNo=900038) 2026-09-18; 허가등록업종: 투자자문업
ia_filinvestmentmanagemen,FIL Investment Management (Hong Kong) Ltd.,투자자문,FIL Investment Management (Hong Kong) Ltd.|FILInvestmentManagement(HongKong)Ltd.,금감원 파인 제도권금융회사조회(https://fine.fss.or.kr/fine/fncco/systemFncCo/list.do?menuNo=900038) 2026-09-18
ia_firstsentierinvestorsh,First Sentier Investors (Hong Kong) Limited,투자자문,First Sentier Investors (Hong Kong) Limited|FirstSentierInvestors(HongKong)Limited,금감원 파인 제도권금융회사조회(https://fine.fss.or.kr/fine/fncco/systemFncCo/list.do?menuNo=900038) 2026-09-18
ia_franklintempleton,Franklin Templeton Investment Management Ltd.(영국),투자자문,Franklin Templeton Investment Management Ltd.(영국)|Franklin Templeton Investment Management|FranklinTempletonInvestmentManagementLtd.(영국)|FranklinTempletonInvestmentManagement,"금감원 파인 제도권금융회사조회(https://fine.fss.or.kr/fine/fncco/systemFncCo/list.do?menuNo=900038) 2026-09-18; 허가등록업종: 투자자문업,투자일임업(역외)"
ia_gcmgrosvenorlp,GCM Grosvenor L.P.,투자자문,GCM Grosvenor L.P.|GCMGrosvenorL.P.,금감원 파인 제도권금융회사조회(https://fine.fss.or.kr/fine/fncco/systemFncCo/list.do?menuNo=900038) 2026-09-18
ia_goldentreelp,GoldenTree Asset Management LP,투자자문,GoldenTree Asset Management LP|GoldenTreeAssetManagementLP,금감원 파인 제도권금융회사조회(https://fine.fss.or.kr/fine/fncco/systemFncCo/list.do?menuNo=900038) 2026-09-18; 허가등록업종: 투자일임업
ia_goldmansachsinternatio,Goldman Sachs Asset Management International,투자자문,Goldman Sachs Asset Management International|GoldmanSachsAssetManagementInternational,금감원 파인 제도권금융회사조회(https://fine.fss.or.kr/fine/fncco/systemFncCo/list.do?menuNo=900038) 2026-09-18; 허가등록업종: 투자일임업
ia_hsbcglobalassetmanagem,HSBC Global Asset Management (Hong Kong) Ltd.,투자자문,HSBC Global Asset Management (Hong Kong) Ltd.|HSBCGlobalAssetManagement(HongKong)Ltd.,금감원 파인 제도권금융회사조회(https://fine.fss.or.kr/fine/fncco/systemFncCo/list.do?menuNo=900038) 2026-09-18
ia_hanaasia,Hana Asset Management Asia Pte. Ltd.(하나에셋매니지먼트아시아),투자자문,Hana Asset Management Asia Pte. Ltd.(하나에셋매니지먼트아시아)|Hana Asset Management Asia|HanaAssetManagementAsiaPte.Ltd.(하나에셋매니지먼트아시아)|HanaAssetManagementAsia,금감원 파인 제도권금융회사조회(https://fine.fss.or.kr/fine/fncco/systemFncCo/list.do?menuNo=900038) 2026-09-18; 허가등록업종: 역외 투자자문업
ia_hanwhaassetmanagementu,Hanwha Asset Management(USA) Ltd.,투자자문,Hanwha Asset Management(USA) Ltd.|HanwhaAssetManagement(USA)Ltd.,금감원 파인 제도권금융회사조회(https://fine.fss.or.kr/fine/fncco/systemFncCo/list.do?menuNo=900038) 2026-09-18
ia_hwabaowphongkong,"Hwabao WP Asset Management(Hong Kong) Co., Limited",투자자문,"Hwabao WP Asset Management(Hong Kong) Co., Limited|Hwabao WP Asset Management(Hong Kong)|HwabaoWPAssetManagement(HongKong)Co.,Limited|HwabaoWPAssetManagement(HongKong)",금감원 파인 제도권금융회사조회(https://fine.fss.or.kr/fine/fncco/systemFncCo/list.do?menuNo=900038) 2026-09-18; 허가등록업종: 투자자문업
ia_invescohongkongltd,INVESCO Hong Kong Ltd,투자자문,INVESCO Hong Kong Ltd|INVESCOHongKongLtd,금감원 파인 제도권금융회사조회(https://fine.fss.or.kr/fine/fncco/systemFncCo/list.do?menuNo=900038) 2026-09-18
ia_independentstrategyltd,Independent Strategy Ltd,투자자문,Independent Strategy Ltd|IndependentStrategyLtd,금감원 파인 제도권금융회사조회(https://fine.fss.or.kr/fine/fncco/systemFncCo/list.do?menuNo=900038) 2026-09-18
ia_internationalinvestmen,International Investment Advisers LLC,투자자문,International Investment Advisers LLC|InternationalInvestmentAdvisersLLC,금감원 파인 제도권금융회사조회(https://fine.fss.or.kr/fine/fncco/systemFncCo/list.do?menuNo=900038) 2026-09-18
ia_jpmorganinvestmentmana,J.P.Morgan Investment Management Inc.,투자자문,J.P.Morgan Investment Management Inc.|J.P.MorganInvestmentManagementInc.,금감원 파인 제도권금융회사조회(https://fine.fss.or.kr/fine/fncco/systemFncCo/list.do?menuNo=900038) 2026-09-18
ia_janushendersoninvestor,Janus Henderson Investors (Singapore) Limited,투자자문,Janus Henderson Investors (Singapore) Limited|JanusHendersonInvestors(Singapore)Limited,금감원 파인 제도권금융회사조회(https://fine.fss.or.kr/fine/fncco/systemFncCo/list.do?menuNo=900038) 2026-09-18
ia_jupiterassetmanagement,Jupiter Asset Management Limited(주피터 애셋 매니지먼트 리미티드),투자자문,Jupiter Asset Management Limited(주피터 애셋 매니지먼트 리미티드)|JupiterAssetManagementLimited(주피터애셋매니지먼트리미티드),금감원 파인 제도권금융회사조회(https://fine.fss.or.kr/fine/fncco/systemFncCo/list.do?menuNo=900038) 2026-09-18
ia_lgtinvestmentmanagemen,LGT Investment Management Ltd.,투자자문,LGT Investment Management Ltd.|LGTInvestmentManagementLtd.,금감원 파인 제도권금융회사조회(https://fine.fss.or.kr/fine/fncco/systemFncCo/list.do?menuNo=900038) 2026-09-18
ia_lazardassetmanagementl,Lazard Asset Management LLC.,투자자문,Lazard Asset Management LLC.|LazardAssetManagementLLC.,금감원 파인 제도권금융회사조회(https://fine.fss.or.kr/fine/fncco/systemFncCo/list.do?menuNo=900038) 2026-09-18
ia_leggmasonassetmanageme,Legg Mason Asset Management Hong Kong Limited,투자자문,Legg Mason Asset Management Hong Kong Limited|LeggMasonAssetManagementHongKongLimited,금감원 파인 제도권금융회사조회(https://fine.fss.or.kr/fine/fncco/systemFncCo/list.do?menuNo=900038) 2026-09-18
ia_loomissaylescompanymig,"Loomis, Sayles & Company(미국)",투자자문,"Loomis, Sayles & Company(미국)|Loomis,Sayles&Company(미국)",금감원 파인 제도권금융회사조회(https://fine.fss.or.kr/fine/fncco/systemFncCo/list.do?menuNo=900038) 2026-09-18
ia_mbkseupesyeolsityueisy,MBK파트너스스페셜시튜에이션스,투자자문,MBK파트너스스페셜시튜에이션스|엠비케이파트너스스페셜시튜에이션스,금감원 파인 제도권금융회사조회(https://fine.fss.or.kr/fine/fncco/systemFncCo/list.do?menuNo=900038) 2026-09-18; 금융통계정보시스템 202603 기준 등재
ia_meagmunichergokapitala,MEAG MUNICH ERGO Kapitalanlagegesellschaft mbH,투자자문,MEAG MUNICH ERGO Kapitalanlagegesellschaft mbH|MEAGMUNICHERGOKapitalanlagegesellschaftmbH,금감원 파인 제도권금융회사조회(https://fine.fss.or.kr/fine/fncco/systemFncCo/list.do?menuNo=900038) 2026-09-18; 허가등록업종: 투자일임업
ia_manglobalprivatemarket,Man Global Private Markets(UK) Limited,투자자문,Man Global Private Markets(UK) Limited|ManGlobalPrivateMarkets(UK)Limited,금감원 파인 제도권금융회사조회(https://fine.fss.or.kr/fine/fncco/systemFncCo/list.do?menuNo=900038) 2026-09-18
ia_metlife,"Metlife Investment Management, LLC",투자자문,"Metlife Investment Management, LLC|Metlife Investment Management|MetlifeInvestmentManagement,LLC|MetlifeInvestmentManagement","금감원 파인 제도권금융회사조회(https://fine.fss.or.kr/fine/fncco/systemFncCo/list.do?menuNo=900038) 2026-09-18; 허가등록업종: 투자자문업,투자일임업"
ia_miraeindia,Mirae Asset Global Investment Management (India) Private Ltd.,투자자문,Mirae Asset Global Investment Management (India) Private Ltd.|Mirae Asset Global Investment Management (India) Private|MiraeAssetGlobalInvestmentManagement(India)PrivateLtd.|MiraeAssetGlobalInvestmentManagement(India)Private,금감원 파인 제도권금융회사조회(https://fine.fss.or.kr/fine/fncco/systemFncCo/list.do?menuNo=900038) 2026-09-18; 허가등록업종: 투자자문업
ia_miraeassetglobalinvest2,Mirae Asset Global Investment Management (UK) Ltd.,투자자문,Mirae Asset Global Investment Management (UK) Ltd.|MiraeAssetGlobalInvestmentManagement(UK)Ltd.,금감원 파인 제도권금융회사조회(https://fine.fss.or.kr/fine/fncco/systemFncCo/list.do?menuNo=900038) 2026-09-18
ia_mirae,Mirae Asset Global Investment Management Limited,투자자문,Mirae Asset Global Investment Management Limited|Mirae Asset Global Investment Management|MiraeAssetGlobalInvestmentManagementLimited|MiraeAssetGlobalInvestmentManagement,"금감원 파인 제도권금융회사조회(https://fine.fss.or.kr/fine/fncco/systemFncCo/list.do?menuNo=900038) 2026-09-18; 허가등록업종: 투자자문업, 투자일임업?"
ia_miraebrazil,Mirae Asset Global Investments (Brazil) Ltd.,투자자문,Mirae Asset Global Investments (Brazil) Ltd.|Mirae Asset Global Investments (Brazil)|MiraeAssetGlobalInvestments(Brazil)Ltd.|MiraeAssetGlobalInvestments(Brazil),금감원 파인 제도권금융회사조회(https://fine.fss.or.kr/fine/fncco/systemFncCo/list.do?menuNo=900038) 2026-09-18; 허가등록업종: 투자자문업 및 투자일임업
ia_miraeassetglobalinvest,Mirae Asset Global Investments (USA) LLC,투자자문,Mirae Asset Global Investments (USA) LLC|MiraeAssetGlobalInvestments(USA)LLC,금감원 파인 제도권금융회사조회(https://fine.fss.or.kr/fine/fncco/systemFncCo/list.do?menuNo=900038) 2026-09-18
ia_morganstanleyinvestmen,Morgan Stanley Investment Management Company,투자자문,Morgan Stanley Investment Management Company|MorganStanleyInvestmentManagementCompany,금감원 파인 제도권금융회사조회(https://fine.fss.or.kr/fine/fncco/systemFncCo/list.do?menuNo=900038) 2026-09-18
ia_morganstanleyinvestmen2,Morgan Stanley Investment Management Inc.,투자자문,Morgan Stanley Investment Management Inc.|MorganStanleyInvestmentManagementInc.,금감원 파인 제도권금융회사조회(https://fine.fss.or.kr/fine/fncco/systemFncCo/list.do?menuNo=900038) 2026-09-18
ia_morganstanley,Morgan Stanley Investment Management Limited,투자자문,Morgan Stanley Investment Management Limited|Morgan Stanley Investment Management|MorganStanleyInvestmentManagementLimited|MorganStanleyInvestmentManagement,"금감원 파인 제도권금융회사조회(https://fine.fss.or.kr/fine/fncco/systemFncCo/list.do?menuNo=900038) 2026-09-18; 허가등록업종: 투자자문업, 투자일임업?"
ia_newyorklife,New York Life Investment Management LLC.,투자자문,New York Life Investment Management LLC.|New York Life Investment Management|NewYorkLifeInvestmentManagementLLC.|NewYorkLifeInvestmentManagement,"금감원 파인 제도권금융회사조회(https://fine.fss.or.kr/fine/fncco/systemFncCo/list.do?menuNo=900038) 2026-09-18; 허가등록업종: 투자자문업,투자일임업"
ia_nikko,"Nikko Asset Management Co., Ltd.(일본)",투자자문,"Nikko Asset Management Co., Ltd.(일본)|Nikko Asset Management|NikkoAssetManagementCo.,Ltd.(일본)|NikkoAssetManagement","금감원 파인 제도권금융회사조회(https://fine.fss.or.kr/fine/fncco/systemFncCo/list.do?menuNo=900038) 2026-09-18; 허가등록업종: 투자자문업,투자일임업"
ia_nomuraassetmanagementc,"Nomura Asset Management Co., Ltd.",투자자문,"Nomura Asset Management Co., Ltd.|NomuraAssetManagementCo.,Ltd.",금감원 파인 제도권금융회사조회(https://fine.fss.or.kr/fine/fncco/systemFncCo/list.do?menuNo=900038) 2026-09-18
ia_nuveenhongkong,Nuveen Hong Kong Limited,투자자문,Nuveen Hong Kong Limited|Nuveen Hong Kong|NuveenHongKongLimited|NuveenHongKong,"금감원 파인 제도권금융회사조회(https://fine.fss.or.kr/fine/fncco/systemFncCo/list.do?menuNo=900038) 2026-09-18; 허가등록업종: 역외투자자문업, 역외투자일임업; 파인 분류: 투자일임회사/투자자문회사"
ia_pgiminc,"PGIM, Inc",투자자문,"PGIM, Inc|PGIM,Inc",금감원 파인 제도권금융회사조회(https://fine.fss.or.kr/fine/fncco/systemFncCo/list.do?menuNo=900038) 2026-09-18
ia_pimcoasialtd,PIMCO Asia Ltd.,투자자문,PIMCO Asia Ltd.|PIMCOAsiaLtd.,금감원 파인 제도권금융회사조회(https://fine.fss.or.kr/fine/fncco/systemFncCo/list.do?menuNo=900038) 2026-09-18
ia_panagoraassetmanagemen,"PanAgora Asset Management, Inc.",투자자문,"PanAgora Asset Management, Inc.|PanAgoraAssetManagement,Inc.",금감원 파인 제도권금융회사조회(https://fine.fss.or.kr/fine/fncco/systemFncCo/list.do?menuNo=900038) 2026-09-18
ia_pictetassetmanagementl,Pictet Asset Management Ltd.,투자자문,Pictet Asset Management Ltd.|PictetAssetManagementLtd.,금감원 파인 제도권금융회사조회(https://fine.fss.or.kr/fine/fncco/systemFncCo/list.do?menuNo=900038) 2026-09-18
ia_pingan,Ping An Asset Management Company Limited(평안자산관리),투자자문,Ping An Asset Management Company Limited(평안자산관리)|Ping An Asset Management|PingAnAssetManagementCompanyLimited(평안자산관리)|PingAnAssetManagement,"금감원 파인 제도권금융회사조회(https://fine.fss.or.kr/fine/fncco/systemFncCo/list.do?menuNo=900038) 2026-09-18; 허가등록업종: 투자자문업, 투자일임업; 파인 분류: 투자일임회사/투자자문회사"
ia_robecoinstitutionalass,Robeco Institutional Asset management B.V.,투자자문,Robeco Institutional Asset management B.V.|RobecoInstitutionalAssetmanagementB.V.,금감원 파인 제도권금융회사조회(https://fine.fss.or.kr/fine/fncco/systemFncCo/list.do?menuNo=900038) 2026-09-18
ia_rubiconinfrastructurea,Rubicon Infrastructure Advisors Unlimited Company,투자자문,Rubicon Infrastructure Advisors Unlimited Company|RubiconInfrastructureAdvisorsUnlimitedCompany,금감원 파인 제도권금융회사조회(https://fine.fss.or.kr/fine/fncco/systemFncCo/list.do?menuNo=900038) 2026-09-18
ia_seimaenijimeonteukopor,SEI 인베스트먼트 매니지먼트 코포레이션,투자자문,SEI 인베스트먼트 매니지먼트 코포레이션|SEI인베스트먼트매니지먼트코포레이션,금감원 파인 제도권금융회사조회(https://fine.fss.or.kr/fine/fncco/systemFncCo/list.do?menuNo=900038) 2026-09-18
ia_samsunglifeamerica,Samsung Life Investment (America) Ltd.,투자자문,Samsung Life Investment (America) Ltd.|Samsung Life Investment (America)|SamsungLifeInvestment(America)Ltd.|SamsungLifeInvestment(America),금감원 파인 제도권금융회사조회(https://fine.fss.or.kr/fine/fncco/systemFncCo/list.do?menuNo=900038) 2026-09-18; 허가등록업종: 투자자문업 및 투자일임업
ia_schroderinvestmentmana,Schroder Investment Management (Hong Kong) Ltd.,투자자문,Schroder Investment Management (Hong Kong) Ltd.|SchroderInvestmentManagement(HongKong)Ltd.,금감원 파인 제도권금융회사조회(https://fine.fss.or.kr/fine/fncco/systemFncCo/list.do?menuNo=900038) 2026-09-18
ia_schroderinvestmentmana2,Schroder Investment Management Ltd.,투자자문,Schroder Investment Management Ltd.|SchroderInvestmentManagementLtd.,금감원 파인 제도권금융회사조회(https://fine.fss.or.kr/fine/fncco/systemFncCo/list.do?menuNo=900038) 2026-09-18
ia_shenwanhongyuanassetma,Shenwan Hongyuan Asset Management (Asia) Limited,투자자문,Shenwan Hongyuan Asset Management (Asia) Limited|ShenwanHongyuanAssetManagement(Asia)Limited,금감원 파인 제도권금융회사조회(https://fine.fss.or.kr/fine/fncco/systemFncCo/list.do?menuNo=900038) 2026-09-18
ia_statestreetglobaladvis,State Street Global Advisors Asia Limited,투자자문,State Street Global Advisors Asia Limited|StateStreetGlobalAdvisorsAsiaLimited,금감원 파인 제도권금융회사조회(https://fine.fss.or.kr/fine/fncco/systemFncCo/list.do?menuNo=900038) 2026-09-18
ia_templetonassetmanageme,Templeton Asset Management Ltd.,투자자문,Templeton Asset Management Ltd.|TempletonAssetManagementLtd.,금감원 파인 제도권금융회사조회(https://fine.fss.or.kr/fine/fncco/systemFncCo/list.do?menuNo=900038) 2026-09-18
ia_ubsassetmanagementsing,UBS Asset Management (Singapore) Ltd,투자자문,UBS Asset Management (Singapore) Ltd|UBSAssetManagement(Singapore)Ltd,금감원 파인 제도권금융회사조회(https://fine.fss.or.kr/fine/fncco/systemFncCo/list.do?menuNo=900038) 2026-09-18
ia_ubsglobalassetmanageme,UBS Global Asset Management (UK) Ltd.,투자자문,UBS Global Asset Management (UK) Ltd.|UBSGlobalAssetManagement(UK)Ltd.,금감원 파인 제도권금융회사조회(https://fine.fss.or.kr/fine/fncco/systemFncCo/list.do?menuNo=900038) 2026-09-18
ia_unionbancairepriveegen,Union Bancaire Privee Geneva,투자자문,Union Bancaire Privee Geneva|UnionBancairePriveeGeneva,"금감원 파인 제도권금융회사조회(https://fine.fss.or.kr/fine/fncco/systemFncCo/list.do?menuNo=900038) 2026-09-18; 허가등록업종: 투자자문업,투자일임업"
ia_western,Western Asset Management Company Ltd. (UK),투자자문,Western Asset Management Company Ltd. (UK)|Western Asset Management|WesternAssetManagementCompanyLtd.(UK)|WesternAssetManagement,금감원 파인 제도권금융회사조회(https://fine.fss.or.kr/fine/fncco/systemFncCo/list.do?menuNo=900038) 2026-09-18; 허가등록업종: 투자일임업
ia_invescoassetmanagement,invesco asset management(Japan),투자자문,invesco asset management(Japan)|invescoassetmanagement(Japan),금감원 파인 제도권금융회사조회(https://fine.fss.or.kr/fine/fncco/systemFncCo/list.do?menuNo=900038) 2026-09-18
ia_ganet,가넷투자일임,투자자문,가넷투자일임,금감원 파인 제도권금융회사조회(https://fine.fss.or.kr/fine/fncco/systemFncCo/list.do?menuNo=900038) 2026-09-18; 금융통계정보시스템 202603 기준 등재
ia_gaon,가온투자일임,투자자문,가온투자일임,금감원 파인 제도권금융회사조회(https://fine.fss.or.kr/fine/fncco/systemFncCo/list.do?menuNo=900038) 2026-09-18; 금융통계정보시스템 202603 기준 등재
ia_gachi,가치투자자문,투자자문,가치투자자문,금감원 파인 제도권금융회사조회(https://fine.fss.or.kr/fine/fncco/systemFncCo/list.do?menuNo=900038) 2026-09-18; 금융투자협회 회원사현황 등재; 금융통계정보시스템 202603 기준 등재
ia_geonsinpeondeugwanri,건신펀드관리,투자자문,건신펀드관리,금감원 파인 제도권금융회사조회(https://fine.fss.or.kr/fine/fncco/systemFncCo/list.do?menuNo=900038) 2026-09-18
ia_gyeongseongrichi,경성리치투자자문,투자자문,경성리치투자자문,금융통계정보시스템 202603 기준 등재; 파인 미등재(협회/FISIS에만 등재) — 등록 여부 재확인 필요
ia_gyeongseong,경성투자자문,투자자문,경성투자자문,금감원 파인 제도권금융회사조회(https://fine.fss.or.kr/fine/fncco/systemFncCo/list.do?menuNo=900038) 2026-09-18; 금융투자협회 회원사현황 등재; 금융통계정보시스템 202603 기준 등재
ia_gyeongjedokrip,경제독립,투자자문,경제독립,금감원 파인 제도권금융회사조회(https://fine.fss.or.kr/fine/fncco/systemFncCo/list.do?menuNo=900038) 2026-09-18; 금융투자협회 회원사현황 등재; 허가등록업종: 투자자문업
ia_goldmansachshongkong,골드만삭스 애셋 매니지먼트 홍콩 리미티드,투자자문,골드만삭스 애셋 매니지먼트 홍콩 리미티드|Goldman Sachs Asset Management (Hong Kong)|골드만삭스애셋매니지먼트홍콩리미티드|GoldmanSachsAssetManagement(HongKong),금감원 파인 제도권금융회사조회(https://fine.fss.or.kr/fine/fncco/systemFncCo/list.do?menuNo=900038) 2026-09-18; 허가등록업종: 역외투자자문업 및 역외투자일임업
ia_goldeunokeu,골든오크인베스트먼트,투자자문,골든오크인베스트먼트,금감원 파인 제도권금융회사조회(https://fine.fss.or.kr/fine/fncco/systemFncCo/list.do?menuNo=900038) 2026-09-18; 금융통계정보시스템 202603 기준 등재; 허가등록업종: 투자자문업
ia_goldeunteuri,골든트리투자자문,투자자문,골든트리투자자문,금감원 파인 제도권금융회사조회(https://fine.fss.or.kr/fine/fncco/systemFncCo/list.do?menuNo=900038) 2026-09-18; 금융투자협회 회원사현황 등재; 금융통계정보시스템 202603 기준 등재
ia_goldeunporeseuteu,골든포레스트투자자문,투자자문,골든포레스트투자자문,금감원 파인 제도권금융회사조회(https://fine.fss.or.kr/fine/fncco/systemFncCo/list.do?menuNo=900038) 2026-09-18; 금융투자협회 회원사현황 등재; 금융통계정보시스템 202603 기준 등재; 허가등록업종: 투자자문업
ia_gonggaminbeseuteo,공감인베스터,투자자문,공감인베스터,금감원 파인 제도권금융회사조회(https://fine.fss.or.kr/fine/fncco/systemFncCo/list.do?menuNo=900038) 2026-09-18; 금융통계정보시스템 202603 기준 등재
ia_gyoboraipeuesetmaeniji,교보 라이프 에셋 매니지먼트(아메리카),투자자문,교보 라이프 에셋 매니지먼트(아메리카)|교보라이프에셋매니지먼트(아메리카),금감원 파인 제도권금융회사조회(https://fine.fss.or.kr/fine/fncco/systemFncCo/list.do?menuNo=900038) 2026-09-18
ia_gyou,교우투자자문,투자자문,교우투자자문,금감원 파인 제도권금융회사조회(https://fine.fss.or.kr/fine/fncco/systemFncCo/list.do?menuNo=900038) 2026-09-18; 금융통계정보시스템 202603 기준 등재
ia_gudo,구도투자자문,투자자문,구도투자자문,금감원 파인 제도권금융회사조회(https://fine.fss.or.kr/fine/fncco/systemFncCo/list.do?menuNo=900038) 2026-09-18; 금융투자협회 회원사현황 등재; 금융통계정보시스템 202603 기준 등재
ia_goodmorning,굿모닝투자일임,투자자문,굿모닝투자일임|Good morning Investment Management|GoodmorningInvestmentManagement,금감원 파인 제도권금융회사조회(https://fine.fss.or.kr/fine/fncco/systemFncCo/list.do?menuNo=900038) 2026-09-18; 금융투자협회 회원사현황 등재; 금융통계정보시스템 202603 기준 등재; 허가등록업종: 투자일임업
ia_gutsyasinbeseuteu,굿샷인베스트,투자자문,굿샷인베스트,금감원 파인 제도권금융회사조회(https://fine.fss.or.kr/fine/fncco/systemFncCo/list.do?menuNo=900038) 2026-09-18; 금융통계정보시스템 202603 기준 등재
ia_geuraundeu,그라운드투자자문,투자자문,그라운드투자자문,"금감원 파인 제도권금융회사조회(https://fine.fss.or.kr/fine/fncco/systemFncCo/list.do?menuNo=900038) 2026-09-18; 금융통계정보시스템 202603 기준 등재; 허가등록업종: 투자자문업, 투자일임업; 파인 분류: 투자일임회사/투자자문회사"
ia_granary,그레너리투자자문,투자자문,그레너리투자자문|Granary Investment Advisory|GranaryInvestmentAdvisory,금감원 파인 제도권금융회사조회(https://fine.fss.or.kr/fine/fncco/systemFncCo/list.do?menuNo=900038) 2026-09-18; 금융투자협회 회원사현황 등재; 금융통계정보시스템 202603 기준 등재; 허가등록업종: 투자자문업
ia_geureiseu,그레이스인베스트먼트투자자문,투자자문,그레이스인베스트먼트투자자문,금융통계정보시스템 202603 기준 등재; 파인 미등재(협회/FISIS에만 등재) — 등록 여부 재확인 필요
ia_geurouwel,그로우웰,투자자문,그로우웰,금감원 파인 제도권금융회사조회(https://fine.fss.or.kr/fine/fncco/systemFncCo/list.do?menuNo=900038) 2026-09-18; 금융통계정보시스템 202603 기준 등재
ia_geuroingbaelryu,그로잉밸류,투자자문,그로잉밸류,금감원 파인 제도권금융회사조회(https://fine.fss.or.kr/fine/fncco/systemFncCo/list.do?menuNo=900038) 2026-09-18; 금융통계정보시스템 202603 기준 등재
ia_geulrobeolrichi,글로벌리치투자일임,투자자문,글로벌리치투자일임,금감원 파인 제도권금융회사조회(https://fine.fss.or.kr/fine/fncco/systemFncCo/list.do?menuNo=900038) 2026-09-18; 금융통계정보시스템 202603 기준 등재
ia_geulrobeorekseumaeniji,글로벌엑스 매니지먼트 컴퍼니,투자자문,글로벌엑스 매니지먼트 컴퍼니|글로벌엑스매니지먼트컴퍼니,금감원 파인 제도권금융회사조회(https://fine.fss.or.kr/fine/fncco/systemFncCo/list.do?menuNo=900038) 2026-09-18
ia_geulruonchaegwon,글루온채권투자일임,투자자문,글루온채권투자일임,금감원 파인 제도권금융회사조회(https://fine.fss.or.kr/fine/fncco/systemFncCo/list.do?menuNo=900038) 2026-09-18; 금융투자협회 회원사현황 등재; 금융통계정보시스템 202603 기준 등재
ia_geumgang,금강투자일임,투자자문,금강투자일임,금감원 파인 제도권금융회사조회(https://fine.fss.or.kr/fine/fncco/systemFncCo/list.do?menuNo=900038) 2026-09-18; 금융통계정보시스템 202603 기준 등재
ia_kumjin,금진투자일임,투자자문,금진투자일임|Kumjin Asset Management|KumjinAssetManagement,금감원 파인 제도권금융회사조회(https://fine.fss.or.kr/fine/fncco/systemFncCo/list.do?menuNo=900038) 2026-09-18; 금융투자협회 회원사현황 등재; 허가등록업종: 투자일임업
ia_geumjin,금진투자자문,투자자문,금진투자자문,금융통계정보시스템 202603 기준 등재; 파인 미등재(협회/FISIS에만 등재) — 등록 여부 재확인 필요
ia_giranemeichi,길안엠에이치투자자문,투자자문,길안엠에이치투자자문,금감원 파인 제도권금융회사조회(https://fine.fss.or.kr/fine/fncco/systemFncCo/list.do?menuNo=900038) 2026-09-18; 금융통계정보시스템 202603 기준 등재; 허가등록업종: 투자자문업
ia_kkumkkuneun,꿈꾸는투자일임,투자자문,꿈꾸는투자일임,금감원 파인 제도권금융회사조회(https://fine.fss.or.kr/fine/fncco/systemFncCo/list.do?menuNo=900038) 2026-09-18
ia_nado,나도투자,투자자문,나도투자|nado investment|nadoinvestment,금감원 파인 제도권금융회사조회(https://fine.fss.or.kr/fine/fncco/systemFncCo/list.do?menuNo=900038) 2026-09-18; 금융통계정보시스템 202603 기준 등재; 허가등록업종: 투자자문업(5-1-1)
ia_namo,나모투자일임,투자자문,나모투자일임,금감원 파인 제도권금융회사조회(https://fine.fss.or.kr/fine/fncco/systemFncCo/list.do?menuNo=900038) 2026-09-18; 금융통계정보시스템 202603 기준 등재
ia_naininbeseuteu,나인인베스트,투자자문,나인인베스트,금감원 파인 제도권금융회사조회(https://fine.fss.or.kr/fine/fncco/systemFncCo/list.do?menuNo=900038) 2026-09-18; 금융통계정보시스템 202603 기준 등재
ia_nainteuri,나인트리투자일임,투자자문,나인트리투자일임,금감원 파인 제도권금융회사조회(https://fine.fss.or.kr/fine/fncco/systemFncCo/list.do?menuNo=900038) 2026-09-18; 금융통계정보시스템 202603 기준 등재; 파인 분류: 투자일임회사/투자자문회사
ia_natixismanagersjapan,나티시스 인베스트먼트 매니저스(일본),투자자문,나티시스 인베스트먼트 매니저스(일본)|Natixis Investment Managers Japan|나티시스인베스트먼트매니저스(일본)|NatixisInvestmentManagersJapan,금감원 파인 제도권금융회사조회(https://fine.fss.or.kr/fine/fncco/systemFncCo/list.do?menuNo=900038) 2026-09-18; 허가등록업종: 투자일임업
ia_neteu,네트투자자문,투자자문,네트투자자문,금감원 파인 제도권금융회사조회(https://fine.fss.or.kr/fine/fncco/systemFncCo/list.do?menuNo=900038) 2026-09-18; 금융통계정보시스템 202603 기준 등재
ia_nekseutera,넥스테라투자일임,투자자문,넥스테라투자일임,금감원 파인 제도권금융회사조회(https://fine.fss.or.kr/fine/fncco/systemFncCo/list.do?menuNo=900038) 2026-09-18; 금융투자협회 회원사현황 등재; 금융통계정보시스템 202603 기준 등재
ia_noa,노아투자일임,투자자문,노아투자일임,금감원 파인 제도권금융회사조회(https://fine.fss.or.kr/fine/fncco/systemFncCo/list.do?menuNo=900038) 2026-09-18; 금융통계정보시스템 202603 기준 등재
ia_noibeogeobereumaniseut,노이버거 베르만 이스트 아시아 리미티드,투자자문,노이버거 베르만 이스트 아시아 리미티드|노이버거베르만이스트아시아리미티드,금감원 파인 제도권금융회사조회(https://fine.fss.or.kr/fine/fncco/systemFncCo/list.do?menuNo=900038) 2026-09-18
ia_nubinesetmaenijimeonte,누빈 에셋 매니지먼트 엘엘시,투자자문,누빈 에셋 매니지먼트 엘엘시|누빈에셋매니지먼트엘엘시,금감원 파인 제도권금융회사조회(https://fine.fss.or.kr/fine/fncco/systemFncCo/list.do?menuNo=900038) 2026-09-18
ia_nio,니오투자일임,투자자문,니오투자일임,금감원 파인 제도권금융회사조회(https://fine.fss.or.kr/fine/fncco/systemFncCo/list.do?menuNo=900038) 2026-09-18; 금융통계정보시스템 202603 기준 등재
ia_nichi,니치투자자문,투자자문,니치투자자문,금감원 파인 제도권금융회사조회(https://fine.fss.or.kr/fine/fncco/systemFncCo/list.do?menuNo=900038) 2026-09-18
ia_niponraipeuindiaesetma,니폰 라이프 인디아 에셋 매니지먼트 리미티드,투자자문,니폰 라이프 인디아 에셋 매니지먼트 리미티드|니폰라이프인디아에셋매니지먼트리미티드,금감원 파인 제도권금융회사조회(https://fine.fss.or.kr/fine/fncco/systemFncCo/list.do?menuNo=900038) 2026-09-18
ia_dasan,다산투자일임,투자자문,다산투자일임,금감원 파인 제도권금융회사조회(https://fine.fss.or.kr/fine/fncco/systemFncCo/list.do?menuNo=900038) 2026-09-18; 금융투자협회 회원사현황 등재
ia_dasan2,다산투자자문,투자자문,다산투자자문,금융통계정보시스템 202603 기준 등재; 파인 미등재(협회/FISIS에만 등재) — 등록 여부 재확인 필요
ia_daan,다안투자일임,투자자문,다안투자일임,금감원 파인 제도권금융회사조회(https://fine.fss.or.kr/fine/fncco/systemFncCo/list.do?menuNo=900038) 2026-09-18; 금융투자협회 회원사현황 등재; 금융통계정보시스템 202603 기준 등재
ia_dandelrion,단델리온파트너스,투자자문,단델리온파트너스,금감원 파인 제도권금융회사조회(https://fine.fss.or.kr/fine/fncco/systemFncCo/list.do?menuNo=900038) 2026-09-18; 금융통계정보시스템 202603 기준 등재
ia_dando,단도투자일임,투자자문,단도투자일임,금감원 파인 제도권금융회사조회(https://fine.fss.or.kr/fine/fncco/systemFncCo/list.do?menuNo=900038) 2026-09-18; 금융통계정보시스템 202603 기준 등재
ia_dangyeon,당연투자자문,투자자문,당연투자자문,금감원 파인 제도권금융회사조회(https://fine.fss.or.kr/fine/fncco/systemFncCo/list.do?menuNo=900038) 2026-09-18; 허가등록업종: 투자자문업
ia_daebum,대범투자자문,투자자문,대범투자자문|Daebum investment advisory|Daebuminvestmentadvisory,금감원 파인 제도권금융회사조회(https://fine.fss.or.kr/fine/fncco/systemFncCo/list.do?menuNo=900038) 2026-09-18; 금융투자협회 회원사현황 등재; 금융통계정보시스템 202603 기준 등재; 허가등록업종: 투자자문업
ia_daesang,대상파트너스,투자자문,대상파트너스,금감원 파인 제도권금융회사조회(https://fine.fss.or.kr/fine/fncco/systemFncCo/list.do?menuNo=900038) 2026-09-18; 금융통계정보시스템 202603 기준 등재
ia_daeyeong,대영투자자문,투자자문,대영투자자문,금감원 파인 제도권금융회사조회(https://fine.fss.or.kr/fine/fncco/systemFncCo/list.do?menuNo=900038) 2026-09-18; 금융통계정보시스템 202603 기준 등재
ia_daeun,대운투자일임,투자자문,대운투자일임,금감원 파인 제도권금융회사조회(https://fine.fss.or.kr/fine/fncco/systemFncCo/list.do?menuNo=900038) 2026-09-18; 금융투자협회 회원사현황 등재; 금융통계정보시스템 202603 기준 등재
ia_daejin,대진인베스트먼트,투자자문,대진인베스트먼트,금감원 파인 제도권금융회사조회(https://fine.fss.or.kr/fine/fncco/systemFncCo/list.do?menuNo=900038) 2026-09-18; 금융통계정보시스템 202603 기준 등재
ia_deonodeonteureoseuteuk,더 노던 트러스트 컴퍼니 오브 홍콩 리미티드,투자자문,더 노던 트러스트 컴퍼니 오브 홍콩 리미티드|더노던트러스트컴퍼니오브홍콩리미티드,금감원 파인 제도권금융회사조회(https://fine.fss.or.kr/fine/fncco/systemFncCo/list.do?menuNo=900038) 2026-09-18
ia_deodeurim,더드림투자자문,투자자문,더드림투자자문,금감원 파인 제도권금융회사조회(https://fine.fss.or.kr/fine/fncco/systemFncCo/list.do?menuNo=900038) 2026-09-18; 금융통계정보시스템 202603 기준 등재; 허가등록업종: 투자일임업
ia_deobain,더바인투자자문,투자자문,더바인투자자문,금감원 파인 제도권금융회사조회(https://fine.fss.or.kr/fine/fncco/systemFncCo/list.do?menuNo=900038) 2026-09-18; 금융통계정보시스템 202603 기준 등재; 허가등록업종: 투자자문업
ia_deobeuryuaendeobeuryu,더블유앤더블유투자자문,투자자문,더블유앤더블유투자자문|W&W Investment Advisory|W&WInvestmentAdvisory,금감원 파인 제도권금융회사조회(https://fine.fss.or.kr/fine/fncco/systemFncCo/list.do?menuNo=900038) 2026-09-18; 금융통계정보시스템 202603 기준 등재; 허가등록업종: 투자자문업
ia_deobeuryu,더블유투자자문,투자자문,더블유투자자문,금감원 파인 제도권금융회사조회(https://fine.fss.or.kr/fine/fncco/systemFncCo/list.do?menuNo=900038) 2026-09-18; 금융통계정보시스템 202603 기준 등재; 허가등록업종: 투자자문업
ia_deobeul,더블인베스트먼트,투자자문,더블인베스트먼트,금감원 파인 제도권금융회사조회(https://fine.fss.or.kr/fine/fncco/systemFncCo/list.do?menuNo=900038) 2026-09-18; 금융통계정보시스템 202603 기준 등재
ia_sdpartners,더에스디파트너스,투자자문,더에스디파트너스|The SD Partners|TheSDPartners,금감원 파인 제도권금융회사조회(https://fine.fss.or.kr/fine/fncco/systemFncCo/list.do?menuNo=900038) 2026-09-18; 금융통계정보시스템 202603 기준 등재; 허가등록업종: 투자자문업
ia_deowoninbeseuteo,더원인베스터,투자자문,더원인베스터,금감원 파인 제도권금융회사조회(https://fine.fss.or.kr/fine/fncco/systemFncCo/list.do?menuNo=900038) 2026-09-18; 금융통계정보시스템 202603 기준 등재
ia_chaeum,더채움투자자문,투자자문,더채움투자자문|THE CHAEUM Investment Advisory|THECHAEUMInvestmentAdvisory,금감원 파인 제도권금융회사조회(https://fine.fss.or.kr/fine/fncco/systemFncCo/list.do?menuNo=900038) 2026-09-18; 금융투자협회 회원사현황 등재; 금융통계정보시스템 202603 기준 등재; 허가등록업종: 투자자문업
ia_deokeulraesik,더클래식투자자문,투자자문,더클래식투자자문,금감원 파인 제도권금융회사조회(https://fine.fss.or.kr/fine/fncco/systemFncCo/list.do?menuNo=900038) 2026-09-18; 금융통계정보시스템 202603 기준 등재
ia_naeway,더함투자자문,투자자문,더함투자자문|Naeway Investment Management|NaewayInvestmentManagement,금감원 파인 제도권금융회사조회(https://fine.fss.or.kr/fine/fncco/systemFncCo/list.do?menuNo=900038) 2026-09-18; 금융투자협회 회원사현황 등재; 금융통계정보시스템 202603 기준 등재; 허가등록업종: 투자자문업
ia_doseu,도스투자자문,투자자문,도스투자자문,금융통계정보시스템 202603 기준 등재; 파인 미등재(협회/FISIS에만 등재) — 등록 여부 재확인 필요
ia_dugyeonginbeseuteu,두경인베스트,투자자문,두경인베스트,금감원 파인 제도권금융회사조회(https://fine.fss.or.kr/fine/fncco/systemFncCo/list.do?menuNo=900038) 2026-09-18; 금융통계정보시스템 202603 기준 등재
ia_dunamu,두나무투자일임,투자자문,두나무투자일임,금감원 파인 제도권금융회사조회(https://fine.fss.or.kr/fine/fncco/systemFncCo/list.do?menuNo=900038) 2026-09-18; 금융투자협회 회원사현황 등재; 금융통계정보시스템 202603 기준 등재
ia_duri,두리인베스트먼트,투자자문,두리인베스트먼트,금감원 파인 제도권금융회사조회(https://fine.fss.or.kr/fine/fncco/systemFncCo/list.do?menuNo=900038) 2026-09-18; 금융통계정보시스템 202603 기준 등재
ia_dumulmeori,두물머리투자자문,투자자문,두물머리투자자문,금감원 파인 제도권금융회사조회(https://fine.fss.or.kr/fine/fncco/systemFncCo/list.do?menuNo=900038) 2026-09-18; 금융투자협회 회원사현황 등재; 금융통계정보시스템 202603 기준 등재
ia_duin,두인투자자문,투자자문,두인투자자문,금감원 파인 제도권금융회사조회(https://fine.fss.or.kr/fine/fncco/systemFncCo/list.do?menuNo=900038) 2026-09-18; 금융통계정보시스템 202603 기준 등재
ia_deurimtuja,드림투자,투자자문,드림투자,금감원 파인 제도권금융회사조회(https://fine.fss.or.kr/fine/fncco/systemFncCo/list.do?menuNo=900038) 2026-09-18; 금융통계정보시스템 202603 기준 등재
ia_digeuneoseu,디그너스,투자자문,디그너스,금감원 파인 제도권금융회사조회(https://fine.fss.or.kr/fine/fncco/systemFncCo/list.do?menuNo=900038) 2026-09-18; 금융통계정보시스템 202603 기준 등재
ia_dimensyeonalpeondeueod,디멘셔날 펀드 어드바이저스 피티이 엘티디,투자자문,디멘셔날 펀드 어드바이저스 피티이 엘티디|디멘셔날펀드어드바이저스피티이엘티디,금감원 파인 제도권금융회사조회(https://fine.fss.or.kr/fine/fncco/systemFncCo/list.do?menuNo=900038) 2026-09-18
ia_dimenjyeon,디멘젼투자자문,투자자문,디멘젼투자자문,금감원 파인 제도권금융회사조회(https://fine.fss.or.kr/fine/fncco/systemFncCo/list.do?menuNo=900038) 2026-09-18; 금융통계정보시스템 202603 기준 등재
ia_dibieodeubaijeoriameri,디비 어드바이저리 아메리카 엘티디,투자자문,디비 어드바이저리 아메리카 엘티디|디비어드바이저리아메리카엘티디,금감원 파인 제도권금융회사조회(https://fine.fss.or.kr/fine/fncco/systemFncCo/list.do?menuNo=900038) 2026-09-18
ia_december,디셈버앤컴퍼니,투자자문,디셈버앤컴퍼니|December &|December&,"금감원 파인 제도권금융회사조회(https://fine.fss.or.kr/fine/fncco/systemFncCo/list.do?menuNo=900038) 2026-09-18; 금융투자협회 회원사현황 등재; 금융통계정보시스템 202603 기준 등재; 허가등록업종: 투자자문업, 투자일임업; 파인 분류: 투자일임회사/투자자문회사"
ia_dissi,디씨투자일임,투자자문,디씨투자일임,금감원 파인 제도권금융회사조회(https://fine.fss.or.kr/fine/fncco/systemFncCo/list.do?menuNo=900038) 2026-09-18; 금융통계정보시스템 202603 기준 등재
ia_diaeneseu,디앤에스투자일임,투자자문,디앤에스투자일임,금감원 파인 제도권금융회사조회(https://fine.fss.or.kr/fine/fncco/systemFncCo/list.do?menuNo=900038) 2026-09-18; 금융통계정보시스템 202603 기준 등재
ia_diaeneichi,디앤에이치투자일임,투자자문,디앤에이치투자일임,금감원 파인 제도권금융회사조회(https://fine.fss.or.kr/fine/fncco/systemFncCo/list.do?menuNo=900038) 2026-09-18; 금융투자협회 회원사현황 등재; 금융통계정보시스템 202603 기준 등재
ia_diaenkei,디앤케이투자일임,투자자문,디앤케이투자일임,금감원 파인 제도권금융회사조회(https://fine.fss.or.kr/fine/fncco/systemFncCo/list.do?menuNo=900038) 2026-09-18; 금융통계정보시스템 202603 기준 등재
ia_ditissi,디티씨투자자문,투자자문,디티씨투자자문,금감원 파인 제도권금융회사조회(https://fine.fss.or.kr/fine/fncco/systemFncCo/list.do?menuNo=900038) 2026-09-18; 금융통계정보시스템 202603 기준 등재; 허가등록업종: 투자자문업
ia_dipi,디피투자자문,투자자문,디피투자자문,금감원 파인 제도권금융회사조회(https://fine.fss.or.kr/fine/fncco/systemFncCo/list.do?menuNo=900038) 2026-09-18; 금융통계정보시스템 202603 기준 등재; 허가등록업종: 투자자문업
ia_dipteureideutekeunolro,딥트레이드테크놀로지스,투자자문,딥트레이드테크놀로지스,금감원 파인 제도권금융회사조회(https://fine.fss.or.kr/fine/fncco/systemFncCo/list.do?menuNo=900038) 2026-09-18; 금융통계정보시스템 202603 기준 등재
ia_lavi,라비,투자자문,Lavi,금감원 파인 제도권금융회사조회(https://fine.fss.or.kr/fine/fncco/systemFncCo/list.do?menuNo=900038) 2026-09-18; 금융통계정보시스템 202603 기준 등재; 허가등록업종: 투자자문업
ia_raon,라온투자일임,투자자문,라온투자일임,금감원 파인 제도권금융회사조회(https://fine.fss.or.kr/fine/fncco/systemFncCo/list.do?menuNo=900038) 2026-09-18; 금융통계정보시스템 202603 기준 등재
ia_raiteuinbeseuteu,라이트인베스트,투자자문,라이트인베스트,금감원 파인 제도권금융회사조회(https://fine.fss.or.kr/fine/fncco/systemFncCo/list.do?menuNo=900038) 2026-09-18; 금융통계정보시스템 202603 기준 등재
ia_raiteuhauseuerelssi,라이트하우스 인베스트먼트 파트너스 엘엘씨,투자자문,라이트하우스 인베스트먼트 파트너스 엘엘씨|라이트하우스인베스트먼트파트너스엘엘씨,금감원 파인 제도권금융회사조회(https://fine.fss.or.kr/fine/fncco/systemFncCo/list.do?menuNo=900038) 2026-09-18
ia_rajadeu,라자드코리아투자일임,투자자문,라자드코리아투자일임,금감원 파인 제도권금융회사조회(https://fine.fss.or.kr/fine/fncco/systemFncCo/list.do?menuNo=900038) 2026-09-18; 금융투자협회 회원사현황 등재; 금융통계정보시스템 202603 기준 등재
ia_raphan,라파엔,투자자문,라파엔|RAPHA-N,금감원 파인 제도권금융회사조회(https://fine.fss.or.kr/fine/fncco/systemFncCo/list.do?menuNo=900038) 2026-09-18; 금융통계정보시스템 202603 기준 등재; 허가등록업종: 투자자문업
ia_rapiseu,라피스인베스트먼트,투자자문,라피스인베스트먼트,금감원 파인 제도권금융회사조회(https://fine.fss.or.kr/fine/fncco/systemFncCo/list.do?menuNo=900038) 2026-09-18; 금융통계정보시스템 202603 기준 등재
ia_ragudeukaepitarerelssi,락우드 캐피탈 엘엘씨,투자자문,락우드 캐피탈 엘엘씨|락우드캐피탈엘엘씨,금감원 파인 제도권금융회사조회(https://fine.fss.or.kr/fine/fncco/systemFncCo/list.do?menuNo=900038) 2026-09-18
ia_rampaseu,람파스투자자문,투자자문,람파스투자자문,금감원 파인 제도권금융회사조회(https://fine.fss.or.kr/fine/fncco/systemFncCo/list.do?menuNo=900038) 2026-09-18; 금융통계정보시스템 202603 기준 등재; 파인 분류: 투자일임회사/투자자문회사
ia_reosel,러셀인베스트먼트투자자문,투자자문,러셀인베스트먼트투자자문,금감원 파인 제도권금융회사조회(https://fine.fss.or.kr/fine/fncco/systemFncCo/list.do?menuNo=900038) 2026-09-18; 금융투자협회 회원사현황 등재; 금융통계정보시스템 202603 기준 등재
ia_regnumcapital,레그넘투자자문,투자자문,레그넘투자자문|Regnum Capital Management|RegnumCapitalManagement,금감원 파인 제도권금융회사조회(https://fine.fss.or.kr/fine/fncco/systemFncCo/list.do?menuNo=900038) 2026-09-18; 금융통계정보시스템 202603 기준 등재; 허가등록업종: 투자자문업
ia_redpointpartners,레드포인트파트너스,투자자문,레드포인트파트너스|Redpoint Partners|RedpointPartners,"금감원 파인 제도권금융회사조회(https://fine.fss.or.kr/fine/fncco/systemFncCo/list.do?menuNo=900038) 2026-09-18; 금융통계정보시스템 202603 기준 등재; 허가등록업종: 투자자문업, 투자일임업"
ia_rebereobinbeseuteu,레벨업인베스트,투자자문,레벨업인베스트,금감원 파인 제도권금융회사조회(https://fine.fss.or.kr/fine/fncco/systemFncCo/list.do?menuNo=900038) 2026-09-18; 금융통계정보시스템 202603 기준 등재
ia_reo,레오투자자문,투자자문,레오투자자문,금감원 파인 제도권금융회사조회(https://fine.fss.or.kr/fine/fncco/systemFncCo/list.do?menuNo=900038) 2026-09-18
ia_reikeu,레이크투자자문,투자자문,레이크투자자문,금감원 파인 제도권금융회사조회(https://fine.fss.or.kr/fine/fncco/systemFncCo/list.do?menuNo=900038) 2026-09-18; 금융투자협회 회원사현황 등재; 금융통계정보시스템 202603 기준 등재; 허가등록업종: 투자자문업 및 투자일임업
ia_rainfield,레인필드투자자문,투자자문,레인필드투자자문|Rainfield Investment Advisor|RainfieldInvestmentAdvisor,금감원 파인 제도권금융회사조회(https://fine.fss.or.kr/fine/fncco/systemFncCo/list.do?menuNo=900038) 2026-09-18; 금융투자협회 회원사현황 등재; 금융통계정보시스템 202603 기준 등재; 허가등록업종: 투자자문업
ia_logos,로고스투자자문,투자자문,로고스투자자문|LOGOS INVESTMENT ADVISORS|LOGOSINVESTMENTADVISORS,금감원 파인 제도권금융회사조회(https://fine.fss.or.kr/fine/fncco/systemFncCo/list.do?menuNo=900038) 2026-09-18; 금융통계정보시스템 202603 기준 등재; 허가등록업종: 투자자문업
ia_rodeu,로드파트너스,투자자문,로드파트너스,금감원 파인 제도권금융회사조회(https://fine.fss.or.kr/fine/fncco/systemFncCo/list.do?menuNo=900038) 2026-09-18; 금융통계정보시스템 202603 기준 등재
ia_robecohongkong,로베코 홍콩 리미티드,투자자문,로베코 홍콩 리미티드|Robeco Hong Kong|로베코홍콩리미티드|RobecoHongKong,금감원 파인 제도권금융회사조회(https://fine.fss.or.kr/fine/fncco/systemFncCo/list.do?menuNo=900038) 2026-09-18; 허가등록업종: 투자일임업
ia_roboeodeubaijeo,로보어드바이저투자자문,투자자문,로보어드바이저투자자문,금감원 파인 제도권금융회사조회(https://fine.fss.or.kr/fine/fncco/systemFncCo/list.do?menuNo=900038) 2026-09-18; 금융통계정보시스템 202603 기준 등재
ia_robopiaadivisory,로보피아투자자문,투자자문,로보피아투자자문|RoboPia Adivisory of Investment|RoboPiaAdivisoryofInvestment,금감원 파인 제도권금융회사조회(https://fine.fss.or.kr/fine/fncco/systemFncCo/list.do?menuNo=900038) 2026-09-18; 금융투자협회 회원사현황 등재; 금융통계정보시스템 202603 기준 등재; 허가등록업종: 투자자문업
ia_losangelescapital,로스앤젤레스 캐피탈 매니지먼트,투자자문,로스앤젤레스 캐피탈 매니지먼트|Los Angeles Capital Management|로스앤젤레스캐피탈매니지먼트|LosAngelesCapitalManagement,금감원 파인 제도권금융회사조회(https://fine.fss.or.kr/fine/fncco/systemFncCo/list.do?menuNo=900038) 2026-09-18; 허가등록업종: 역외투자일임업
ia_rojeta,로제타투자자문,투자자문,로제타투자자문,금감원 파인 제도권금융회사조회(https://fine.fss.or.kr/fine/fncco/systemFncCo/list.do?menuNo=900038) 2026-09-18; 금융통계정보시스템 202603 기준 등재
ia_rojeuwei,로즈웨이투자자문,투자자문,로즈웨이투자자문,금감원 파인 제도권금융회사조회(https://fine.fss.or.kr/fine/fncco/systemFncCo/list.do?menuNo=900038) 2026-09-18
ia_rokettieoseu,로켓티어스,투자자문,로켓티어스,금감원 파인 제도권금융회사조회(https://fine.fss.or.kr/fine/fncco/systemFncCo/list.do?menuNo=900038) 2026-09-18; 금융통계정보시스템 202603 기준 등재
ia_rongteom,롱텀투자자문,투자자문,롱텀투자자문,금감원 파인 제도권금융회사조회(https://fine.fss.or.kr/fine/fncco/systemFncCo/list.do?menuNo=900038) 2026-09-18; 금융통계정보시스템 202603 기준 등재
ia_reunesangseu,르네상스파트너스,투자자문,르네상스파트너스,금감원 파인 제도권금융회사조회(https://fine.fss.or.kr/fine/fncco/systemFncCo/list.do?menuNo=900038) 2026-09-18; 금융통계정보시스템 202603 기준 등재
ia_rigeoljenereolmaenijim2,리걸 & 제네럴 인베스트먼트 매니지먼트 아시아 리미티드,투자자문,리걸 & 제네럴 인베스트먼트 매니지먼트 아시아 리미티드|리걸&제네럴인베스트먼트매니지먼트아시아리미티드,금감원 파인 제도권금융회사조회(https://fine.fss.or.kr/fine/fncco/systemFncCo/list.do?menuNo=900038) 2026-09-18
ia_rigeoljenereolmaenijim,리걸&제네럴 인베스트먼트 매니지먼트 리미티드,투자자문,리걸&제네럴 인베스트먼트 매니지먼트 리미티드|리걸&제네럴인베스트먼트매니지먼트리미티드,금감원 파인 제도권금융회사조회(https://fine.fss.or.kr/fine/fncco/systemFncCo/list.do?menuNo=900038) 2026-09-18
ia_rideoseuwoldeu,리더스월드,투자자문,리더스월드,금감원 파인 제도권금융회사조회(https://fine.fss.or.kr/fine/fncco/systemFncCo/list.do?menuNo=900038) 2026-09-18; 금융통계정보시스템 202603 기준 등재
ia_rideuseuton,리드스톤투자일임,투자자문,리드스톤투자일임,금감원 파인 제도권금융회사조회(https://fine.fss.or.kr/fine/fncco/systemFncCo/list.do?menuNo=900038) 2026-09-18; 금융투자협회 회원사현황 등재
ia_rideuseuton2,리드스톤투자자문,투자자문,리드스톤투자자문,금융통계정보시스템 202603 기준 등재; 파인 미등재(협회/FISIS에만 등재) — 등록 여부 재확인 필요
ia_leadon,리드온,투자자문,리드온|Leadon,"금감원 파인 제도권금융회사조회(https://fine.fss.or.kr/fine/fncco/systemFncCo/list.do?menuNo=900038) 2026-09-18; 금융투자협회 회원사현황 등재; 금융통계정보시스템 202603 기준 등재; 허가등록업종: 투자자문업, 투자일임업"
ia_ribeosaideu,리버사이드파트너스,투자자문,리버사이드파트너스,금감원 파인 제도권금융회사조회(https://fine.fss.or.kr/fine/fncco/systemFncCo/list.do?menuNo=900038) 2026-09-18; 금융통계정보시스템 202603 기준 등재
ia_ribereu,리베르투자일임,투자자문,리베르투자일임,금감원 파인 제도권금융회사조회(https://fine.fss.or.kr/fine/fncco/systemFncCo/list.do?menuNo=900038) 2026-09-18; 금융통계정보시스템 202603 기준 등재
ia_researcharum,리서치알음,투자자문,리서치알음|researcharum,금감원 파인 제도권금융회사조회(https://fine.fss.or.kr/fine/fncco/systemFncCo/list.do?menuNo=900038) 2026-09-18; 금융통계정보시스템 202603 기준 등재; 허가등록업종: 투자자문업
ia_riamgeurup,리암그룹,투자자문,리암그룹,금감원 파인 제도권금융회사조회(https://fine.fss.or.kr/fine/fncco/systemFncCo/list.do?menuNo=900038) 2026-09-18; 금융통계정보시스템 202603 기준 등재
ia_riaen,리앤파트너스투자자문,투자자문,리앤파트너스투자자문,금감원 파인 제도권금융회사조회(https://fine.fss.or.kr/fine/fncco/systemFncCo/list.do?menuNo=900038) 2026-09-18; 금융통계정보시스템 202603 기준 등재
ia_rieolbai,리얼바이투자자문,투자자문,리얼바이투자자문,금융통계정보시스템 202603 기준 등재; 파인 미등재(협회/FISIS에만 등재) — 등록 여부 재확인 필요
ia_richigeulrobeoreset,리치글로벌에셋,투자자문,리치글로벌에셋,금감원 파인 제도권금융회사조회(https://fine.fss.or.kr/fine/fncco/systemFncCo/list.do?menuNo=900038) 2026-09-18; 금융통계정보시스템 202603 기준 등재
ia_refine,리파인투자자문,투자자문,리파인투자자문|REFINE Investment|REFINEInvestment,금감원 파인 제도권금융회사조회(https://fine.fss.or.kr/fine/fncco/systemFncCo/list.do?menuNo=900038) 2026-09-18; 허가등록업종: 투자자문업
ia_ripain,리파인파트너스,투자자문,리파인파트너스,금융통계정보시스템 202603 기준 등재; 파인 미등재(협회/FISIS에만 등재) — 등록 여부 재확인 필요
ia_ripeu,리프투자자문,투자자문,리프투자자문,"금감원 파인 제도권금융회사조회(https://fine.fss.or.kr/fine/fncco/systemFncCo/list.do?menuNo=900038) 2026-09-18; 금융통계정보시스템 202603 기준 등재; 허가등록업종: 투자자문업, 투자일임업; 파인 분류: 투자일임회사/투자자문회사"
ia_ringkeu,링크투자자문,투자자문,링크투자자문,금감원 파인 제도권금융회사조회(https://fine.fss.or.kr/fine/fncco/systemFncCo/list.do?menuNo=900038) 2026-09-18; 금융통계정보시스템 202603 기준 등재
ia_maditau,마디타우파트너스,투자자문,마디타우파트너스,금감원 파인 제도권금융회사조회(https://fine.fss.or.kr/fine/fncco/systemFncCo/list.do?menuNo=900038) 2026-09-18
ia_master,마스터투자자문,투자자문,마스터투자자문|Master Investment Management|MasterInvestmentManagement,"금감원 파인 제도권금융회사조회(https://fine.fss.or.kr/fine/fncco/systemFncCo/list.do?menuNo=900038) 2026-09-18; 금융통계정보시스템 202603 기준 등재; 허가등록업종: 투자자문업, 투자일임업"
ia_maiseuteo,마이스터투자자문,투자자문,마이스터투자자문,금감원 파인 제도권금융회사조회(https://fine.fss.or.kr/fine/fncco/systemFncCo/list.do?menuNo=900038) 2026-09-18; 금융통계정보시스템 202603 기준 등재
ia_maketrideo,마켓리더투자일임,투자자문,마켓리더투자일임,금감원 파인 제도권금융회사조회(https://fine.fss.or.kr/fine/fncco/systemFncCo/list.do?menuNo=900038) 2026-09-18; 금융통계정보시스템 202603 기준 등재
ia_makeu,마크투자일임,투자자문,마크투자일임,금감원 파인 제도권금융회사조회(https://fine.fss.or.kr/fine/fncco/systemFncCo/list.do?menuNo=900038) 2026-09-18; 금융통계정보시스템 202603 기준 등재
ia_matera,마테라투자일임,투자자문,마테라투자일임,금감원 파인 제도권금융회사조회(https://fine.fss.or.kr/fine/fncco/systemFncCo/list.do?menuNo=900038) 2026-09-18; 금융통계정보시스템 202603 기준 등재
ia_maeteurikseu,매트릭스투자자문,투자자문,매트릭스투자자문,금감원 파인 제도권금융회사조회(https://fine.fss.or.kr/fine/fncco/systemFncCo/list.do?menuNo=900038) 2026-09-18; 금융투자협회 회원사현황 등재
ia_maeteurikseupeulrou,매트릭스플로우투자일임,투자자문,매트릭스플로우투자일임,금감원 파인 제도권금융회사조회(https://fine.fss.or.kr/fine/fncco/systemFncCo/list.do?menuNo=900038) 2026-09-18; 금융투자협회 회원사현황 등재; 금융통계정보시스템 202603 기준 등재
ia_maekseuaenmabeul,맥스앤마블투자일임,투자자문,맥스앤마블투자일임,금감원 파인 제도권금융회사조회(https://fine.fss.or.kr/fine/fncco/systemFncCo/list.do?menuNo=900038) 2026-09-18; 금융통계정보시스템 202603 기준 등재
ia_maekkworimaenijimeonte,맥쿼리 인베스트먼트 매니지먼트 글로벌 리미티드,투자자문,맥쿼리 인베스트먼트 매니지먼트 글로벌 리미티드|맥쿼리인베스트먼트매니지먼트글로벌리미티드,금감원 파인 제도권금융회사조회(https://fine.fss.or.kr/fine/fncco/systemFncCo/list.do?menuNo=900038) 2026-09-18
ia_maenyuraipeumaenijimeo,맨유라이프 인베스트먼트 매니지먼트 (홍콩) 리미티드,투자자문,맨유라이프 인베스트먼트 매니지먼트 (홍콩) 리미티드|맨유라이프인베스트먼트매니지먼트(홍콩)리미티드,금감원 파인 제도권금융회사조회(https://fine.fss.or.kr/fine/fncco/systemFncCo/list.do?menuNo=900038) 2026-09-18
ia_meoseohongkongrimitide,머서 인베스트먼트(홍콩) 리미티드,투자자문,머서 인베스트먼트(홍콩) 리미티드|머서인베스트먼트(홍콩)리미티드,금감원 파인 제도권금융회사조회(https://fine.fss.or.kr/fine/fncco/systemFncCo/list.do?menuNo=900038) 2026-09-18
ia_medichi,메디치투자일임,투자자문,메디치투자일임,금감원 파인 제도권금융회사조회(https://fine.fss.or.kr/fine/fncco/systemFncCo/list.do?menuNo=900038) 2026-09-18; 금융통계정보시스템 202603 기준 등재
ia_metaeset,메타에셋,투자자문,메타에셋,금감원 파인 제도권금융회사조회(https://fine.fss.or.kr/fine/fncco/systemFncCo/list.do?menuNo=900038) 2026-09-18; 금융통계정보시스템 202603 기준 등재
ia_metapo,메타포투자일임,투자자문,메타포투자일임,금감원 파인 제도권금융회사조회(https://fine.fss.or.kr/fine/fncco/systemFncCo/list.do?menuNo=900038) 2026-09-18; 금융통계정보시스템 202603 기준 등재
ia_metis,메티스투자자문,투자자문,메티스투자자문|METIS INVESTMENT ADVISORY|METISINVESTMENTADVISORY,금감원 파인 제도권금융회사조회(https://fine.fss.or.kr/fine/fncco/systemFncCo/list.do?menuNo=900038) 2026-09-18; 금융통계정보시스템 202603 기준 등재; 허가등록업종: 투자자문업(5-1-1)
ia_monako,모나코파트너스,투자자문,모나코파트너스,금감원 파인 제도권금융회사조회(https://fine.fss.or.kr/fine/fncco/systemFncCo/list.do?menuNo=900038) 2026-09-18; 금융통계정보시스템 202603 기준 등재
ia_moneseuteueiai,모네스트에이아이,투자자문,모네스트에이아이,금융통계정보시스템 202603 기준 등재; 파인 미등재(협회/FISIS에만 등재) — 등록 여부 재확인 필요
ia_momenseu,모멘스투자자문,투자자문,모멘스투자자문,금감원 파인 제도권금융회사조회(https://fine.fss.or.kr/fine/fncco/systemFncCo/list.do?menuNo=900038) 2026-09-18; 금융통계정보시스템 202603 기준 등재
ia_moa,모아투자자문,투자자문,모아투자자문,금감원 파인 제도권금융회사조회(https://fine.fss.or.kr/fine/fncco/systemFncCo/list.do?menuNo=900038) 2026-09-18; 금융투자협회 회원사현황 등재; 허가등록업종: 투자자문업
ia_mondo,몬도투자일임,투자자문,몬도투자일임,금감원 파인 제도권금융회사조회(https://fine.fss.or.kr/fine/fncco/systemFncCo/list.do?menuNo=900038) 2026-09-18; 금융통계정보시스템 202603 기준 등재
ia_muiseuinbeseuteu,무이스인베스트,투자자문,무이스인베스트,금감원 파인 제도권금융회사조회(https://fine.fss.or.kr/fine/fncco/systemFncCo/list.do?menuNo=900038) 2026-09-18; 금융통계정보시스템 202603 기준 등재
ia_moon,문투자자문,투자자문,문투자자문|MOON Investment Advisors|MOONInvestmentAdvisors,"금감원 파인 제도권금융회사조회(https://fine.fss.or.kr/fine/fncco/systemFncCo/list.do?menuNo=900038) 2026-09-18; 금융투자협회 회원사현황 등재; 금융통계정보시스템 202603 기준 등재; 허가등록업종: 투자자문업, 투자일임업"
ia_mideulteoneset,미들턴에셋,투자자문,미들턴에셋,금감원 파인 제도권금융회사조회(https://fine.fss.or.kr/fine/fncco/systemFncCo/list.do?menuNo=900038) 2026-09-18; 금융통계정보시스템 202603 기준 등재
ia_miraeaesetkaepitalchai,미래애셋 캐피탈 (차이나) 리미티드,투자자문,미래애셋 캐피탈 (차이나) 리미티드|미래애셋캐피탈(차이나)리미티드,금감원 파인 제도권금융회사조회(https://fine.fss.or.kr/fine/fncco/systemFncCo/list.do?menuNo=900038) 2026-09-18
ia_miraeesetdaeman,미래에셋자산운용(대만),투자자문,미래에셋자산운용(대만),금감원 파인 제도권금융회사조회(https://fine.fss.or.kr/fine/fncco/systemFncCo/list.do?menuNo=900038) 2026-09-18
ia_miraeesetbeteunam,미래에셋자산운용(베트남),투자자문,미래에셋자산운용(베트남),금감원 파인 제도권금융회사조회(https://fine.fss.or.kr/fine/fncco/systemFncCo/list.do?menuNo=900038) 2026-09-18
ia_miraeesetjeunggwonreon,미래에셋증권 런던현지법인,투자자문,미래에셋증권 런던현지법인|미래에셋증권런던현지법인,금감원 파인 제도권금융회사조회(https://fine.fss.or.kr/fine/fncco/systemFncCo/list.do?menuNo=900038) 2026-09-18
ia_miraeesetjeunggwonhong,미래에셋증권 홍콩법인,투자자문,미래에셋증권 홍콩법인|미래에셋증권홍콩법인,금감원 파인 제도권금융회사조회(https://fine.fss.or.kr/fine/fncco/systemFncCo/list.do?menuNo=900038) 2026-09-18
ia_miraeikjaetujagwanrisa,미래익재투자관리(상해)유한공사,투자자문,미래익재투자관리(상해)유한공사,금감원 파인 제도권금융회사조회(https://fine.fss.or.kr/fine/fncco/systemFncCo/list.do?menuNo=900038) 2026-09-18
ia_mirlee,미르앤리투자자문,투자자문,미르앤리투자자문|Mir&Lee Investment Advisors|Mir&LeeInvestmentAdvisors,금감원 파인 제도권금융회사조회(https://fine.fss.or.kr/fine/fncco/systemFncCo/list.do?menuNo=900038) 2026-09-18; 금융통계정보시스템 202603 기준 등재; 허가등록업종: 투자자문업
ia_mirinaeeset,미리내에셋,투자자문,미리내에셋,금감원 파인 제도권금융회사조회(https://fine.fss.or.kr/fine/fncco/systemFncCo/list.do?menuNo=900038) 2026-09-18; 금융통계정보시스템 202603 기준 등재
ia_miso,미소투자일임,투자자문,미소투자일임,금감원 파인 제도권금융회사조회(https://fine.fss.or.kr/fine/fncco/systemFncCo/list.do?menuNo=900038) 2026-09-18; 금융통계정보시스템 202603 기준 등재
ia_miseubatuja,미스바투자,투자자문,미스바투자,금감원 파인 제도권금융회사조회(https://fine.fss.or.kr/fine/fncco/systemFncCo/list.do?menuNo=900038) 2026-09-18; 금융통계정보시스템 202603 기준 등재
ia_misseubisiyuepeujeiteu,미쓰비시 유에프제이 트러스트 앤 뱅킹 코퍼레이션,투자자문,미쓰비시 유에프제이 트러스트 앤 뱅킹 코퍼레이션|미쓰비시유에프제이트러스트앤뱅킹코퍼레이션,금감원 파인 제도권금융회사조회(https://fine.fss.or.kr/fine/fncco/systemFncCo/list.do?menuNo=900038) 2026-09-18
ia_sumitomomitsuids,미쯔이스미토모 에셋매니지먼트,투자자문,미쯔이스미토모 에셋매니지먼트|Sumitomo Mitsui DS Asset Management|미쯔이스미토모에셋매니지먼트|SumitomoMitsuiDSAssetManagement,"금감원 파인 제도권금융회사조회(https://fine.fss.or.kr/fine/fncco/systemFncCo/list.do?menuNo=900038) 2026-09-18; 허가등록업종: 역외투자자문업, 역외투자일임업; 파인 분류: 투자일임회사/투자자문회사"
ia_mint,민트투자자문,투자자문,민트투자자문|MINT Investment|MINTInvestment,"금감원 파인 제도권금융회사조회(https://fine.fss.or.kr/fine/fncco/systemFncCo/list.do?menuNo=900038) 2026-09-18; 금융통계정보시스템 202603 기준 등재; 허가등록업종: 투자자문업, 투자일임업"
ia_milrenieolkopeoreisyeo,밀레니얼코퍼레이션,투자자문,밀레니얼코퍼레이션,금감원 파인 제도권금융회사조회(https://fine.fss.or.kr/fine/fncco/systemFncCo/list.do?menuNo=900038) 2026-09-18; 금융통계정보시스템 202603 기준 등재
ia_baro,바로투자자문,투자자문,바로투자자문,금융통계정보시스템 202603 기준 등재; 파인 미등재(협회/FISIS에만 등재) — 등록 여부 재확인 필요
ia_bain,바인투자자문,투자자문,바인투자자문,금감원 파인 제도권금융회사조회(https://fine.fss.or.kr/fine/fncco/systemFncCo/list.do?menuNo=900038) 2026-09-18; 금융투자협회 회원사현황 등재; 금융통계정보시스템 202603 기준 등재
ia_baekhyun,백현투자자문,투자자문,백현투자자문|BaekHyun Investment Advisory|BaekHyunInvestmentAdvisory,"금감원 파인 제도권금융회사조회(https://fine.fss.or.kr/fine/fncco/systemFncCo/list.do?menuNo=900038) 2026-09-18; 금융통계정보시스템 202603 기준 등재; 허가등록업종: 투자자문업, 투자일임업"
ia_baelreonseu,밸런스인베스트먼트,투자자문,밸런스인베스트먼트,금감원 파인 제도권금융회사조회(https://fine.fss.or.kr/fine/fncco/systemFncCo/list.do?menuNo=900038) 2026-09-18; 금융통계정보시스템 202603 기준 등재
ia_valuepartnershongkong,밸류 파트너스 홍콩 리미티드,투자자문,밸류 파트너스 홍콩 리미티드|Value Partners Hong Kong|밸류파트너스홍콩리미티드|ValuePartnersHongKong,금감원 파인 제도권금융회사조회(https://fine.fss.or.kr/fine/fncco/systemFncCo/list.do?menuNo=900038) 2026-09-18; 허가등록업종: 역외투자일임업
ia_baelryuai,밸류아이투자자문,투자자문,밸류아이투자자문,금감원 파인 제도권금융회사조회(https://fine.fss.or.kr/fine/fncco/systemFncCo/list.do?menuNo=900038) 2026-09-18; 금융투자협회 회원사현황 등재; 금융통계정보시스템 202603 기준 등재
ia_baelryueobeul,밸류어블파트너스,투자자문,밸류어블파트너스,금감원 파인 제도권금융회사조회(https://fine.fss.or.kr/fine/fncco/systemFncCo/list.do?menuNo=900038) 2026-09-18; 금융통계정보시스템 202603 기준 등재
ia_baelryutap,밸류탑투자자문,투자자문,밸류탑투자자문,금감원 파인 제도권금융회사조회(https://fine.fss.or.kr/fine/fncco/systemFncCo/list.do?menuNo=900038) 2026-09-18; 금융통계정보시스템 202603 기준 등재
ia_baenggadeuhongkongrimi,뱅가드 인베스트먼츠 홍콩 리미티드,투자자문,뱅가드 인베스트먼츠 홍콩 리미티드|뱅가드인베스트먼츠홍콩리미티드,금감원 파인 제도권금융회사조회(https://fine.fss.or.kr/fine/fncco/systemFncCo/list.do?menuNo=900038) 2026-09-18
ia_beeoringseuerelssi,베어링스 엘엘씨,투자자문,베어링스 엘엘씨|베어링스엘엘씨,금감원 파인 제도권금융회사조회(https://fine.fss.or.kr/fine/fncco/systemFncCo/list.do?menuNo=900038) 2026-09-18
ia_beta,베타투자자문,투자자문,베타투자자문,금감원 파인 제도권금융회사조회(https://fine.fss.or.kr/fine/fncco/systemFncCo/list.do?menuNo=900038) 2026-09-18
ia_beteogeuraundeu,베터그라운드,투자자문,베터그라운드,금감원 파인 제도권금융회사조회(https://fine.fss.or.kr/fine/fncco/systemFncCo/list.do?menuNo=900038) 2026-09-18; 금융통계정보시스템 202603 기준 등재; 허가등록업종: 투자자문업(5-1-1)
ia_bekseupain,벡스파인투자자문,투자자문,벡스파인투자자문,금감원 파인 제도권금융회사조회(https://fine.fss.or.kr/fine/fncco/systemFncCo/list.do?menuNo=900038) 2026-09-18; 금융통계정보시스템 202603 기준 등재
ia_bonekseuteu,보넥스트투자자문,투자자문,보넥스트투자자문,금감원 파인 제도권금융회사조회(https://fine.fss.or.kr/fine/fncco/systemFncCo/list.do?menuNo=900038) 2026-09-18; 금융투자협회 회원사현황 등재; 금융통계정보시스템 202603 기준 등재
ia_boseraesetmaenijimeont,보세라 에셋 매니지먼트 (인터내셔널) 리미티드,투자자문,보세라 에셋 매니지먼트 (인터내셔널) 리미티드|보세라에셋매니지먼트(인터내셔널)리미티드,금감원 파인 제도권금융회사조회(https://fine.fss.or.kr/fine/fncco/systemFncCo/list.do?menuNo=900038) 2026-09-18
ia_bostonpartnersinvestor,보스톤 파트너스 글로벌 인베스터스 아이앤씨,투자자문,보스톤 파트너스 글로벌 인베스터스 아이앤씨|Boston Partners Global Investors|보스톤파트너스글로벌인베스터스아이앤씨|BostonPartnersGlobalInvestors,금감원 파인 제도권금융회사조회(https://fine.fss.or.kr/fine/fncco/systemFncCo/list.do?menuNo=900038) 2026-09-18; 허가등록업종: 역외 투자일임업
ia_boaseutuja,보아스투자,투자자문,보아스투자,금감원 파인 제도권금융회사조회(https://fine.fss.or.kr/fine/fncco/systemFncCo/list.do?menuNo=900038) 2026-09-18; 금융통계정보시스템 202603 기준 등재
ia_beuraman,브라만투자자문,투자자문,브라만투자자문,금감원 파인 제도권금융회사조회(https://fine.fss.or.kr/fine/fncco/systemFncCo/list.do?menuNo=900038) 2026-09-18; 금융통계정보시스템 202603 기준 등재
ia_beuraedeuinbeseuteu,브래드인베스트,투자자문,브래드인베스트,금감원 파인 제도권금융회사조회(https://fine.fss.or.kr/fine/fncco/systemFncCo/list.do?menuNo=900038) 2026-09-18; 금융통계정보시스템 202603 기준 등재
ia_beurodeun,브로든투자자문,투자자문,브로든투자자문,금감원 파인 제도권금융회사조회(https://fine.fss.or.kr/fine/fncco/systemFncCo/list.do?menuNo=900038) 2026-09-18; 금융통계정보시스템 202603 기준 등재; 허가등록업종: 투자자문업
ia_beuron,브론파트너스,투자자문,브론파트너스,금감원 파인 제도권금융회사조회(https://fine.fss.or.kr/fine/fncco/systemFncCo/list.do?menuNo=900038) 2026-09-18; 금융통계정보시스템 202603 기준 등재
ia_beuiaenjiinbeseuteu,브이앤지인베스트,투자자문,브이앤지인베스트,금감원 파인 제도권금융회사조회(https://fine.fss.or.kr/fine/fncco/systemFncCo/list.do?menuNo=900038) 2026-09-18; 금융통계정보시스템 202603 기준 등재
ia_beuiwonpeuraibisekwoti,브이원프라이빗에쿼티,투자자문,브이원프라이빗에쿼티,금감원 파인 제도권금융회사조회(https://fine.fss.or.kr/fine/fncco/systemFncCo/list.do?menuNo=900038) 2026-09-18; 금융통계정보시스템 202603 기준 등재
ia_beulraekneombeoseu,블랙넘버스투자자문,투자자문,블랙넘버스투자자문,금감원 파인 제도권금융회사조회(https://fine.fss.or.kr/fine/fncco/systemFncCo/list.do?menuNo=900038) 2026-09-18; 금융통계정보시스템 202603 기준 등재
ia_beulraekrogeodeubaijeo,블랙록 어드바이저스 (영국) 리미티드,투자자문,블랙록 어드바이저스 (영국) 리미티드|블랙록어드바이저스(영국)리미티드,금감원 파인 제도권금융회사조회(https://fine.fss.or.kr/fine/fncco/systemFncCo/list.do?menuNo=900038) 2026-09-18
ia_beulraekrogesetmaeniji,블랙록 에셋 매니지먼트 노스 아시아 리미티드,투자자문,블랙록 에셋 매니지먼트 노스 아시아 리미티드|블랙록에셋매니지먼트노스아시아리미티드,금감원 파인 제도권금융회사조회(https://fine.fss.or.kr/fine/fncco/systemFncCo/list.do?menuNo=900038) 2026-09-18
ia_beulraekseutonaieseuji,블랙스톤 아이에스지-I 어드바이저스 엘엘씨,투자자문,블랙스톤 아이에스지-I 어드바이저스 엘엘씨|블랙스톤아이에스지-I어드바이저스엘엘씨,금감원 파인 제도권금융회사조회(https://fine.fss.or.kr/fine/fncco/systemFncCo/list.do?menuNo=900038) 2026-09-18
ia_beulraekseutoneolteone2,블랙스톤 얼터너티브 에셋 매니지먼트 엘피,투자자문,블랙스톤 얼터너티브 에셋 매니지먼트 엘피|블랙스톤얼터너티브에셋매니지먼트엘피,금감원 파인 제도권금융회사조회(https://fine.fss.or.kr/fine/fncco/systemFncCo/list.do?menuNo=900038) 2026-09-18
ia_beulraekseutoneolteone,블랙스톤 얼터너티브 크레딧 어드바이저스 엘피,투자자문,블랙스톤 얼터너티브 크레딧 어드바이저스 엘피|블랙스톤얼터너티브크레딧어드바이저스엘피,금감원 파인 제도권금융회사조회(https://fine.fss.or.kr/fine/fncco/systemFncCo/list.do?menuNo=900038) 2026-09-18
ia_beulraekseutonpeuropeo,블랙스톤 프로퍼티 어드바이저스 엘.피.,투자자문,블랙스톤 프로퍼티 어드바이저스 엘.피.|블랙스톤프로퍼티어드바이저스엘.피.,금감원 파인 제도권금융회사조회(https://fine.fss.or.kr/fine/fncco/systemFncCo/list.do?menuNo=900038) 2026-09-18
ia_blackquant,블랙퀀트에쿼티,투자자문,블랙퀀트에쿼티|Black Quant Equity|BlackQuantEquity,금감원 파인 제도권금융회사조회(https://fine.fss.or.kr/fine/fncco/systemFncCo/list.do?menuNo=900038) 2026-09-18; 금융통계정보시스템 202603 기준 등재; 허가등록업종: 투자자문업
ia_beulraekkeureinkaepita,블랙크레인 캐피탈,투자자문,블랙크레인 캐피탈|블랙크레인캐피탈,금감원 파인 제도권금융회사조회(https://fine.fss.or.kr/fine/fncco/systemFncCo/list.do?menuNo=900038) 2026-09-18
ia_biai,비아이파트너스,투자자문,비아이파트너스,금감원 파인 제도권금융회사조회(https://fine.fss.or.kr/fine/fncco/systemFncCo/list.do?menuNo=900038) 2026-09-18; 금융통계정보시스템 202603 기준 등재
ia_biaenwaimelreonmaeniji,비앤와이 멜런 인베스트먼트 매니지먼트 홍콩 리미티드,투자자문,비앤와이 멜런 인베스트먼트 매니지먼트 홍콩 리미티드|비앤와이멜런인베스트먼트매니지먼트홍콩리미티드,금감원 파인 제도권금융회사조회(https://fine.fss.or.kr/fine/fncco/systemFncCo/list.do?menuNo=900038) 2026-09-18
ia_biaenwaimelreon,비앤와이 멜런 투자자문,투자자문,비앤와이 멜런 투자자문|비앤와이멜런투자자문,금감원 파인 제도권금융회사조회(https://fine.fss.or.kr/fine/fncco/systemFncCo/list.do?menuNo=900038) 2026-09-18; 금융투자협회 회원사현황 등재; 금융통계정보시스템 202603 기준 등재
ia_bieseu,비에스인베스트먼트,투자자문,비에스인베스트먼트,금감원 파인 제도권금융회사조회(https://fine.fss.or.kr/fine/fncco/systemFncCo/list.do?menuNo=900038) 2026-09-18; 금융통계정보시스템 202603 기준 등재
ia_biepeueset,비에프에셋파트너스,투자자문,비에프에셋파트너스,금감원 파인 제도권금융회사조회(https://fine.fss.or.kr/fine/fncco/systemFncCo/list.do?menuNo=900038) 2026-09-18; 허가등록업종: 투자자문업
ia_bieneseu,비엔에스투자자문,투자자문,비엔에스투자자문,금융통계정보시스템 202603 기준 등재; 파인 미등재(협회/FISIS에만 등재) — 등록 여부 재확인 필요
ia_bienwaimelronmaenijime,비엔와이 멜론 인베스트먼트 매니지먼트 홍콩 리미티드,투자자문,비엔와이 멜론 인베스트먼트 매니지먼트 홍콩 리미티드|비엔와이멜론인베스트먼트매니지먼트홍콩리미티드,금감원 파인 제도권금융회사조회(https://fine.fss.or.kr/fine/fncco/systemFncCo/list.do?menuNo=900038) 2026-09-18
ia_bnpparibas,비엔피 파리바 에셋 매니지먼트,투자자문,비엔피 파리바 에셋 매니지먼트|BNP Paribas Asset Management|비엔피파리바에셋매니지먼트|BNPParibasAssetManagement,"금감원 파인 제도권금융회사조회(https://fine.fss.or.kr/fine/fncco/systemFncCo/list.do?menuNo=900038) 2026-09-18; 허가등록업종: 투자자문업, 투자일임업"
ia_bnpparibaspartnersasia,비엔피 파리바 인베스트먼트 파트너스 아시아 리미티드,투자자문,비엔피 파리바 인베스트먼트 파트너스 아시아 리미티드|BNP Paribas Investment Partners Asia|비엔피파리바인베스트먼트파트너스아시아리미티드|BNPParibasInvestmentPartnersAsia,금감원 파인 제도권금융회사조회(https://fine.fss.or.kr/fine/fncco/systemFncCo/list.do?menuNo=900038) 2026-09-18
ia_bmoasia,비엠오 글로벌 에셋 매니지먼트 아시아 리미티드,투자자문,비엠오 글로벌 에셋 매니지먼트 아시아 리미티드|BMO Global Asset Management (Asia)|비엠오글로벌에셋매니지먼트아시아리미티드|BMOGlobalAssetManagement(Asia),금감원 파인 제도권금융회사조회(https://fine.fss.or.kr/fine/fncco/systemFncCo/list.do?menuNo=900038) 2026-09-18; 허가등록업종: 투자일임업
ia_bichirii,비칠이이투자자문,투자자문,비칠이이투자자문,금융투자협회 회원사현황 등재; 금융통계정보시스템 202603 기준 등재; 파인 미등재(협회/FISIS에만 등재) — 등록 여부 재확인 필요
ia_beehiveinvest,비하이브투자자문,투자자문,비하이브투자자문|BEEHIVEINVEST,금감원 파인 제도권금융회사조회(https://fine.fss.or.kr/fine/fncco/systemFncCo/list.do?menuNo=900038) 2026-09-18; 금융통계정보시스템 202603 기준 등재; 허가등록업종: 투자자문업
ia_vicory,빅토리에셋투자자문,투자자문,빅토리에셋투자자문|Vicory Asset|VicoryAsset,금감원 파인 제도권금융회사조회(https://fine.fss.or.kr/fine/fncco/systemFncCo/list.do?menuNo=900038) 2026-09-18; 금융통계정보시스템 202603 기준 등재
ia_bildeubeulroginpo,빌드블록인포,투자자문,빌드블록인포,금감원 파인 제도권금융회사조회(https://fine.fss.or.kr/fine/fncco/systemFncCo/list.do?menuNo=900038) 2026-09-18; 금융통계정보시스템 202603 기준 등재; 허가등록업종: 투자자문업
ia_biraenteuri,빌앤트리투자일임,투자자문,빌앤트리투자일임,금감원 파인 제도권금융회사조회(https://fine.fss.or.kr/fine/fncco/systemFncCo/list.do?menuNo=900038) 2026-09-18; 금융투자협회 회원사현황 등재; 금융통계정보시스템 202603 기준 등재
ia_saimeon,사이먼투자일임,투자자문,사이먼투자일임,금감원 파인 제도권금융회사조회(https://fine.fss.or.kr/fine/fncco/systemFncCo/list.do?menuNo=900038) 2026-09-18; 금융통계정보시스템 202603 기준 등재
ia_sapienseu,사피엔스투자자문,투자자문,사피엔스투자자문,금감원 파인 제도권금융회사조회(https://fine.fss.or.kr/fine/fncco/systemFncCo/list.do?menuNo=900038) 2026-09-18; 금융통계정보시스템 202603 기준 등재; 허가등록업종: 투자자문업
ia_samsunglondon,삼성자산운용 런던법인,투자자문,삼성자산운용 런던법인|Samsung Asset Management (London)|삼성자산운용런던법인|SamsungAssetManagement(London),금감원 파인 제도권금융회사조회(https://fine.fss.or.kr/fine/fncco/systemFncCo/list.do?menuNo=900038) 2026-09-18; 허가등록업종: 역외투자자문일임업
ia_saeteon,새턴인베스트먼트,투자자문,새턴인베스트먼트,금감원 파인 제도권금융회사조회(https://fine.fss.or.kr/fine/fncco/systemFncCo/list.do?menuNo=900038) 2026-09-18; 금융투자협회 회원사현황 등재; 금융통계정보시스템 202603 기준 등재
ia_saenjeukaepiteolmaenij,샌즈 캐피털 매니지먼트,투자자문,샌즈 캐피털 매니지먼트|샌즈캐피털매니지먼트,금감원 파인 제도권금융회사조회(https://fine.fss.or.kr/fine/fncco/systemFncCo/list.do?menuNo=900038) 2026-09-18
ia_syain,샤인투자일임,투자자문,샤인투자일임,금감원 파인 제도권금융회사조회(https://fine.fss.or.kr/fine/fncco/systemFncCo/list.do?menuNo=900038) 2026-09-18; 금융통계정보시스템 202603 기준 등재
ia_syakeu,샤크투자일임,투자자문,샤크투자일임,금감원 파인 제도권금융회사조회(https://fine.fss.or.kr/fine/fncco/systemFncCo/list.do?menuNo=900038) 2026-09-18; 금융통계정보시스템 202603 기준 등재
ia_seoripul,서리풀투자일임,투자자문,서리풀투자일임,금감원 파인 제도권금융회사조회(https://fine.fss.or.kr/fine/fncco/systemFncCo/list.do?menuNo=900038) 2026-09-18; 금융통계정보시스템 202603 기준 등재
ia_seorim,서림파트너스,투자자문,서림파트너스,금감원 파인 제도권금융회사조회(https://fine.fss.or.kr/fine/fncco/systemFncCo/list.do?menuNo=900038) 2026-09-18; 금융통계정보시스템 202603 기준 등재
ia_sustinvest,서스틴베스트,투자자문,서스틴베스트|SUSTINVEST,금감원 파인 제도권금융회사조회(https://fine.fss.or.kr/fine/fncco/systemFncCo/list.do?menuNo=900038) 2026-09-18; 금융투자협회 회원사현황 등재; 금융통계정보시스템 202603 기준 등재; 허가등록업종: 투자자문업
ia_seoureset,서울에셋투자일임,투자자문,서울에셋투자일임,금감원 파인 제도권금융회사조회(https://fine.fss.or.kr/fine/fncco/systemFncCo/list.do?menuNo=900038) 2026-09-18; 금융통계정보시스템 202603 기준 등재
ia_seoyun,서윤투자일임,투자자문,서윤투자일임,금감원 파인 제도권금융회사조회(https://fine.fss.or.kr/fine/fncco/systemFncCo/list.do?menuNo=900038) 2026-09-18; 금융통계정보시스템 202603 기준 등재
ia_seokeul,서클투자일임,투자자문,서클투자일임,금감원 파인 제도권금융회사조회(https://fine.fss.or.kr/fine/fncco/systemFncCo/list.do?menuNo=900038) 2026-09-18; 금융통계정보시스템 202603 기준 등재
ia_seolmeon,설먼인베스트먼트,투자자문,설먼인베스트먼트,금감원 파인 제도권금융회사조회(https://fine.fss.or.kr/fine/fncco/systemFncCo/list.do?menuNo=900038) 2026-09-18; 금융통계정보시스템 202603 기준 등재
ia_seongukkeienpi,성욱케이엔피투자일임,투자자문,성욱케이엔피투자일임,금감원 파인 제도권금융회사조회(https://fine.fss.or.kr/fine/fncco/systemFncCo/list.do?menuNo=900038) 2026-09-18; 금융통계정보시스템 202603 기준 등재
ia_seongchang,성창투자자문,투자자문,성창투자자문,금감원 파인 제도권금융회사조회(https://fine.fss.or.kr/fine/fncco/systemFncCo/list.do?menuNo=900038) 2026-09-18; 허가등록업종: 투자자문업
ia_sebeunnain,세븐나인파트너스,투자자문,세븐나인파트너스,금감원 파인 제도권금융회사조회(https://fine.fss.or.kr/fine/fncco/systemFncCo/list.do?menuNo=900038) 2026-09-18; 금융통계정보시스템 202603 기준 등재
ia_sebeunbel,세븐벨투자일임,투자자문,세븐벨투자일임,금감원 파인 제도권금융회사조회(https://fine.fss.or.kr/fine/fncco/systemFncCo/list.do?menuNo=900038) 2026-09-18; 금융통계정보시스템 202603 기준 등재
ia_sebeuneset,세븐에셋,투자자문,세븐에셋,금감원 파인 제도권금융회사조회(https://fine.fss.or.kr/fine/fncco/systemFncCo/list.do?menuNo=900038) 2026-09-18; 금융통계정보시스템 202603 기준 등재
ia_seseung,세승투자자문,투자자문,세승투자자문,금감원 파인 제도권금융회사조회(https://fine.fss.or.kr/fine/fncco/systemFncCo/list.do?menuNo=900038) 2026-09-18; 금융통계정보시스템 202603 기준 등재; 허가등록업종: 투자자문업
ia_sea,세아투자일임,투자자문,세아투자일임,금감원 파인 제도권금융회사조회(https://fine.fss.or.kr/fine/fncco/systemFncCo/list.do?menuNo=900038) 2026-09-18; 금융통계정보시스템 202603 기준 등재
ia_seijiseu,세이지스투자일임,투자자문,세이지스투자일임,금감원 파인 제도권금융회사조회(https://fine.fss.or.kr/fine/fncco/systemFncCo/list.do?menuNo=900038) 2026-09-18; 금융통계정보시스템 202603 기준 등재
ia_senteureolbaelryu,센트럴밸류파트너스,투자자문,센트럴밸류파트너스,금감원 파인 제도권금융회사조회(https://fine.fss.or.kr/fine/fncco/systemFncCo/list.do?menuNo=900038) 2026-09-18; 금융통계정보시스템 202603 기준 등재
ia_senteureol,센트럴투자자문,투자자문,센트럴투자자문,금감원 파인 제도권금융회사조회(https://fine.fss.or.kr/fine/fncco/systemFncCo/list.do?menuNo=900038) 2026-09-18; 금융투자협회 회원사현황 등재; 금융통계정보시스템 202603 기준 등재; 허가등록업종: 투자자문업
ia_sentinel,센티넬인베스트먼트,투자자문,센티넬인베스트먼트,금감원 파인 제도권금융회사조회(https://fine.fss.or.kr/fine/fncco/systemFncCo/list.do?menuNo=900038) 2026-09-18
ia_sonamu,소나무투자일임,투자자문,소나무투자일임,금감원 파인 제도권금융회사조회(https://fine.fss.or.kr/fine/fncco/systemFncCo/list.do?menuNo=900038) 2026-09-18; 금융통계정보시스템 202603 기준 등재
ia_solromontuja,솔로몬투자,투자자문,솔로몬투자,금감원 파인 제도권금융회사조회(https://fine.fss.or.kr/fine/fncco/systemFncCo/list.do?menuNo=900038) 2026-09-18; 금융통계정보시스템 202603 기준 등재
ia_solrusyeonkwonteu,솔루션퀀트,투자자문,솔루션퀀트,금감원 파인 제도권금융회사조회(https://fine.fss.or.kr/fine/fncco/systemFncCo/list.do?menuNo=900038) 2026-09-18; 금융통계정보시스템 202603 기준 등재
ia_solteu,솔트투자일임,투자자문,솔트투자일임,금감원 파인 제도권금융회사조회(https://fine.fss.or.kr/fine/fncco/systemFncCo/list.do?menuNo=900038) 2026-09-18; 금융통계정보시스템 202603 기준 등재
ia_suji,수지투자일임,투자자문,수지투자일임,금감원 파인 제도권금융회사조회(https://fine.fss.or.kr/fine/fncco/systemFncCo/list.do?menuNo=900038) 2026-09-18; 금융통계정보시스템 202603 기준 등재
ia_xsu,수투자일임,투자자문,수투자일임,금감원 파인 제도권금융회사조회(https://fine.fss.or.kr/fine/fncco/systemFncCo/list.do?menuNo=900038) 2026-09-18; 금융통계정보시스템 202603 기준 등재
ia_snowball,스노우볼투자자문,투자자문,스노우볼투자자문|Snowball,"금감원 파인 제도권금융회사조회(https://fine.fss.or.kr/fine/fncco/systemFncCo/list.do?menuNo=900038) 2026-09-18; 금융통계정보시스템 202603 기준 등재; 허가등록업종: 투자일임업, 투자자문업"
ia_smartvalue,스마트밸류투자자문,투자자문,스마트밸류투자자문|Smart Value|SmartValue,금감원 파인 제도권금융회사조회(https://fine.fss.or.kr/fine/fncco/systemFncCo/list.do?menuNo=900038) 2026-09-18; 금융통계정보시스템 202603 기준 등재; 허가등록업종: 투자일임업
ia_seumitomomijjeuiteureo,스미토모 미쯔이 트러스트 에셋 매니지먼트 코 리미티드,투자자문,스미토모 미쯔이 트러스트 에셋 매니지먼트 코 리미티드|스미토모미쯔이트러스트에셋매니지먼트코리미티드,금감원 파인 제도권금융회사조회(https://fine.fss.or.kr/fine/fncco/systemFncCo/list.do?menuNo=900038) 2026-09-18
ia_seukai,스카이투자자문,투자자문,스카이투자자문,금감원 파인 제도권금융회사조회(https://fine.fss.or.kr/fine/fncco/systemFncCo/list.do?menuNo=900038) 2026-09-18; 금융투자협회 회원사현황 등재; 금융통계정보시스템 202603 기준 등재
ia_seukweeo,스퀘어투자자문,투자자문,스퀘어투자자문,금감원 파인 제도권금융회사조회(https://fine.fss.or.kr/fine/fncco/systemFncCo/list.do?menuNo=900038) 2026-09-18; 금융통계정보시스템 202603 기준 등재
ia_starruby,스타루비투자자문,투자자문,스타루비투자자문|Starruby Investment Advisors|StarrubyInvestmentAdvisors,금감원 파인 제도권금융회사조회(https://fine.fss.or.kr/fine/fncco/systemFncCo/list.do?menuNo=900038) 2026-09-18; 금융통계정보시스템 202603 기준 등재; 허가등록업종: 투자자문업
ia_seuta,스타인베스트먼트,투자자문,스타인베스트먼트,금감원 파인 제도권금융회사조회(https://fine.fss.or.kr/fine/fncco/systemFncCo/list.do?menuNo=900038) 2026-09-18; 금융통계정보시스템 202603 기준 등재
ia_seuteiteuseuteuriteuge,스테이트 스트리트 글로벌 어드바이저스 싱가포르 리미티드,투자자문,스테이트 스트리트 글로벌 어드바이저스 싱가포르 리미티드|스테이트스트리트글로벌어드바이저스싱가포르리미티드,금감원 파인 제도권금융회사조회(https://fine.fss.or.kr/fine/fncco/systemFncCo/list.do?menuNo=900038) 2026-09-18
ia_seutepseutongeurubelpi,스텝스톤그룹엘피,투자자문,스텝스톤그룹엘피,금감원 파인 제도권금융회사조회(https://fine.fss.or.kr/fine/fncco/systemFncCo/list.do?menuNo=900038) 2026-09-18
ia_seutonhabeoerelssi,스톤하버 인베스트먼트 파트너스 엘엘씨,투자자문,스톤하버 인베스트먼트 파트너스 엘엘씨|스톤하버인베스트먼트파트너스엘엘씨,금감원 파인 제도권금융회사조회(https://fine.fss.or.kr/fine/fncco/systemFncCo/list.do?menuNo=900038) 2026-09-18
ia_sparxasia,스팍스 아시아 인베스트먼트 어드바이저스 리미티드,투자자문,스팍스 아시아 인베스트먼트 어드바이저스 리미티드|SPARX Asia Investment Advisors|스팍스아시아인베스트먼트어드바이저스리미티드|SPARXAsiaInvestmentAdvisors,금감원 파인 제도권금융회사조회(https://fine.fss.or.kr/fine/fncco/systemFncCo/list.do?menuNo=900038) 2026-09-18; 허가등록업종: 역외 투자일임업
ia_seulringseuton,슬링스톤인베스트먼트,투자자문,슬링스톤인베스트먼트,금감원 파인 제도권금융회사조회(https://fine.fss.or.kr/fine/fncco/systemFncCo/list.do?menuNo=900038) 2026-09-18; 금융통계정보시스템 202603 기준 등재
ia_sigulerguff,"시귤러 거프 어드바이저스, 엘엘씨",투자자문,"시귤러 거프 어드바이저스, 엘엘씨|Siguler Guff Advisers|시귤러거프어드바이저스,엘엘씨|SigulerGuffAdvisers","금감원 파인 제도권금융회사조회(https://fine.fss.or.kr/fine/fncco/systemFncCo/list.do?menuNo=900038) 2026-09-18; 허가등록업종: 자문업, 일임업"
ia_sigeuma,시그마투자일임,투자자문,시그마투자일임,금감원 파인 제도권금융회사조회(https://fine.fss.or.kr/fine/fncco/systemFncCo/list.do?menuNo=900038) 2026-09-18; 금융통계정보시스템 202603 기준 등재
ia_sineoji,시너지투자자문,투자자문,시너지투자자문,금감원 파인 제도권금융회사조회(https://fine.fss.or.kr/fine/fncco/systemFncCo/list.do?menuNo=900038) 2026-09-18; 금융투자협회 회원사현황 등재; 금융통계정보시스템 202603 기준 등재
ia_sieseuopiesetmaenijime,시에스오피 에셋 매니지먼트 리미티드,투자자문,시에스오피 에셋 매니지먼트 리미티드|시에스오피에셋매니지먼트리미티드,금감원 파인 제도권금융회사조회(https://fine.fss.or.kr/fine/fncco/systemFncCo/list.do?menuNo=900038) 2026-09-18
ia_sinhanbienpiparibahong,신한 비엔피 파리바 자산운용(홍콩) 리미티드,투자자문,신한 비엔피 파리바 자산운용(홍콩) 리미티드|신한비엔피파리바자산운용(홍콩)리미티드,금감원 파인 제도권금융회사조회(https://fine.fss.or.kr/fine/fncco/systemFncCo/list.do?menuNo=900038) 2026-09-18
ia_sseodeuseuton,써드스톤투자자문,투자자문,써드스톤투자자문,금감원 파인 제도권금융회사조회(https://fine.fss.or.kr/fine/fncco/systemFncCo/list.do?menuNo=900038) 2026-09-18; 금융투자협회 회원사현황 등재; 금융통계정보시스템 202603 기준 등재
ia_sseomiteu,써미트투자자문,투자자문,써미트투자자문,금감원 파인 제도권금융회사조회(https://fine.fss.or.kr/fine/fncco/systemFncCo/list.do?menuNo=900038) 2026-09-18
ia_sseuredeunideuresetmae,쓰레드니들 에셋 매니지먼트 리미티드,투자자문,쓰레드니들 에셋 매니지먼트 리미티드|쓰레드니들에셋매니지먼트리미티드,금감원 파인 제도권금융회사조회(https://fine.fss.or.kr/fine/fncco/systemFncCo/list.do?menuNo=900038) 2026-09-18
ia_ssibiari,씨비알이투자자문,투자자문,씨비알이투자자문,금감원 파인 제도권금융회사조회(https://fine.fss.or.kr/fine/fncco/systemFncCo/list.do?menuNo=900038) 2026-09-18; 금융통계정보시스템 202603 기준 등재; 허가등록업종: 투자자문업
ia_ssieseu,씨에스투자일임,투자자문,씨에스투자일임,금감원 파인 제도권금융회사조회(https://fine.fss.or.kr/fine/fncco/systemFncCo/list.do?menuNo=900038) 2026-09-18; 금융통계정보시스템 202603 기준 등재
ia_ssiemkei,씨엠케이투자자문,투자자문,씨엠케이투자자문,금융통계정보시스템 202603 기준 등재; 파인 미등재(협회/FISIS에만 등재) — 등록 여부 재확인 필요
ia_ssikei2,씨케이인베스트먼트,투자자문,씨케이인베스트먼트,금감원 파인 제도권금융회사조회(https://fine.fss.or.kr/fine/fncco/systemFncCo/list.do?menuNo=900038) 2026-09-18; 금융통계정보시스템 202603 기준 등재
ia_ssikei,씨케이투자자문,투자자문,씨케이투자자문|CK Investment|CKInvestment,금감원 파인 제도권금융회사조회(https://fine.fss.or.kr/fine/fncco/systemFncCo/list.do?menuNo=900038) 2026-09-18; 금융통계정보시스템 202603 기준 등재; 허가등록업종: 투자일임업
ia_ssingkeupul,씽크풀투자자문,투자자문,씽크풀투자자문,금감원 파인 제도권금융회사조회(https://fine.fss.or.kr/fine/fncco/systemFncCo/list.do?menuNo=900038) 2026-09-18; 금융투자협회 회원사현황 등재; 금융통계정보시스템 202603 기준 등재
ia_aneoseuti,아너스티투자자문,투자자문,아너스티투자자문,금감원 파인 제도권금융회사조회(https://fine.fss.or.kr/fine/fncco/systemFncCo/list.do?menuNo=900038) 2026-09-18; 금융투자협회 회원사현황 등재; 금융통계정보시스템 202603 기준 등재
ia_athena,아데나투자자문,투자자문,아데나투자자문|Athena Investment|AthenaInvestment,금감원 파인 제도권금융회사조회(https://fine.fss.or.kr/fine/fncco/systemFncCo/list.do?menuNo=900038) 2026-09-18; 허가등록업종: 투자자문업 및 투자일임업
ia_areseuinbeseuteu,아레스인베스트,투자자문,아레스인베스트,금감원 파인 제도권금융회사조회(https://fine.fss.or.kr/fine/fncco/systemFncCo/list.do?menuNo=900038) 2026-09-18; 금융통계정보시스템 202603 기준 등재
ia_arete,아레테파트너스,투자자문,아레테파트너스,금감원 파인 제도권금융회사조회(https://fine.fss.or.kr/fine/fncco/systemFncCo/list.do?menuNo=900038) 2026-09-18; 금융통계정보시스템 202603 기준 등재
ia_areutteinbeseuteu,아르떼인베스트,투자자문,아르떼인베스트,금감원 파인 제도권금융회사조회(https://fine.fss.or.kr/fine/fncco/systemFncCo/list.do?menuNo=900038) 2026-09-18; 금융통계정보시스템 202603 기준 등재
ia_areumpartners,아름투자자문,투자자문,아름투자자문|Areum Partners|AreumPartners,금감원 파인 제도권금융회사조회(https://fine.fss.or.kr/fine/fncco/systemFncCo/list.do?menuNo=900038) 2026-09-18; 금융통계정보시스템 202603 기준 등재; 허가등록업종: 투자일임업
ia_amerikansenchurimaenij,아메리칸 센추리 인베스트먼트 매니지먼트,투자자문,아메리칸 센추리 인베스트먼트 매니지먼트|아메리칸센추리인베스트먼트매니지먼트,금감원 파인 제도권금융회사조회(https://fine.fss.or.kr/fine/fncco/systemFncCo/list.do?menuNo=900038) 2026-09-18
ia_amundiaesetmaenijimeon,아문디 애셋 매니지먼트,투자자문,아문디 애셋 매니지먼트|아문디애셋매니지먼트,금감원 파인 제도권금융회사조회(https://fine.fss.or.kr/fine/fncco/systemFncCo/list.do?menuNo=900038) 2026-09-18
ia_aseuterinbeseuteu,아스텔인베스트,투자자문,아스텔인베스트,금감원 파인 제도권금융회사조회(https://fine.fss.or.kr/fine/fncco/systemFncCo/list.do?menuNo=900038) 2026-09-18; 금융통계정보시스템 202603 기준 등재
ia_aseu,아스투자일임,투자자문,아스투자일임,금감원 파인 제도권금융회사조회(https://fine.fss.or.kr/fine/fncco/systemFncCo/list.do?menuNo=900038) 2026-09-18; 금융통계정보시스템 202603 기준 등재
ia_assio,아씨오투자자문,투자자문,아씨오투자자문,금감원 파인 제도권금융회사조회(https://fine.fss.or.kr/fine/fncco/systemFncCo/list.do?menuNo=900038) 2026-09-18; 금융통계정보시스템 202603 기준 등재
ia_awo,아워투자일임,투자자문,아워투자일임,금감원 파인 제도권금융회사조회(https://fine.fss.or.kr/fine/fncco/systemFncCo/list.do?menuNo=900038) 2026-09-18
ia_aidieobeuritji,아이디어브릿지자산운용,투자자문,아이디어브릿지자산운용,금감원 파인 제도권금융회사조회(https://fine.fss.or.kr/fine/fncco/systemFncCo/list.do?menuNo=900038) 2026-09-18; 파인 분류: 투자일임회사/투자자문회사
ia_aibiai,아이비아이파트너스,투자자문,아이비아이파트너스,금감원 파인 제도권금융회사조회(https://fine.fss.or.kr/fine/fncco/systemFncCo/list.do?menuNo=900038) 2026-09-18; 금융통계정보시스템 202603 기준 등재
ia_aiepeueminbeseuteoseup,아이에프엠 인베스터스 피티와이 엘티디,투자자문,아이에프엠 인베스터스 피티와이 엘티디|아이에프엠 인베스터즈 코리아|아이에프엠인베스터스피티와이엘티디|아이에프엠인베스터즈코리아,금감원 파인 제도권금융회사조회(https://fine.fss.or.kr/fine/fncco/systemFncCo/list.do?menuNo=900038) 2026-09-18; 금융투자협회 회원사현황 등재; 협회·FISIS 등재명 '아이에프엠 인베스터즈 코리아'를 동일 법인으로 병합(추정)
ia_aiwon,아이원투자일임,투자자문,아이원투자일임,금감원 파인 제도권금융회사조회(https://fine.fss.or.kr/fine/fncco/systemFncCo/list.do?menuNo=900038) 2026-09-18; 금융통계정보시스템 202603 기준 등재
ia_xai,아이인베스트먼트,투자자문,아이인베스트먼트,금감원 파인 제도권금융회사조회(https://fine.fss.or.kr/fine/fncco/systemFncCo/list.do?menuNo=900038) 2026-09-18; 금융통계정보시스템 202603 기준 등재
ia_aijen,아이젠투자자문,투자자문,아이젠투자자문,금감원 파인 제도권금융회사조회(https://fine.fss.or.kr/fine/fncco/systemFncCo/list.do?menuNo=900038) 2026-09-18; 금융투자협회 회원사현황 등재; 금융통계정보시스템 202603 기준 등재
ia_icapitalhongkong,아이캐피탈 홍콩 리미티드,투자자문,아이캐피탈 홍콩 리미티드|iCapital Hong Kong|아이캐피탈홍콩리미티드|iCapitalHongKong,금감원 파인 제도권금융회사조회(https://fine.fss.or.kr/fine/fncco/systemFncCo/list.do?menuNo=900038) 2026-09-18; 허가등록업종: 역외투자자문업(5-1-1)
ia_aikei,아이케이파트너스,투자자문,아이케이파트너스,금감원 파인 제도권금융회사조회(https://fine.fss.or.kr/fine/fncco/systemFncCo/list.do?menuNo=900038) 2026-09-18; 금융통계정보시스템 202603 기준 등재
ia_aiposeu,아이포스투자자문,투자자문,아이포스투자자문,금감원 파인 제도권금융회사조회(https://fine.fss.or.kr/fine/fncco/systemFncCo/list.do?menuNo=900038) 2026-09-18; 금융투자협회 회원사현황 등재; 금융통계정보시스템 202603 기준 등재
ia_aipituja,아이피투자,투자자문,아이피투자,금감원 파인 제도권금융회사조회(https://fine.fss.or.kr/fine/fncco/systemFncCo/list.do?menuNo=900038) 2026-09-18; 금융통계정보시스템 202603 기준 등재
ia_atom,아톰자산운용,투자자문,아톰자산운용,금감원 파인 제도권금융회사조회(https://fine.fss.or.kr/fine/fncco/systemFncCo/list.do?menuNo=900038) 2026-09-18; 금융통계정보시스템 202603 기준 등재
ia_atilra,아틸라투자일임,투자자문,아틸라투자일임,금감원 파인 제도권금융회사조회(https://fine.fss.or.kr/fine/fncco/systemFncCo/list.do?menuNo=900038) 2026-09-18; 금융통계정보시스템 202603 기준 등재
ia_apollo,아폴로투자자문,투자자문,아폴로투자자문|Apollo Investment Advisors|ApolloInvestmentAdvisors,금감원 파인 제도권금융회사조회(https://fine.fss.or.kr/fine/fncco/systemFncCo/list.do?menuNo=900038) 2026-09-18; 금융통계정보시스템 202603 기준 등재; 허가등록업종: 투자자문업
ia_ahonyueseueimaenijimeo,"아혼 유에스에이 인베스트먼트 매니지먼트, 엘엘씨",투자자문,"아혼 유에스에이 인베스트먼트 매니지먼트, 엘엘씨|아혼유에스에이인베스트먼트매니지먼트,엘엘씨",금감원 파인 제도권금융회사조회(https://fine.fss.or.kr/fine/fncco/systemFncCo/list.do?menuNo=900038) 2026-09-18
ia_angelogordonasia,안젤로고든아시아,투자자문,"안젤로고든아시아|Angelo, Gordon Asia|Angelo,GordonAsia",금감원 파인 제도권금융회사조회(https://fine.fss.or.kr/fine/fncco/systemFncCo/list.do?menuNo=900038) 2026-09-18; 금융통계정보시스템 202603 기준 등재; 허가등록업종: 투자자문업
ia_alri,알리파트너스,투자자문,알리파트너스,금감원 파인 제도권금융회사조회(https://fine.fss.or.kr/fine/fncco/systemFncCo/list.do?menuNo=900038) 2026-09-18; 금융통계정보시스템 202603 기준 등재
ia_araenei,알앤에이투자자문,투자자문,알앤에이투자자문,금감원 파인 제도권금융회사조회(https://fine.fss.or.kr/fine/fncco/systemFncCo/list.do?menuNo=900038) 2026-09-18; 금융통계정보시스템 202603 기준 등재
ia_arieset,알이에셋투자자문,투자자문,알이에셋투자자문|RE Asset Investment Advisors|REAssetInvestmentAdvisors,금감원 파인 제도권금융회사조회(https://fine.fss.or.kr/fine/fncco/systemFncCo/list.do?menuNo=900038) 2026-09-18; 금융통계정보시스템 202603 기준 등재; 허가등록업종: 투자자문업
ia_aljiem,알지엠투자일임,투자자문,알지엠투자일임,금감원 파인 제도권금융회사조회(https://fine.fss.or.kr/fine/fncco/systemFncCo/list.do?menuNo=900038) 2026-09-18; 금융통계정보시스템 202603 기준 등재
ia_alpaetji,알파엣지투자일임,투자자문,알파엣지투자일임,금감원 파인 제도권금융회사조회(https://fine.fss.or.kr/fine/fncco/systemFncCo/list.do?menuNo=900038) 2026-09-18; 금융투자협회 회원사현황 등재; 금융통계정보시스템 202603 기준 등재
ia_alpain,알파인파트너스,투자자문,알파인파트너스,금감원 파인 제도권금융회사조회(https://fine.fss.or.kr/fine/fncco/systemFncCo/list.do?menuNo=900038) 2026-09-18; 금융투자협회 회원사현황 등재; 허가등록업종: 투자자문업
ia_alpinvestpartnersbv,알프인베스트 파트너즈 비브이,투자자문,알프인베스트 파트너즈 비브이|Alpinvest Partners B.V|알프인베스트파트너즈비브이|AlpinvestPartnersB.V,금감원 파인 제도권금융회사조회(https://fine.fss.or.kr/fine/fncco/systemFncCo/list.do?menuNo=900038) 2026-09-18; 허가등록업종: 역외투자일임업
ia_aebeodinasia,애버딘아시아,투자자문,애버딘아시아,금감원 파인 제도권금융회사조회(https://fine.fss.or.kr/fine/fncco/systemFncCo/list.do?menuNo=900038) 2026-09-18
ia_aeswimoeomaenijimeonte,애쉬모어 인베스트먼트 매니지먼트 리미티드,투자자문,애쉬모어 인베스트먼트 매니지먼트 리미티드|애쉬모어인베스트먼트매니지먼트리미티드,금감원 파인 제도권금융회사조회(https://fine.fss.or.kr/fine/fncco/systemFncCo/list.do?menuNo=900038) 2026-09-18
ia_aelbeonrimitideu,앨번 파트너스 리미티드,투자자문,앨번 파트너스 리미티드|앨번파트너스리미티드,금감원 파인 제도권금융회사조회(https://fine.fss.or.kr/fine/fncco/systemFncCo/list.do?menuNo=900038) 2026-09-18
ia_aelteoseu,앨터스투자자문,투자자문,앨터스투자자문,금감원 파인 제도권금융회사조회(https://fine.fss.or.kr/fine/fncco/systemFncCo/list.do?menuNo=900038) 2026-09-18; 금융투자협회 회원사현황 등재; 금융통계정보시스템 202603 기준 등재
ia_absolutepartners,앱솔루트파트너스,투자자문,앱솔루트파트너스|AbsolutePartners,"금감원 파인 제도권금융회사조회(https://fine.fss.or.kr/fine/fncco/systemFncCo/list.do?menuNo=900038) 2026-09-18; 허가등록업종: 투자자문업, 투자일임업; 파인 분류: 투자일임회사/투자자문회사"
ia_aengkeoseuton,앵커스톤파트너스,투자자문,앵커스톤파트너스,금감원 파인 제도권금융회사조회(https://fine.fss.or.kr/fine/fncco/systemFncCo/list.do?menuNo=900038) 2026-09-18; 금융통계정보시스템 202603 기준 등재; 허가등록업종: 투자자문업
ia_eosendingweibeu,어센딩웨이브,투자자문,어센딩웨이브,금감원 파인 제도권금융회사조회(https://fine.fss.or.kr/fine/fncco/systemFncCo/list.do?menuNo=900038) 2026-09-18; 금융통계정보시스템 202603 기준 등재
ia_eopraijeu,업라이즈투자자문,투자자문,업라이즈투자자문,금감원 파인 제도권금융회사조회(https://fine.fss.or.kr/fine/fncco/systemFncCo/list.do?menuNo=900038) 2026-09-18; 금융투자협회 회원사현황 등재; 금융통계정보시스템 202603 기준 등재
ia_edinbeoreorimitideu,에딘버러 파트너스 리미티드,투자자문,에딘버러 파트너스 리미티드|에딘버러파트너스리미티드,금감원 파인 제도권금융회사조회(https://fine.fss.or.kr/fine/fncco/systemFncCo/list.do?menuNo=900038) 2026-09-18
ia_erindeil,에린데일투자자문,투자자문,에린데일투자자문,금융통계정보시스템 202603 기준 등재; 파인 미등재(협회/FISIS에만 등재) — 등록 여부 재확인 필요
ia_emeteu,에메트인베스트먼트,투자자문,에메트인베스트먼트,금감원 파인 제도권금융회사조회(https://fine.fss.or.kr/fine/fncco/systemFncCo/list.do?menuNo=900038) 2026-09-18; 금융통계정보시스템 202603 기준 등재
ia_ebeogeurin,에버그린투자자문,투자자문,에버그린투자자문,금감원 파인 제도권금융회사조회(https://fine.fss.or.kr/fine/fncco/systemFncCo/list.do?menuNo=900038) 2026-09-18; 금융통계정보시스템 202603 기준 등재
ia_ebeoseutedi,에버스테디인베스트먼트,투자자문,에버스테디인베스트먼트,금감원 파인 제도권금융회사조회(https://fine.fss.or.kr/fine/fncco/systemFncCo/list.do?menuNo=900038) 2026-09-18
ia_ebobieichi,에보비에이치,투자자문,에보비에이치,금감원 파인 제도권금융회사조회(https://fine.fss.or.kr/fine/fncco/systemFncCo/list.do?menuNo=900038) 2026-09-18; 금융통계정보시스템 202603 기준 등재
ia_esei,에세이파트너스,투자자문,에세이파트너스,금감원 파인 제도권금융회사조회(https://fine.fss.or.kr/fine/fncco/systemFncCo/list.do?menuNo=900038) 2026-09-18; 허가등록업종: 투자자문업
ia_one,에셋매니지먼트 원,투자자문,에셋매니지먼트 원|Asset Management One|에셋매니지먼트원|AssetManagementOne,"금감원 파인 제도권금융회사조회(https://fine.fss.or.kr/fine/fncco/systemFncCo/list.do?menuNo=900038) 2026-09-18; 허가등록업종: 투자자문업,투자일임업"
ia_esethamoni,에셋하모니,투자자문,에셋하모니,금감원 파인 제도권금융회사조회(https://fine.fss.or.kr/fine/fncco/systemFncCo/list.do?menuNo=900038) 2026-09-18; 금융통계정보시스템 202603 기준 등재
ia_eseudiji,에스디지투자일임,투자자문,에스디지투자일임,금감원 파인 제도권금융회사조회(https://fine.fss.or.kr/fine/fncco/systemFncCo/list.do?menuNo=900038) 2026-09-18; 금융통계정보시스템 202603 기준 등재
ia_eseussieseuinbeseuteu,에스씨에스인베스트,투자자문,에스씨에스인베스트,금감원 파인 제도권금융회사조회(https://fine.fss.or.kr/fine/fncco/systemFncCo/list.do?menuNo=900038) 2026-09-18; 금융통계정보시스템 202603 기준 등재; 허가등록업종: 투자자문업
ia_eseuai,에스아이투자자문,투자자문,에스아이투자자문,금감원 파인 제도권금융회사조회(https://fine.fss.or.kr/fine/fncco/systemFncCo/list.do?menuNo=900038) 2026-09-18; 금융통계정보시스템 202603 기준 등재
ia_eseuaipi,에스아이피투자일임,투자자문,에스아이피투자일임,금감원 파인 제도권금융회사조회(https://fine.fss.or.kr/fine/fncco/systemFncCo/list.do?menuNo=900038) 2026-09-18; 금융통계정보시스템 202603 기준 등재
ia_eseuaenti,에스앤티투자자문,투자자문,에스앤티투자자문,"금감원 파인 제도권금융회사조회(https://fine.fss.or.kr/fine/fncco/systemFncCo/list.do?menuNo=900038) 2026-09-18; 금융통계정보시스템 202603 기준 등재; 허가등록업종: 투자자문업,투자일임업"
ia_eseuemkei,에스엠케이투자일임,투자자문,에스엠케이투자일임,금감원 파인 제도권금융회사조회(https://fine.fss.or.kr/fine/fncco/systemFncCo/list.do?menuNo=900038) 2026-09-18; 금융투자협회 회원사현황 등재; 금융통계정보시스템 202603 기준 등재
ia_eseuem,에스엠투자일임,투자자문,에스엠투자일임,금감원 파인 제도권금융회사조회(https://fine.fss.or.kr/fine/fncco/systemFncCo/list.do?menuNo=900038) 2026-09-18; 금융통계정보시스템 202603 기준 등재
ia_eseuji,에스지투자자문,투자자문,에스지투자자문|SG Investment Advisor|SGInvestmentAdvisor,"금감원 파인 제도권금융회사조회(https://fine.fss.or.kr/fine/fncco/systemFncCo/list.do?menuNo=900038) 2026-09-18; 금융통계정보시스템 202603 기준 등재; 허가등록업종: 투자자문업, 투자일임업"
ia_eiseo,에이서투자자문,투자자문,에이서투자자문,금감원 파인 제도권금융회사조회(https://fine.fss.or.kr/fine/fncco/systemFncCo/list.do?menuNo=900038) 2026-09-18; 금융투자협회 회원사현황 등재; 금융통계정보시스템 202603 기준 등재
ia_eiseu,에이스투자일임,투자자문,에이스투자일임,금감원 파인 제도권금융회사조회(https://fine.fss.or.kr/fine/fncco/systemFncCo/list.do?menuNo=900038) 2026-09-18; 금융통계정보시스템 202603 기준 등재
ia_eiaikwantek,에이아이콴텍,투자자문,에이아이콴텍,금감원 파인 제도권금융회사조회(https://fine.fss.or.kr/fine/fncco/systemFncCo/list.do?menuNo=900038) 2026-09-18; 금융투자협회 회원사현황 등재; 금융통계정보시스템 202603 기준 등재
ia_eiai,에이아이투자일임,투자자문,에이아이투자일임,금감원 파인 제도권금융회사조회(https://fine.fss.or.kr/fine/fncco/systemFncCo/list.do?menuNo=900038) 2026-09-18; 금융통계정보시스템 202603 기준 등재
ia_eiepeu,에이에프투자자문,투자자문,에이에프투자자문,금감원 파인 제도권금융회사조회(https://fine.fss.or.kr/fine/fncco/systemFncCo/list.do?menuNo=900038) 2026-09-18; 금융통계정보시스템 202603 기준 등재
ia_axamanagersasiasingapo,에이엑스에이 인베스트먼트 매니저스 아시아 (싱가폴),투자자문,에이엑스에이 인베스트먼트 매니저스 아시아 (싱가폴)|AXA Investment Managers Asia (Singapole)|에이엑스에이인베스트먼트매니저스아시아(싱가폴)|AXAInvestmentManagersAsia(Singapole),"금감원 파인 제도권금융회사조회(https://fine.fss.or.kr/fine/fncco/systemFncCo/list.do?menuNo=900038) 2026-09-18; 허가등록업종: 투자자문업, 투자일임업"
ia_eichissiekwoti,에이치씨에쿼티파트너스,투자자문,에이치씨에쿼티파트너스,금감원 파인 제도권금융회사조회(https://fine.fss.or.kr/fine/fncco/systemFncCo/list.do?menuNo=900038) 2026-09-18; 허가등록업종: 투자자문업
ia_eichieninbeseuteu,에이치엔인베스트,투자자문,에이치엔인베스트,금감원 파인 제도권금융회사조회(https://fine.fss.or.kr/fine/fncco/systemFncCo/list.do?menuNo=900038) 2026-09-18; 금융통계정보시스템 202603 기준 등재
ia_eichien,에이치엔투자자문,투자자문,에이치엔투자자문,금융통계정보시스템 202603 기준 등재; 파인 미등재(협회/FISIS에만 등재) — 등록 여부 재확인 필요
ia_eichiem,에이치엠투자자문,투자자문,에이치엠투자자문,금감원 파인 제도권금융회사조회(https://fine.fss.or.kr/fine/fncco/systemFncCo/list.do?menuNo=900038) 2026-09-18; 금융통계정보시스템 202603 기준 등재
ia_eikon,에이콘투자자문,투자자문,에이콘투자자문,금감원 파인 제도권금융회사조회(https://fine.fss.or.kr/fine/fncco/systemFncCo/list.do?menuNo=900038) 2026-09-18; 금융통계정보시스템 202603 기준 등재
ia_eitu,에이투투자자문,투자자문,에이투투자자문,금감원 파인 제도권금융회사조회(https://fine.fss.or.kr/fine/fncco/systemFncCo/list.do?menuNo=900038) 2026-09-18
ia_eiteu,에이트파트너스,투자자문,에이트파트너스,금감원 파인 제도권금융회사조회(https://fine.fss.or.kr/fine/fncco/systemFncCo/list.do?menuNo=900038) 2026-09-18; 허가등록업종: 투자자문업
ia_eipaekseu,에이팩스투자일임,투자자문,에이팩스투자일임,금감원 파인 제도권금융회사조회(https://fine.fss.or.kr/fine/fncco/systemFncCo/list.do?menuNo=900038) 2026-09-18; 금융통계정보시스템 202603 기준 등재
ia_eipeulreoseu,에이플러스투자자문,투자자문,에이플러스투자자문,금감원 파인 제도권금융회사조회(https://fine.fss.or.kr/fine/fncco/systemFncCo/list.do?menuNo=900038) 2026-09-18; 금융통계정보시스템 202603 기준 등재; 허가등록업종: 투자일임업
ia_aim,에임,투자자문,AIM,금감원 파인 제도권금융회사조회(https://fine.fss.or.kr/fine/fncco/systemFncCo/list.do?menuNo=900038) 2026-09-18; 금융통계정보시스템 202603 기준 등재; 허가등록업종: 투자자문업
ia_eimpeoseuteu,에임퍼스트,투자자문,에임퍼스트,금감원 파인 제도권금융회사조회(https://fine.fss.or.kr/fine/fncco/systemFncCo/list.do?menuNo=900038) 2026-09-18; 금융통계정보시스템 202603 기준 등재
ia_epeudeobeuryueseu,에프더블유에스투자자문,투자자문,에프더블유에스투자자문,금감원 파인 제도권금융회사조회(https://fine.fss.or.kr/fine/fncco/systemFncCo/list.do?menuNo=900038) 2026-09-18; 금융통계정보시스템 202603 기준 등재
ia_epeuem,에프엠투자일임,투자자문,에프엠투자일임,금감원 파인 제도권금융회사조회(https://fine.fss.or.kr/fine/fncco/systemFncCo/list.do?menuNo=900038) 2026-09-18
ia_epipani,에피파니투자자문,투자자문,에피파니투자자문,금감원 파인 제도권금융회사조회(https://fine.fss.or.kr/fine/fncco/systemFncCo/list.do?menuNo=900038) 2026-09-18; 금융통계정보시스템 202603 기준 등재
ia_epik,에픽투자일임,투자자문,에픽투자일임,금감원 파인 제도권금융회사조회(https://fine.fss.or.kr/fine/fncco/systemFncCo/list.do?menuNo=900038) 2026-09-18; 금융투자협회 회원사현황 등재; 금융통계정보시스템 202603 기준 등재
ia_enenbibeui,엔엔 인베스트먼트 파트너스 비.브이.,투자자문,엔엔 인베스트먼트 파트너스 비.브이.|엔엔인베스트먼트파트너스비.브이.,금감원 파인 제도권금융회사조회(https://fine.fss.or.kr/fine/fncco/systemFncCo/list.do?menuNo=900038) 2026-09-18
ia_enteureoseuteugeulrobe,엔트러스트 글로벌 파트너스 오프쇼어 엘피,투자자문,엔트러스트 글로벌 파트너스 오프쇼어 엘피|엔트러스트글로벌파트너스오프쇼어엘피,금감원 파인 제도권금융회사조회(https://fine.fss.or.kr/fine/fncco/systemFncCo/list.do?menuNo=900038) 2026-09-18
ia_eraemgeurit,엘앰그릿인베스트먼트,투자자문,엘앰그릿인베스트먼트,금감원 파인 제도권금융회사조회(https://fine.fss.or.kr/fine/fncco/systemFncCo/list.do?menuNo=900038) 2026-09-18; 금융통계정보시스템 202603 기준 등재
ia_elpiseu,엘피스투자일임,투자자문,엘피스투자일임,금감원 파인 제도권금융회사조회(https://fine.fss.or.kr/fine/fncco/systemFncCo/list.do?menuNo=900038) 2026-09-18; 금융통계정보시스템 202603 기준 등재
ia_elpi,엘피파트너스,투자자문,엘피파트너스,금감원 파인 제도권금융회사조회(https://fine.fss.or.kr/fine/fncco/systemFncCo/list.do?menuNo=900038) 2026-09-18; 금융통계정보시스템 202603 기준 등재
ia_emssi,엠씨투자자문,투자자문,엠씨투자자문,금감원 파인 제도권금융회사조회(https://fine.fss.or.kr/fine/fncco/systemFncCo/list.do?menuNo=900038) 2026-09-18; 금융투자협회 회원사현황 등재; 금융통계정보시스템 202603 기준 등재
ia_emssipiesetmaenijimeon,엠씨피 에셋 매니지먼트 컴퍼니 리미티드,투자자문,엠씨피 에셋 매니지먼트 컴퍼니 리미티드|엠씨피에셋매니지먼트컴퍼니리미티드,금감원 파인 제도권금융회사조회(https://fine.fss.or.kr/fine/fncco/systemFncCo/list.do?menuNo=900038) 2026-09-18
ia_emepeueseuinteonaesyeo,엠에프에스 인터내셔널 싱가포르 피티이 엘티디,투자자문,엠에프에스 인터내셔널 싱가포르 피티이 엘티디|엠에프에스인터내셔널싱가포르피티이엘티디,금감원 파인 제도권금융회사조회(https://fine.fss.or.kr/fine/fncco/systemFncCo/list.do?menuNo=900038) 2026-09-18
ia_emenjwimaenijimeonteur,엠엔쥐 인베스트먼트 매니지먼트 리미티드,투자자문,엠엔쥐 인베스트먼트 매니지먼트 리미티드|엠엔쥐인베스트먼트매니지먼트리미티드,금감원 파인 제도권금융회사조회(https://fine.fss.or.kr/fine/fncco/systemFncCo/list.do?menuNo=900038) 2026-09-18
ia_emel,엠엘투자자문,투자자문,엠엘투자자문|ML Investment Advisory|MLInvestmentAdvisory,"금감원 파인 제도권금융회사조회(https://fine.fss.or.kr/fine/fncco/systemFncCo/list.do?menuNo=900038) 2026-09-18; 금융투자협회 회원사현황 등재; 금융통계정보시스템 202603 기준 등재; 허가등록업종: 투자자문업, 투자일임업; 파인 분류: 투자일임회사/투자자문회사"
ia_emossi,엠오씨투자자문,투자자문,엠오씨투자자문,금감원 파인 제도권금융회사조회(https://fine.fss.or.kr/fine/fncco/systemFncCo/list.do?menuNo=900038) 2026-09-18; 금융통계정보시스템 202603 기준 등재
ia_mjmpartners,엠제이엠인베스트먼트파트너스,투자자문,엠제이엠인베스트먼트파트너스|MJM Investment Partners|MJMInvestmentPartners,금감원 파인 제도권금융회사조회(https://fine.fss.or.kr/fine/fncco/systemFncCo/list.do?menuNo=900038) 2026-09-18; 금융통계정보시스템 202603 기준 등재; 허가등록업종: 투자자문업
ia_emjei,엠제이투자자문,투자자문,엠제이투자자문,금감원 파인 제도권금융회사조회(https://fine.fss.or.kr/fine/fncco/systemFncCo/list.do?menuNo=900038) 2026-09-18; 금융통계정보시스템 202603 기준 등재
ia_mtnw,엠티엔더블유투자자문,투자자문,엠티엔더블유투자자문|MTNW Investment|MTNWInvestment,금감원 파인 제도권금융회사조회(https://fine.fss.or.kr/fine/fncco/systemFncCo/list.do?menuNo=900038) 2026-09-18; 금융통계정보시스템 202603 기준 등재; 허가등록업종: 투자자문업(5-1-1)
ia_edge,엣지투자자문,투자자문,엣지투자자문|Edge Investment|EdgeInvestment,금감원 파인 제도권금융회사조회(https://fine.fss.or.kr/fine/fncco/systemFncCo/list.do?menuNo=900038) 2026-09-18; 금융투자협회 회원사현황 등재; 금융통계정보시스템 202603 기준 등재; 허가등록업종: 투자자문업(5-1-1)
ia_yeon,연투자일임,투자자문,연투자일임,금감원 파인 제도권금융회사조회(https://fine.fss.or.kr/fine/fncco/systemFncCo/list.do?menuNo=900038) 2026-09-18
ia_yeolrim,열림파트너스,투자자문,열림파트너스,금감원 파인 제도권금융회사조회(https://fine.fss.or.kr/fine/fncco/systemFncCo/list.do?menuNo=900038) 2026-09-18; 금융통계정보시스템 202603 기준 등재
ia_yed,예드,투자자문,Yed,금감원 파인 제도권금융회사조회(https://fine.fss.or.kr/fine/fncco/systemFncCo/list.do?menuNo=900038) 2026-09-18; 금융통계정보시스템 202603 기준 등재; 허가등록업종: 투자자문업
ia_yesol,예솔투자일임,투자자문,예솔투자일임,금감원 파인 제도권금융회사조회(https://fine.fss.or.kr/fine/fncco/systemFncCo/list.do?menuNo=900038) 2026-09-18; 금융통계정보시스템 202603 기준 등재
ia_yeil,예일투자자문,투자자문,예일투자자문,금감원 파인 제도권금융회사조회(https://fine.fss.or.kr/fine/fncco/systemFncCo/list.do?menuNo=900038) 2026-09-18; 금융통계정보시스템 202603 기준 등재
ia_orakeul,오라클투자일임,투자자문,오라클투자일임,금감원 파인 제도권금융회사조회(https://fine.fss.or.kr/fine/fncco/systemFncCo/list.do?menuNo=900038) 2026-09-18; 금융통계정보시스템 202603 기준 등재
ia_orora,오로라투자자문,투자자문,오로라투자자문,금감원 파인 제도권금융회사조회(https://fine.fss.or.kr/fine/fncco/systemFncCo/list.do?menuNo=900038) 2026-09-18; 금융통계정보시스템 202603 기준 등재; 허가등록업종: 투자자문업
ia_orbis,오르비스투자자문,투자자문,오르비스투자자문|Orbis Investment Advisors|OrbisInvestmentAdvisors,금감원 파인 제도권금융회사조회(https://fine.fss.or.kr/fine/fncco/systemFncCo/list.do?menuNo=900038) 2026-09-18; 금융투자협회 회원사현황 등재; 금융통계정보시스템 202603 기준 등재; 허가등록업종: 투자자문업
ia_oreum,오름투자일임,투자자문,오름투자일임,금감원 파인 제도권금융회사조회(https://fine.fss.or.kr/fine/fncco/systemFncCo/list.do?menuNo=900038) 2026-09-18; 금융통계정보시스템 202603 기준 등재
ia_orienteu,오리엔트 투자자문,투자자문,오리엔트 투자자문|오리엔트투자자문,금감원 파인 제도권금융회사조회(https://fine.fss.or.kr/fine/fncco/systemFncCo/list.do?menuNo=900038) 2026-09-18; 금융통계정보시스템 202603 기준 등재
ia_orijin,오리진투자자문,투자자문,오리진투자자문,금감원 파인 제도권금융회사조회(https://fine.fss.or.kr/fine/fncco/systemFncCo/list.do?menuNo=900038) 2026-09-18; 허가등록업종: 투자자문업
ia_oasiseu,오아시스인베스트먼트,투자자문,오아시스인베스트먼트,금감원 파인 제도권금융회사조회(https://fine.fss.or.kr/fine/fncco/systemFncCo/list.do?menuNo=900038) 2026-09-18; 금융통계정보시스템 202603 기준 등재
ia_oepeu,오에프투자자문,투자자문,오에프투자자문,금감원 파인 제도권금융회사조회(https://fine.fss.or.kr/fine/fncco/systemFncCo/list.do?menuNo=900038) 2026-09-18; 금융투자협회 회원사현황 등재; 금융통계정보시스템 202603 기준 등재; 허가등록업종: 투자자문업
ia_otu,오투투자자문,투자자문,오투투자자문,금감원 파인 제도권금융회사조회(https://fine.fss.or.kr/fine/fncco/systemFncCo/list.do?menuNo=900038) 2026-09-18; 금융통계정보시스템 202603 기준 등재; 허가등록업종: 투자자문업
ia_openadvisoty,오픈투자자문,투자자문,오픈투자자문|Open Investment Advisoty|OpenInvestmentAdvisoty,금감원 파인 제도권금융회사조회(https://fine.fss.or.kr/fine/fncco/systemFncCo/list.do?menuNo=900038) 2026-09-18; 허가등록업종: 투자자문업
ia_ongeuru,온그루파트너스,투자자문,온그루파트너스,금감원 파인 제도권금융회사조회(https://fine.fss.or.kr/fine/fncco/systemFncCo/list.do?menuNo=900038) 2026-09-18
ia_onball,온더볼투자자문,투자자문,온더볼투자자문|ON THE BALL Investment Advisory|ONTHEBALLInvestmentAdvisory,금감원 파인 제도권금융회사조회(https://fine.fss.or.kr/fine/fncco/systemFncCo/list.do?menuNo=900038) 2026-09-18; 금융통계정보시스템 202603 기준 등재; 허가등록업종: 투자자문업
ia_xon,온투자자문,투자자문,온투자자문|ON Investment Advisory|ONInvestmentAdvisory,금감원 파인 제도권금융회사조회(https://fine.fss.or.kr/fine/fncco/systemFncCo/list.do?menuNo=900038) 2026-09-18; 허가등록업종: 투자자문업
ia_oldeuhiraienssi,올드힐파트너스아이엔씨,투자자문,올드힐파트너스아이엔씨,금감원 파인 제도권금융회사조회(https://fine.fss.or.kr/fine/fncco/systemFncCo/list.do?menuNo=900038) 2026-09-18
ia_olseuta,올스타투자자문,투자자문,올스타투자자문,금감원 파인 제도권금융회사조회(https://fine.fss.or.kr/fine/fncco/systemFncCo/list.do?menuNo=900038) 2026-09-18; 금융통계정보시스템 202603 기준 등재; 허가등록업종: 투자자문업
ia_olseupeuringgeulrobeol,올스프링글로벌인베스트먼트,투자자문,올스프링글로벌인베스트먼트,금감원 파인 제도권금융회사조회(https://fine.fss.or.kr/fine/fncco/systemFncCo/list.do?menuNo=900038) 2026-09-18
ia_olsijeun,올시즌투자일임,투자자문,올시즌투자일임,금감원 파인 제도권금융회사조회(https://fine.fss.or.kr/fine/fncco/systemFncCo/list.do?menuNo=900038) 2026-09-18; 금융통계정보시스템 202603 기준 등재
ia_olkium,올키움투자자문,투자자문,올키움투자자문,금감원 파인 제도권금융회사조회(https://fine.fss.or.kr/fine/fncco/systemFncCo/list.do?menuNo=900038) 2026-09-18; 금융통계정보시스템 202603 기준 등재
ia_wiseresearch,와이즈리서치,투자자문,와이즈리서치|Wise Research|WiseResearch,금감원 파인 제도권금융회사조회(https://fine.fss.or.kr/fine/fncco/systemFncCo/list.do?menuNo=900038) 2026-09-18; 금융통계정보시스템 202603 기준 등재; 허가등록업종: 투자자문업
ia_waijeueop,와이즈업투자일임,투자자문,와이즈업투자일임,금감원 파인 제도권금융회사조회(https://fine.fss.or.kr/fine/fncco/systemFncCo/list.do?menuNo=900038) 2026-09-18; 금융통계정보시스템 202603 기준 등재
ia_waildeu2,와일드,투자자문,와일드,금융통계정보시스템 202603 기준 등재; 파인 미등재(협회/FISIS에만 등재) — 등록 여부 재확인 필요
ia_waildeu,와일드 투자자문,투자자문,와일드 투자자문|와일드투자자문,금감원 파인 제도권금융회사조회(https://fine.fss.or.kr/fine/fncco/systemFncCo/list.do?menuNo=900038) 2026-09-18
ia_ujuaen,우주앤,투자자문,우주앤,금감원 파인 제도권금융회사조회(https://fine.fss.or.kr/fine/fncco/systemFncCo/list.do?menuNo=900038) 2026-09-18; 금융통계정보시스템 202603 기준 등재
ia_warmblood,웜블러드,투자자문,웜블러드|Warmblood,금감원 파인 제도권금융회사조회(https://fine.fss.or.kr/fine/fncco/systemFncCo/list.do?menuNo=900038) 2026-09-18; 금융투자협회 회원사현황 등재; 금융통계정보시스템 202603 기준 등재
ia_weseuteuribeo,웨스트리버투자일임,투자자문,웨스트리버투자일임,금감원 파인 제도권금융회사조회(https://fine.fss.or.kr/fine/fncco/systemFncCo/list.do?menuNo=900038) 2026-09-18; 금융통계정보시스템 202603 기준 등재
ia_weseuteuinbeseuteu,웨스트인베스트,투자자문,웨스트인베스트,금감원 파인 제도권금융회사조회(https://fine.fss.or.kr/fine/fncco/systemFncCo/list.do?menuNo=900038) 2026-09-18; 금융통계정보시스템 202603 기준 등재
ia_westport,웨스트포트인베스트먼트,투자자문,웨스트포트인베스트먼트|West Port Investment|WestPortInvestment,금감원 파인 제도권금융회사조회(https://fine.fss.or.kr/fine/fncco/systemFncCo/list.do?menuNo=900038) 2026-09-18; 금융통계정보시스템 202603 기준 등재; 허가등록업종: 투자일임업
ia_weibeu,웨이브투자일임,투자자문,웨이브투자일임,금감원 파인 제도권금융회사조회(https://fine.fss.or.kr/fine/fncco/systemFncCo/list.do?menuNo=900038) 2026-09-18; 금융통계정보시스템 202603 기준 등재
ia_welringteonmaenijimeon,웰링턴 매니지먼트 홍콩 엘티디,투자자문,웰링턴 매니지먼트 홍콩 엘티디|웰링턴매니지먼트홍콩엘티디,금감원 파인 제도권금융회사조회(https://fine.fss.or.kr/fine/fncco/systemFncCo/list.do?menuNo=900038) 2026-09-18
ia_welseugaideu,웰스가이드,투자자문,웰스가이드,금감원 파인 제도권금융회사조회(https://fine.fss.or.kr/fine/fncco/systemFncCo/list.do?menuNo=900038) 2026-09-18; 금융통계정보시스템 202603 기준 등재
ia_welseu,웰스투자자문,투자자문,웰스투자자문,금감원 파인 제도권금융회사조회(https://fine.fss.or.kr/fine/fncco/systemFncCo/list.do?menuNo=900038) 2026-09-18; 금융통계정보시스템 202603 기준 등재
ia_welseupoyu,웰스포유투자일임,투자자문,웰스포유투자일임,금감원 파인 제도권금융회사조회(https://fine.fss.or.kr/fine/fncco/systemFncCo/list.do?menuNo=900038) 2026-09-18; 금융통계정보시스템 202603 기준 등재
ia_wideu,위드투자일임,투자자문,위드투자일임,금감원 파인 제도권금융회사조회(https://fine.fss.or.kr/fine/fncco/systemFncCo/list.do?menuNo=900038) 2026-09-18; 금융통계정보시스템 202603 기준 등재
ia_wiwon,위원파트너스,투자자문,위원파트너스,금감원 파인 제도권금융회사조회(https://fine.fss.or.kr/fine/fncco/systemFncCo/list.do?menuNo=900038) 2026-09-18; 금융통계정보시스템 202603 기준 등재
ia_wijeudeompalreo,위즈덤팔러,투자자문,위즈덤팔러,금감원 파인 제도권금융회사조회(https://fine.fss.or.kr/fine/fncco/systemFncCo/list.do?menuNo=900038) 2026-09-18; 금융통계정보시스템 202603 기준 등재
ia_winvest,윈베스트투자자문,투자자문,윈베스트투자자문|Winvest Investment Advisory|WinvestInvestmentAdvisory,"금감원 파인 제도권금융회사조회(https://fine.fss.or.kr/fine/fncco/systemFncCo/list.do?menuNo=900038) 2026-09-18; 금융통계정보시스템 202603 기준 등재; 허가등록업종: 투자자문업, 투자일임업"
ia_win,윈투자자문,투자자문,윈투자자문,금감원 파인 제도권금융회사조회(https://fine.fss.or.kr/fine/fncco/systemFncCo/list.do?menuNo=900038) 2026-09-18; 금융통계정보시스템 202603 기준 등재
ia_towerswastonsserviceko,윌리스타워스왓슨코리아투자자문,투자자문,윌리스타워스왓슨코리아투자자문|Towers Wastons Investment Service Korea|TowersWastonsInvestmentServiceKorea,금감원 파인 제도권금융회사조회(https://fine.fss.or.kr/fine/fncco/systemFncCo/list.do?menuNo=900038) 2026-09-18; 허가등록업종: 투자자문업
ia_wilrieombeulreeointeon,윌리엄 블레어 인터내셔널 리미티드,투자자문,윌리엄 블레어 인터내셔널 리미티드|윌리엄블레어인터내셔널리미티드,금감원 파인 제도권금융회사조회(https://fine.fss.or.kr/fine/fncco/systemFncCo/list.do?menuNo=900038) 2026-09-18
ia_yunibeseuteu,유니베스트투자자문,투자자문,유니베스트투자자문,금감원 파인 제도권금융회사조회(https://fine.fss.or.kr/fine/fncco/systemFncCo/list.do?menuNo=900038) 2026-09-18; 금융투자협회 회원사현황 등재; 금융통계정보시스템 202603 기준 등재
ia_yunikeu,유니크투자자문,투자자문,유니크투자자문,금융통계정보시스템 202603 기준 등재; 파인 미등재(협회/FISIS에만 등재) — 등록 여부 재확인 필요
ia_yudongsan,유동산투자자문,투자자문,유동산투자자문,금감원 파인 제도권금융회사조회(https://fine.fss.or.kr/fine/fncco/systemFncCo/list.do?menuNo=900038) 2026-09-18; 금융통계정보시스템 202603 기준 등재; 허가등록업종: 투자자문업
ia_yuri,유리투자자문,투자자문,유리투자자문,"금감원 파인 제도권금융회사조회(https://fine.fss.or.kr/fine/fncco/systemFncCo/list.do?menuNo=900038) 2026-09-18; 금융통계정보시스템 202603 기준 등재; 허가등록업종: 투자자문업, 투자일임업"
ia_yubieseuesetmaenijimeo,유비에스 에셋 매니지먼트(홍콩) 리미티드,투자자문,유비에스 에셋 매니지먼트(홍콩) 리미티드|유비에스에셋매니지먼트(홍콩)리미티드,금감원 파인 제도권금융회사조회(https://fine.fss.or.kr/fine/fncco/systemFncCo/list.do?menuNo=900038) 2026-09-18
ia_ubshedgesolutions,유비에스 헤지 펀드 솔루션즈 엘엘씨,투자자문,유비에스 헤지 펀드 솔루션즈 엘엘씨|UBS Hedge Fund Solutions|유비에스헤지펀드솔루션즈엘엘씨|UBSHedgeFundSolutions,"금감원 파인 제도권금융회사조회(https://fine.fss.or.kr/fine/fncco/systemFncCo/list.do?menuNo=900038) 2026-09-18; 허가등록업종: 역외 투자자문업, 역외 투자일임업"
ia_yubipiesetmaenijimeont,유비피 에셋 매니지먼트 리미티드,투자자문,유비피 에셋 매니지먼트 리미티드|유비피에셋매니지먼트리미티드,금감원 파인 제도권금융회사조회(https://fine.fss.or.kr/fine/fncco/systemFncCo/list.do?menuNo=900038) 2026-09-18
ia_usis,유시스투자자문,투자자문,유시스투자자문|Usis Investment Advisory|UsisInvestmentAdvisory,"금감원 파인 제도권금융회사조회(https://fine.fss.or.kr/fine/fncco/systemFncCo/list.do?menuNo=900038) 2026-09-18; 금융통계정보시스템 202603 기준 등재; 허가등록업종: 투자자문업, 투자일임업; 파인 분류: 투자일임회사/투자자문회사"
ia_yuai,유아이투자자문,투자자문,유아이투자자문,금융통계정보시스템 202603 기준 등재; 파인 미등재(협회/FISIS에만 등재) — 등록 여부 재확인 필요
ia_yuenji,유엔지,투자자문,유엔지,금감원 파인 제도권금융회사조회(https://fine.fss.or.kr/fine/fncco/systemFncCo/list.do?menuNo=900038) 2026-09-18; 금융통계정보시스템 202603 기준 등재
ia_yuobiesetmaenijimeonte,유오비 에셋 매니지먼트,투자자문,유오비 에셋 매니지먼트|유오비에셋매니지먼트,금감원 파인 제도권금융회사조회(https://fine.fss.or.kr/fine/fncco/systemFncCo/list.do?menuNo=900038) 2026-09-18
ia_yulpartner,율투자자문,투자자문,율투자자문|Yul Partner|YulPartner,"금감원 파인 제도권금융회사조회(https://fine.fss.or.kr/fine/fncco/systemFncCo/list.do?menuNo=900038) 2026-09-18; 금융통계정보시스템 202603 기준 등재; 허가등록업종: 투자자문업, 투자일임업; 파인 분류: 투자일임회사/투자자문회사"
ia_uihyeon,의현투자일임,투자자문,의현투자일임,금감원 파인 제도권금융회사조회(https://fine.fss.or.kr/fine/fncco/systemFncCo/list.do?menuNo=900038) 2026-09-18; 금융통계정보시스템 202603 기준 등재
ia_ipeondeumaenijimeonteu,"이 펀드 매니지먼트 (홍콩) 코., 리미티드",투자자문,"이 펀드 매니지먼트 (홍콩) 코., 리미티드|이펀드매니지먼트(홍콩)코.,리미티드",금감원 파인 제도권금융회사조회(https://fine.fss.or.kr/fine/fncco/systemFncCo/list.do?menuNo=900038) 2026-09-18
ia_inobaelryuinbeseuteu,이노밸류인베스트,투자자문,이노밸류인베스트,금감원 파인 제도권금융회사조회(https://fine.fss.or.kr/fine/fncco/systemFncCo/list.do?menuNo=900038) 2026-09-18
ia_ideoseueset,이더스에셋,투자자문,이더스에셋,금감원 파인 제도권금융회사조회(https://fine.fss.or.kr/fine/fncco/systemFncCo/list.do?menuNo=900038) 2026-09-18; 금융통계정보시스템 202603 기준 등재
ia_iraendeu,이랜드투자자문,투자자문,이랜드투자자문,금감원 파인 제도권금융회사조회(https://fine.fss.or.kr/fine/fncco/systemFncCo/list.do?menuNo=900038) 2026-09-18; 금융투자협회 회원사현황 등재; 금융통계정보시스템 202603 기준 등재; 파인 분류: 투자일임회사/투자자문회사
ia_ire,이레투자일임,투자자문,이레투자일임,금융통계정보시스템 202603 기준 등재; 파인 미등재(협회/FISIS에만 등재) — 등록 여부 재확인 필요
ia_iroun,이로운투자자문,투자자문,이로운투자자문,금감원 파인 제도권금융회사조회(https://fine.fss.or.kr/fine/fncco/systemFncCo/list.do?menuNo=900038) 2026-09-18; 금융투자협회 회원사현황 등재
ia_irum,이룸투자자문,투자자문,이룸투자자문,금감원 파인 제도권금융회사조회(https://fine.fss.or.kr/fine/fncco/systemFncCo/list.do?menuNo=900038) 2026-09-18; 금융통계정보시스템 202603 기준 등재
ia_iseuteuseupeuringsingg,이스트 스프링 인베스트먼트 싱가폴 리미티드,투자자문,이스트 스프링 인베스트먼트 싱가폴 리미티드|이스트스프링인베스트먼트싱가폴리미티드,금감원 파인 제도권금융회사조회(https://fine.fss.or.kr/fine/fncco/systemFncCo/list.do?menuNo=900038) 2026-09-18
ia_iseuteuseupeuringhongk,이스트 스프링 인베스트먼트 홍콩 리미티드,투자자문,이스트 스프링 인베스트먼트 홍콩 리미티드|이스트스프링인베스트먼트홍콩리미티드,금감원 파인 제도권금융회사조회(https://fine.fss.or.kr/fine/fncco/systemFncCo/list.do?menuNo=900038) 2026-09-18
ia_iseuteuinbeseuteu,이스트인베스트,투자자문,이스트인베스트,금감원 파인 제도권금융회사조회(https://fine.fss.or.kr/fine/fncco/systemFncCo/list.do?menuNo=900038) 2026-09-18; 금융통계정보시스템 202603 기준 등재
ia_ieon,이언투자자문,투자자문,이언투자자문,금감원 파인 제도권금융회사조회(https://fine.fss.or.kr/fine/fncco/systemFncCo/list.do?menuNo=900038) 2026-09-18; 금융통계정보시스템 202603 기준 등재
ia_ieseuji,이에스지투자자문,투자자문,이에스지투자자문,금감원 파인 제도권금융회사조회(https://fine.fss.or.kr/fine/fncco/systemFncCo/list.do?menuNo=900038) 2026-09-18; 금융투자협회 회원사현황 등재; 금융통계정보시스템 202603 기준 등재; 파인 분류: 투자일임회사/투자자문회사
ia_iempiraep,이엠피랩,투자자문,이엠피랩,금융통계정보시스템 202603 기준 등재; 파인 미등재(협회/FISIS에만 등재) — 등록 여부 재확인 필요
ia_ijeu,이즈투자일임,투자자문,이즈투자일임,금감원 파인 제도권금융회사조회(https://fine.fss.or.kr/fine/fncco/systemFncCo/list.do?menuNo=900038) 2026-09-18
ia_iji,이지투자일임,투자자문,이지투자일임,금감원 파인 제도권금융회사조회(https://fine.fss.or.kr/fine/fncco/systemFncCo/list.do?menuNo=900038) 2026-09-18; 금융통계정보시스템 202603 기준 등재
ia_ikyu,이큐투자자문,투자자문,이큐투자자문,금감원 파인 제도권금융회사조회(https://fine.fss.or.kr/fine/fncco/systemFncCo/list.do?menuNo=900038) 2026-09-18; 금융통계정보시스템 202603 기준 등재
ia_itubi,이투비인베스트먼트,투자자문,이투비인베스트먼트,금감원 파인 제도권금융회사조회(https://fine.fss.or.kr/fine/fncco/systemFncCo/list.do?menuNo=900038) 2026-09-18; 금융통계정보시스템 202603 기준 등재
ia_iteunbaenseumaenijimeo,이튼 밴스 매니지먼트,투자자문,이튼 밴스 매니지먼트|이튼밴스매니지먼트,금감원 파인 제도권금융회사조회(https://fine.fss.or.kr/fine/fncco/systemFncCo/list.do?menuNo=900038) 2026-09-18
ia_ipiaieodeubaijeo,이피아이어드바이저,투자자문,이피아이어드바이저,금감원 파인 제도권금융회사조회(https://fine.fss.or.kr/fine/fncco/systemFncCo/list.do?menuNo=900038) 2026-09-18; 금융통계정보시스템 202603 기준 등재
ia_ihyeon,이현파트너스,투자자문,이현파트너스,금감원 파인 제도권금융회사조회(https://fine.fss.or.kr/fine/fncco/systemFncCo/list.do?menuNo=900038) 2026-09-18; 금융통계정보시스템 202603 기준 등재
ia_inmoseuteu,인모스트투자자문,투자자문,인모스트투자자문,금감원 파인 제도권금융회사조회(https://fine.fss.or.kr/fine/fncco/systemFncCo/list.do?menuNo=900038) 2026-09-18; 금융투자협회 회원사현황 등재; 금융통계정보시스템 202603 기준 등재
ia_invescohongkong,인베스코 홍콩,투자자문,인베스코 홍콩|INVESCO Hongkong|인베스코홍콩|INVESCOHongkong,"금감원 파인 제도권금융회사조회(https://fine.fss.or.kr/fine/fncco/systemFncCo/list.do?menuNo=900038) 2026-09-18; 허가등록업종: 투자자문업, 투자일임업; 파인 분류: 투자일임회사/투자자문회사"
ia_inbeseuteoseuraep,인베스터스랩,투자자문,인베스터스랩,금감원 파인 제도권금융회사조회(https://fine.fss.or.kr/fine/fncco/systemFncCo/list.do?menuNo=900038) 2026-09-18; 금융통계정보시스템 202603 기준 등재
ia_investwith,인베스트위드,투자자문,인베스트위드|INVEST WITH|INVESTWITH,"금감원 파인 제도권금융회사조회(https://fine.fss.or.kr/fine/fncco/systemFncCo/list.do?menuNo=900038) 2026-09-18; 금융투자협회 회원사현황 등재; 금융통계정보시스템 202603 기준 등재; 허가등록업종: 투자자문업, 투자일임업"
ia_inbeideu,인베이드투자자문,투자자문,인베이드투자자문,금감원 파인 제도권금융회사조회(https://fine.fss.or.kr/fine/fncco/systemFncCo/list.do?menuNo=900038) 2026-09-18; 금융통계정보시스템 202603 기준 등재
ia_insaiteuon,인사이트온,투자자문,인사이트온,금감원 파인 제도권금융회사조회(https://fine.fss.or.kr/fine/fncco/systemFncCo/list.do?menuNo=900038) 2026-09-18; 금융통계정보시스템 202603 기준 등재
ia_insaiteuinbeseuteu,인사이트인베스트,투자자문,인사이트인베스트,금감원 파인 제도권금융회사조회(https://fine.fss.or.kr/fine/fncco/systemFncCo/list.do?menuNo=900038) 2026-09-18; 금융통계정보시스템 202603 기준 등재
ia_dtech,인큐텍투자자문,투자자문,인큐텍투자자문|DTech Investment Advisory|DTechInvestmentAdvisory,금감원 파인 제도권금융회사조회(https://fine.fss.or.kr/fine/fncco/systemFncCo/list.do?menuNo=900038) 2026-09-18; 허가등록업종: 투자자문업
ia_inkeu,인크투자자문,투자자문,인크투자자문|investment,금감원 파인 제도권금융회사조회(https://fine.fss.or.kr/fine/fncco/systemFncCo/list.do?menuNo=900038) 2026-09-18; 금융통계정보시스템 202603 기준 등재; 허가등록업종: 투자자문업
ia_integeural,인테그랄투자자문,투자자문,인테그랄투자자문,금감원 파인 제도권금융회사조회(https://fine.fss.or.kr/fine/fncco/systemFncCo/list.do?menuNo=900038) 2026-09-18; 금융통계정보시스템 202603 기준 등재; 파인 분류: 투자일임회사/투자자문회사
ia_xin,인투자자문,투자자문,인투자자문,금감원 파인 제도권금융회사조회(https://fine.fss.or.kr/fine/fncco/systemFncCo/list.do?menuNo=900038) 2026-09-18; 금융통계정보시스템 202603 기준 등재
ia_infinity,인피니티투자자문,투자자문,인피니티투자자문|Infinity Investment Management|InfinityInvestmentManagement,"금감원 파인 제도권금융회사조회(https://fine.fss.or.kr/fine/fncco/systemFncCo/list.do?menuNo=900038) 2026-09-18; 금융투자협회 회원사현황 등재; 금융통계정보시스템 202603 기준 등재; 허가등록업종: 투자자문업, 투자일임업"
ia_ilsin,일신파트너스,투자자문,일신파트너스,금감원 파인 제도권금융회사조회(https://fine.fss.or.kr/fine/fncco/systemFncCo/list.do?menuNo=900038) 2026-09-18; 금융통계정보시스템 202603 기준 등재
ia_jasangwamirae,자산과미래,투자자문,자산과미래,금감원 파인 제도권금융회사조회(https://fine.fss.or.kr/fine/fncco/systemFncCo/list.do?menuNo=900038) 2026-09-18; 금융통계정보시스템 202603 기준 등재
ia_jeoseuteuwon,저스트원파트너스,투자자문,저스트원파트너스,금감원 파인 제도권금융회사조회(https://fine.fss.or.kr/fine/fncco/systemFncCo/list.do?menuNo=900038) 2026-09-18
ia_jeongdong,정동투자자문,투자자문,정동투자자문,금감원 파인 제도권금융회사조회(https://fine.fss.or.kr/fine/fncco/systemFncCo/list.do?menuNo=900038) 2026-09-18; 금융통계정보시스템 202603 기준 등재
ia_jeongseokseukai,정석스카이투자일임,투자자문,정석스카이투자일임,금감원 파인 제도권금융회사조회(https://fine.fss.or.kr/fine/fncco/systemFncCo/list.do?menuNo=900038) 2026-09-18; 금융통계정보시스템 202603 기준 등재
ia_generationpartners,제너레이션파트너스,투자자문,제너레이션파트너스|Generation Partners|GenerationPartners,금감원 파인 제도권금융회사조회(https://fine.fss.or.kr/fine/fncco/systemFncCo/list.do?menuNo=900038) 2026-09-18; 금융통계정보시스템 202603 기준 등재; 허가등록업종: 투자자문업
ia_jebeura,제브라투자자문,투자자문,제브라투자자문,금감원 파인 제도권금융회사조회(https://fine.fss.or.kr/fine/fncco/systemFncCo/list.do?menuNo=900038) 2026-09-18; 금융통계정보시스템 202603 기준 등재
ia_jeseuteu,제스트투자일임,투자자문,제스트투자일임,금감원 파인 제도권금융회사조회(https://fine.fss.or.kr/fine/fncco/systemFncCo/list.do?menuNo=900038) 2026-09-18; 금융통계정보시스템 202603 기준 등재
ia_jeuseu,제우스투자일임,투자자문,제우스투자일임,금감원 파인 제도권금융회사조회(https://fine.fss.or.kr/fine/fncco/systemFncCo/list.do?menuNo=900038) 2026-09-18; 금융통계정보시스템 202603 기준 등재
ia_jeideu,제이드투자일임,투자자문,제이드투자일임,금감원 파인 제도권금융회사조회(https://fine.fss.or.kr/fine/fncco/systemFncCo/list.do?menuNo=900038) 2026-09-18; 금융통계정보시스템 202603 기준 등재
ia_jeibidi,제이비디파트너스,투자자문,제이비디파트너스,금감원 파인 제도권금융회사조회(https://fine.fss.or.kr/fine/fncco/systemFncCo/list.do?menuNo=900038) 2026-09-18; 금융투자협회 회원사현황 등재; 금융통계정보시스템 202603 기준 등재
ia_jbs,제이비에스,투자자문,제이비에스|JBS,금감원 파인 제도권금융회사조회(https://fine.fss.or.kr/fine/fncco/systemFncCo/list.do?menuNo=900038) 2026-09-18; 금융통계정보시스템 202603 기준 등재; 허가등록업종: 투자자문업
ia_jeiseu,제이스투자일임,투자자문,제이스투자일임,금감원 파인 제도권금융회사조회(https://fine.fss.or.kr/fine/fncco/systemFncCo/list.do?menuNo=900038) 2026-09-18; 금융통계정보시스템 202603 기준 등재
ia_jeissiaen,제이씨앤투자자문,투자자문,제이씨앤투자자문,금감원 파인 제도권금융회사조회(https://fine.fss.or.kr/fine/fncco/systemFncCo/list.do?menuNo=900038) 2026-09-18; 금융통계정보시스템 202603 기준 등재; 허가등록업종: 투자자문업
ia_jeiaen,제이앤투자자문,투자자문,제이앤투자자문,금감원 파인 제도권금융회사조회(https://fine.fss.or.kr/fine/fncco/systemFncCo/list.do?menuNo=900038) 2026-09-18; 금융통계정보시스템 202603 기준 등재
ia_jeieseu,제이에스투자일임,투자자문,제이에스투자일임,금감원 파인 제도권금융회사조회(https://fine.fss.or.kr/fine/fncco/systemFncCo/list.do?menuNo=900038) 2026-09-18; 금융투자협회 회원사현황 등재; 금융통계정보시스템 202603 기준 등재
ia_jeiei,제이에이인베스트먼트,투자자문,제이에이인베스트먼트,금감원 파인 제도권금융회사조회(https://fine.fss.or.kr/fine/fncco/systemFncCo/list.do?menuNo=900038) 2026-09-18; 금융통계정보시스템 202603 기준 등재
ia_jeieichi,제이에이치투자자문,투자자문,제이에이치투자자문,금감원 파인 제도권금융회사조회(https://fine.fss.or.kr/fine/fncco/systemFncCo/list.do?menuNo=900038) 2026-09-18; 금융통계정보시스템 202603 기준 등재
ia_jeienssiholdingseu,제이엔씨홀딩스투자자문,투자자문,제이엔씨홀딩스투자자문,금감원 파인 제도권금융회사조회(https://fine.fss.or.kr/fine/fncco/systemFncCo/list.do?menuNo=900038) 2026-09-18; 금융통계정보시스템 202603 기준 등재; 허가등록업종: 투자자문업
ia_jeienai,제이엔아이투자일임,투자자문,제이엔아이투자일임,금감원 파인 제도권금융회사조회(https://fine.fss.or.kr/fine/fncco/systemFncCo/list.do?menuNo=900038) 2026-09-18; 금융통계정보시스템 202603 기준 등재
ia_jeieneseu,제이엔에스투자일임,투자자문,제이엔에스투자일임,금감원 파인 제도권금융회사조회(https://fine.fss.or.kr/fine/fncco/systemFncCo/list.do?menuNo=900038) 2026-09-18; 금융통계정보시스템 202603 기준 등재
ia_jeiyu,제이유투자자문,투자자문,제이유투자자문,금감원 파인 제도권금융회사조회(https://fine.fss.or.kr/fine/fncco/systemFncCo/list.do?menuNo=900038) 2026-09-18; 금융통계정보시스템 202603 기준 등재
ia_jplus,제이플러스투자자문,투자자문,제이플러스투자자문|Corporation JPLUS INVESTMENT ADVISORY|CorporationJPLUSINVESTMENTADVISORY,금감원 파인 제도권금융회사조회(https://fine.fss.or.kr/fine/fncco/systemFncCo/list.do?menuNo=900038) 2026-09-18; 금융통계정보시스템 202603 기준 등재; 허가등록업종: 투자자문업
ia_jeipimogan,제이피모간투자자문코리아,투자자문,제이피모간투자자문코리아,금감원 파인 제도권금융회사조회(https://fine.fss.or.kr/fine/fncco/systemFncCo/list.do?menuNo=900038) 2026-09-18; 금융투자협회 회원사현황 등재; 금융통계정보시스템 202603 기준 등재
ia_jpmorganasiapacific,제이피모건 에셋 매니지먼트 (아시아 퍼시픽) 리미티드,투자자문,제이피모건 에셋 매니지먼트 (아시아 퍼시픽) 리미티드|JPMorgan Asset Management (Asia Pacific)|제이피모건에셋매니지먼트(아시아퍼시픽)리미티드|JPMorganAssetManagement(AsiaPacific),"금감원 파인 제도권금융회사조회(https://fine.fss.or.kr/fine/fncco/systemFncCo/list.do?menuNo=900038) 2026-09-18; 허가등록업종: 투자자문업, 투자일임업"
ia_join,조인투자일임,투자자문,조인투자일임,금감원 파인 제도권금융회사조회(https://fine.fss.or.kr/fine/fncco/systemFncCo/list.do?menuNo=900038) 2026-09-18; 금융통계정보시스템 202603 기준 등재
ia_joneslanglasalleconsul,존스랑라살 컨설팅,투자자문,존스랑라살 컨설팅|존스랑라살투자자문|Jones Lang LaSalle Consulting|존스랑라살컨설팅|JonesLangLaSalleConsulting,금감원 파인 제도권금융회사조회(https://fine.fss.or.kr/fine/fncco/systemFncCo/list.do?menuNo=900038) 2026-09-18; 금융투자협회 회원사현황 등재; 금융통계정보시스템 202603 기준 등재; 허가등록업종: 투자자문업(5-1-1); 협회·FISIS 등재명 '존스랑라살투자자문'를 동일 법인으로 병합(추정)
ia_jumeoni,주머니투자자문,투자자문,주머니투자자문,금감원 파인 제도권금융회사조회(https://fine.fss.or.kr/fine/fncco/systemFncCo/list.do?menuNo=900038) 2026-09-18; 금융통계정보시스템 202603 기준 등재; 허가등록업종: 투자자문업
ia_juel,주엘파트너스,투자자문,주엘파트너스,금감원 파인 제도권금융회사조회(https://fine.fss.or.kr/fine/fncco/systemFncCo/list.do?menuNo=900038) 2026-09-18; 금융통계정보시스템 202603 기준 등재
ia_junggyeong,중경투자자문,투자자문,중경투자자문,금융통계정보시스템 202603 기준 등재; 파인 미등재(협회/FISIS에만 등재) — 등록 여부 재확인 필요
ia_jkpartners,중경파트너스,투자자문,중경파트너스|JK Partners|JKPartners,금감원 파인 제도권금융회사조회(https://fine.fss.or.kr/fine/fncco/systemFncCo/list.do?menuNo=900038) 2026-09-18; 허가등록업종: 투자자문업
ia_junggukgukjegeumyungho,중국국제금융홍콩자산관리유한공사,투자자문,중국국제금융홍콩자산관리유한공사,금감원 파인 제도권금융회사조회(https://fine.fss.or.kr/fine/fncco/systemFncCo/list.do?menuNo=900038) 2026-09-18
ia_jibi,지비투자자문,투자자문,지비투자자문,금감원 파인 제도권금융회사조회(https://fine.fss.or.kr/fine/fncco/systemFncCo/list.do?menuNo=900038) 2026-09-18; 금융투자협회 회원사현황 등재; 금융통계정보시스템 202603 기준 등재
ia_jissieseu,지씨에스투자일임,투자자문,지씨에스투자일임,금감원 파인 제도권금융회사조회(https://fine.fss.or.kr/fine/fncco/systemFncCo/list.do?menuNo=900038) 2026-09-18; 금융통계정보시스템 202603 기준 등재
ia_jiepeuinteonaesyeoneol,지에프인터내셔널 인베스트먼트 매니지먼트 리미티드,투자자문,지에프인터내셔널 인베스트먼트 매니지먼트 리미티드|지에프인터내셔널인베스트먼트매니지먼트리미티드,금감원 파인 제도권금융회사조회(https://fine.fss.or.kr/fine/fncco/systemFncCo/list.do?menuNo=900038) 2026-09-18
ia_jituji,지투지투자일임,투자자문,지투지투자일임,금감원 파인 제도권금융회사조회(https://fine.fss.or.kr/fine/fncco/systemFncCo/list.do?menuNo=900038) 2026-09-18; 금융통계정보시스템 202603 기준 등재
ia_jiti,지티파트너스,투자자문,지티파트너스,금감원 파인 제도권금융회사조회(https://fine.fss.or.kr/fine/fncco/systemFncCo/list.do?menuNo=900038) 2026-09-18; 금융통계정보시스템 202603 기준 등재
ia_chainagaelreoksiinteon,차이나 갤럭시 인터내셔널 에셋매니지먼트(홍콩) 리미티드,투자자문,차이나 갤럭시 인터내셔널 에셋매니지먼트(홍콩) 리미티드|차이나갤럭시인터내셔널에셋매니지먼트(홍콩)리미티드,금감원 파인 제도권금융회사조회(https://fine.fss.or.kr/fine/fncco/systemFncCo/list.do?menuNo=900038) 2026-09-18
ia_chainasikyuritijeuinte,차이나 시큐리티즈 (인터네셔널) 에셋 매니지먼트 컴퍼니 리미티드,투자자문,차이나 시큐리티즈 (인터네셔널) 에셋 매니지먼트 컴퍼니 리미티드|차이나시큐리티즈(인터네셔널)에셋매니지먼트컴퍼니리미티드,금감원 파인 제도권금융회사조회(https://fine.fss.or.kr/fine/fncco/systemFncCo/list.do?menuNo=900038) 2026-09-18
ia_chainaesetmaenijimeont,차이나 에셋 매니지먼트 홍콩 리미티드,투자자문,차이나 에셋 매니지먼트 홍콩 리미티드|차이나에셋매니지먼트홍콩리미티드,금감원 파인 제도권금융회사조회(https://fine.fss.or.kr/fine/fncco/systemFncCo/list.do?menuNo=900038) 2026-09-18
ia_chainayunibeosyeolhong,차이나유니버셜자산운용(홍콩),투자자문,차이나유니버셜자산운용(홍콩),금감원 파인 제도권금융회사조회(https://fine.fss.or.kr/fine/fncco/systemFncCo/list.do?menuNo=900038) 2026-09-18
ia_cham,참투자자문,투자자문,참투자자문,금융통계정보시스템 202603 기준 등재; 파인 미등재(협회/FISIS에만 등재) — 등록 여부 재확인 필요
ia_changjo,창조투자자문,투자자문,창조투자자문,금감원 파인 제도권금융회사조회(https://fine.fss.or.kr/fine/fncco/systemFncCo/list.do?menuNo=900038) 2026-09-18; 금융투자협회 회원사현황 등재; 금융통계정보시스템 202603 기준 등재
ia_cheonhwapartners,천화투자자문,투자자문,천화투자자문|Cheonhwa Partners|CheonhwaPartners,금감원 파인 제도권금융회사조회(https://fine.fss.or.kr/fine/fncco/systemFncCo/list.do?menuNo=900038) 2026-09-18; 금융통계정보시스템 202603 기준 등재; 허가등록업종: 투자자문업
ia_chesley,체슬리투자자문,투자자문,체슬리투자자문|CHESLEY INVESTMENT ADVISORS|CHESLEYINVESTMENTADVISORS,"금감원 파인 제도권금융회사조회(https://fine.fss.or.kr/fine/fncco/systemFncCo/list.do?menuNo=900038) 2026-09-18; 금융투자협회 회원사현황 등재; 금융통계정보시스템 202603 기준 등재; 허가등록업종: 투자자문업, 투자일임업; 파인 분류: 투자일임회사/투자자문회사"
ia_chelsimaenijimeonteuke,첼시 매니지먼트 컴퍼니,투자자문,첼시 매니지먼트 컴퍼니|첼시매니지먼트컴퍼니,금감원 파인 제도권금융회사조회(https://fine.fss.or.kr/fine/fncco/systemFncCo/list.do?menuNo=900038) 2026-09-18
ia_chomok,초목투자일임,투자자문,초목투자일임,금융통계정보시스템 202603 기준 등재; 파인 미등재(협회/FISIS에만 등재) — 등록 여부 재확인 필요
ia_choeseon,최선투자자문,투자자문,최선투자자문,금감원 파인 제도권금융회사조회(https://fine.fss.or.kr/fine/fncco/systemFncCo/list.do?menuNo=900038) 2026-09-18; 허가등록업종: 투자자문업
ia_kairoseu,카이로스자산운용,투자자문,카이로스자산운용,금감원 파인 제도권금융회사조회(https://fine.fss.or.kr/fine/fncco/systemFncCo/list.do?menuNo=900038) 2026-09-18; 금융통계정보시스템 202603 기준 등재
ia_kai,카이투자자문,투자자문,카이투자자문,금융통계정보시스템 202603 기준 등재; 파인 미등재(협회/FISIS에만 등재) — 등록 여부 재확인 필요
ia_kalrailssieromaenijime,칼라일 씨엘오 매니지먼트 엘엘씨,투자자문,칼라일 씨엘오 매니지먼트 엘엘씨|칼라일씨엘오매니지먼트엘엘씨,금감원 파인 제도권금융회사조회(https://fine.fss.or.kr/fine/fncco/systemFncCo/list.do?menuNo=900038) 2026-09-18
ia_kam,캄투자일임,투자자문,캄투자일임,금감원 파인 제도권금융회사조회(https://fine.fss.or.kr/fine/fncco/systemFncCo/list.do?menuNo=900038) 2026-09-18; 금융통계정보시스템 202603 기준 등재
ia_kaenieonkaepitareodeub,캐니언 캐피탈 어드바이저스 엘엘씨,투자자문,캐니언 캐피탈 어드바이저스 엘엘씨|캐니언캐피탈어드바이저스엘엘씨,금감원 파인 제도권금융회사조회(https://fine.fss.or.kr/fine/fncco/systemFncCo/list.do?menuNo=900038) 2026-09-18
ia_kaeseulring,캐슬링인베스트먼트,투자자문,캐슬링인베스트먼트|캐슬링인베스트먼트투자자문,금감원 파인 제도권금융회사조회(https://fine.fss.or.kr/fine/fncco/systemFncCo/list.do?menuNo=900038) 2026-09-18; 금융투자협회 회원사현황 등재; 금융통계정보시스템 202603 기준 등재; 협회·FISIS 등재명 '캐슬링인베스트먼트투자자문'를 동일 법인으로 병합(추정)
ia_kaepitaldainamikseu,캐피탈 다이나믹스,투자자문,캐피탈 다이나믹스|캐피탈다이나믹스,금감원 파인 제도권금융회사조회(https://fine.fss.or.kr/fine/fncco/systemFncCo/list.do?menuNo=900038) 2026-09-18
ia_kaembeurijieososieiche,캠브리지 어소시에이츠 아시아 브라이빗 리미티드,투자자문,캠브리지 어소시에이츠 아시아 브라이빗 리미티드|캠브리지어소시에이츠아시아브라이빗리미티드,금감원 파인 제도권금융회사조회(https://fine.fss.or.kr/fine/fncco/systemFncCo/list.do?menuNo=900038) 2026-09-18
ia_cats,캣츠투자자문,투자자문,캣츠투자자문|CATS Investment|CATSInvestment,금감원 파인 제도권금융회사조회(https://fine.fss.or.kr/fine/fncco/systemFncCo/list.do?menuNo=900038) 2026-09-18; 금융투자협회 회원사현황 등재; 금융통계정보시스템 202603 기준 등재; 허가등록업종: 투자일임업
ia_keonduit,컨두잇투자자문,투자자문,컨두잇투자자문,금감원 파인 제도권금융회사조회(https://fine.fss.or.kr/fine/fncco/systemFncCo/list.do?menuNo=900038) 2026-09-18; 금융통계정보시스템 202603 기준 등재
ia_kemikareneoji,케미칼에너지투자자문,투자자문,케미칼에너지투자자문,금감원 파인 제도권금융회사조회(https://fine.fss.or.kr/fine/fncco/systemFncCo/list.do?menuNo=900038) 2026-09-18; 금융통계정보시스템 202603 기준 등재
ia_keidi,케이디투자자문,투자자문,케이디투자자문|KD Investment Advisory|KDInvestmentAdvisory,"금감원 파인 제도권금융회사조회(https://fine.fss.or.kr/fine/fncco/systemFncCo/list.do?menuNo=900038) 2026-09-18; 허가등록업종: 투자자문업, 투자일임업"
ia_keiaenssi,케이앤씨인베스트먼트,투자자문,케이앤씨인베스트먼트,금감원 파인 제도권금융회사조회(https://fine.fss.or.kr/fine/fncco/systemFncCo/list.do?menuNo=900038) 2026-09-18; 금융투자협회 회원사현황 등재; 금융통계정보시스템 202603 기준 등재
ia_knl,케이앤엘투자자문,투자자문,케이앤엘투자자문|KnL Investment Advisory|KnLInvestmentAdvisory,금감원 파인 제도권금융회사조회(https://fine.fss.or.kr/fine/fncco/systemFncCo/list.do?menuNo=900038) 2026-09-18; 금융투자협회 회원사현황 등재; 금융통계정보시스템 202603 기준 등재; 허가등록업종: 투자자문업
ia_keiaenkei,케이앤케이투자일임,투자자문,케이앤케이투자일임,금감원 파인 제도권금융회사조회(https://fine.fss.or.kr/fine/fncco/systemFncCo/list.do?menuNo=900038) 2026-09-18; 금융통계정보시스템 202603 기준 등재
ia_keiaen,케이앤투자자문,투자자문,케이앤투자자문|KN Investment Management|KNInvestmentManagement,금감원 파인 제도권금융회사조회(https://fine.fss.or.kr/fine/fncco/systemFncCo/list.do?menuNo=900038) 2026-09-18; 금융통계정보시스템 202603 기준 등재; 허가등록업종: 투자일임업
ia_keieseuel,케이에스엘파트너스,투자자문,케이에스엘파트너스,금감원 파인 제도권금융회사조회(https://fine.fss.or.kr/fine/fncco/systemFncCo/list.do?menuNo=900038) 2026-09-18; 금융통계정보시스템 202603 기준 등재
ia_keieseuwai,케이에스와이인베스트먼츠,투자자문,케이에스와이인베스트먼츠,금융통계정보시스템 202603 기준 등재; 파인 미등재(협회/FISIS에만 등재) — 등록 여부 재확인 필요
ia_klpc,케이엘피씨투자자문,투자자문,케이엘피씨투자자문|KLPC Investment Advisory|KLPCInvestmentAdvisory,금감원 파인 제도권금융회사조회(https://fine.fss.or.kr/fine/fncco/systemFncCo/list.do?menuNo=900038) 2026-09-18; 금융통계정보시스템 202603 기준 등재; 허가등록업종: 투자자문업
ia_keipiai,케이피아이투자자문,투자자문,케이피아이투자자문,금감원 파인 제도권금융회사조회(https://fine.fss.or.kr/fine/fncco/systemFncCo/list.do?menuNo=900038) 2026-09-18; 금융통계정보시스템 202603 기준 등재
ia_koning,코닝,투자자문,,금감원 파인 제도권금융회사조회(https://fine.fss.or.kr/fine/fncco/systemFncCo/list.do?menuNo=900038) 2026-09-18
ia_koseutaeset,코스타에셋,투자자문,코스타에셋,금감원 파인 제도권금융회사조회(https://fine.fss.or.kr/fine/fncco/systemFncCo/list.do?menuNo=900038) 2026-09-18; 금융통계정보시스템 202603 기준 등재
ia_koeoteurendeu,코어트렌드투자일임,투자자문,코어트렌드투자일임,금감원 파인 제도권금융회사조회(https://fine.fss.or.kr/fine/fncco/systemFncCo/list.do?menuNo=900038) 2026-09-18; 금융통계정보시스템 202603 기준 등재
ia_kohenaendeuseutieoseuk,코헨 앤드 스티어스 캐피탈 매니지먼트 인크,투자자문,코헨 앤드 스티어스 캐피탈 매니지먼트 인크|코헨앤드스티어스캐피탈매니지먼트인크,금감원 파인 제도권금융회사조회(https://fine.fss.or.kr/fine/fncco/systemFncCo/list.do?menuNo=900038) 2026-09-18
ia_kolrombiamaenijimeonte,"콜롬비아 매니지먼트 인베스트먼트 어드바이저스, 엘엘씨",투자자문,"콜롬비아 매니지먼트 인베스트먼트 어드바이저스, 엘엘씨|콜롬비아매니지먼트인베스트먼트어드바이저스,엘엘씨",금감원 파인 제도권금융회사조회(https://fine.fss.or.kr/fine/fncco/systemFncCo/list.do?menuNo=900038) 2026-09-18
ia_colchesterinvestorssin,콜체스터 글로벌 인베스터스 싱가포르 피티이 엘티디,투자자문,콜체스터 글로벌 인베스터스 싱가포르 피티이 엘티디|Colchester Global Investors(Singapore)|콜체스터글로벌인베스터스싱가포르피티이엘티디|ColchesterGlobalInvestors(Singapore),금감원 파인 제도권금융회사조회(https://fine.fss.or.kr/fine/fncco/systemFncCo/list.do?menuNo=900038) 2026-09-18; 허가등록업종: 역외투자일임업
ia_cushmanwakefieldkorea,쿠시먼앤드웨이크필드코리아투자자문,투자자문,쿠시먼앤드웨이크필드코리아투자자문|Cushman&Wakefield Korea Investment Advisory|Cushman&WakefieldKoreaInvestmentAdvisory,금감원 파인 제도권금융회사조회(https://fine.fss.or.kr/fine/fncco/systemFncCo/list.do?menuNo=900038) 2026-09-18; 금융통계정보시스템 202603 기준 등재; 허가등록업종: 투자자문업(5-1-1)
ia_quantum,퀀텀투자자문,투자자문,퀀텀투자자문|Quantum Investment Advisory|QuantumInvestmentAdvisory,금감원 파인 제도권금융회사조회(https://fine.fss.or.kr/fine/fncco/systemFncCo/list.do?menuNo=900038) 2026-09-18; 금융통계정보시스템 202603 기준 등재; 허가등록업종: 투자자문업
ia_kwonteuwaijeu,퀀트와이즈투자자문,투자자문,퀀트와이즈투자자문,금융통계정보시스템 202603 기준 등재; 파인 미등재(협회/FISIS에만 등재) — 등록 여부 재확인 필요
ia_kwontiteitibeumaenijim,퀀티테이티브 매니지먼트 어소시에이츠 엘엘씨,투자자문,퀀티테이티브 매니지먼트 어소시에이츠 엘엘씨|퀀티테이티브매니지먼트어소시에이츠엘엘씨,금감원 파인 제도권금융회사조회(https://fine.fss.or.kr/fine/fncco/systemFncCo/list.do?menuNo=900038) 2026-09-18
ia_quantit,퀀팃투자자문,투자자문,퀀팃투자자문|QUANTIT Investment Advisor|QUANTITInvestmentAdvisor,"금감원 파인 제도권금융회사조회(https://fine.fss.or.kr/fine/fncco/systemFncCo/list.do?menuNo=900038) 2026-09-18; 금융투자협회 회원사현황 등재; 금융통계정보시스템 202603 기준 등재; 허가등록업종: 투자일임업, 투자자문업"
ia_kyuaissipeuraibitkaepi,큐아이씨 프라이빗 캐피탈 피티와이 엘티디,투자자문,큐아이씨 프라이빗 캐피탈 피티와이 엘티디|큐아이씨프라이빗캐피탈피티와이엘티디,금감원 파인 제도권금융회사조회(https://fine.fss.or.kr/fine/fncco/systemFncCo/list.do?menuNo=900038) 2026-09-18
ia_kyueseu,큐에스투자일임,투자자문,큐에스투자일임,금감원 파인 제도권금융회사조회(https://fine.fss.or.kr/fine/fncco/systemFncCo/list.do?menuNo=900038) 2026-09-18; 금융통계정보시스템 202603 기준 등재
ia_keungil,큰길투자자문,투자자문,큰길투자자문,금융통계정보시스템 202603 기준 등재; 파인 미등재(협회/FISIS에만 등재) — 등록 여부 재확인 필요
ia_keunnamu,큰나무투자일임,투자자문,큰나무투자일임,금감원 파인 제도권금융회사조회(https://fine.fss.or.kr/fine/fncco/systemFncCo/list.do?menuNo=900038) 2026-09-18; 금융통계정보시스템 202603 기준 등재
ia_key,키투자자문,투자자문,키투자자문|KEY Investment Advisory|KEYInvestmentAdvisory,"금감원 파인 제도권금융회사조회(https://fine.fss.or.kr/fine/fncco/systemFncCo/list.do?menuNo=900038) 2026-09-18; 금융통계정보시스템 202603 기준 등재; 허가등록업종: 투자자문업, 투자일임업; 파인 분류: 투자일임회사/투자자문회사"
ia_kipeobaheu,키퍼바흐자산운용,투자자문,키퍼바흐자산운용,금감원 파인 제도권금융회사조회(https://fine.fss.or.kr/fine/fncco/systemFncCo/list.do?menuNo=900038) 2026-09-18; 금융통계정보시스템 202603 기준 등재
ia_tawo,타워투자일임,투자자문,타워투자일임,금감원 파인 제도권금융회사조회(https://fine.fss.or.kr/fine/fncco/systemFncCo/list.do?menuNo=900038) 2026-09-18; 금융투자협회 회원사현황 등재; 금융통계정보시스템 202603 기준 등재
ia_timevalue,타임밸류,투자자문,타임밸류|타임밸류투자자문|TimeValue,금감원 파인 제도권금융회사조회(https://fine.fss.or.kr/fine/fncco/systemFncCo/list.do?menuNo=900038) 2026-09-18; 금융투자협회 회원사현황 등재; 금융통계정보시스템 202603 기준 등재; 허가등록업종: 투자자문업; 협회·FISIS 등재명 '타임밸류투자자문'를 동일 법인으로 병합(추정)
ia_taimaenseupeuredeu,타임앤스프레드투자자문,투자자문,타임앤스프레드투자자문,금감원 파인 제도권금융회사조회(https://fine.fss.or.kr/fine/fncco/systemFncCo/list.do?menuNo=900038) 2026-09-18; 금융투자협회 회원사현황 등재; 금융통계정보시스템 202603 기준 등재
ia_taikanghongkong,태강에셋매니지먼트(홍콩)컴퍼니,투자자문,태강에셋매니지먼트(홍콩)컴퍼니|Taikang Asset Management (Hong Kong)|TaikangAssetManagement(HongKong),"금감원 파인 제도권금융회사조회(https://fine.fss.or.kr/fine/fncco/systemFncCo/list.do?menuNo=900038) 2026-09-18; 허가등록업종: 투자자문업, 투자일임업"
ia_taeyang,태양투자자문,투자자문,태양투자자문,금감원 파인 제도권금융회사조회(https://fine.fss.or.kr/fine/fncco/systemFncCo/list.do?menuNo=900038) 2026-09-18; 금융투자협회 회원사현황 등재; 금융통계정보시스템 202603 기준 등재; 허가등록업종: 투자자문업
ia_teoseukeo,터스커투자일임,투자자문,터스커투자일임,금감원 파인 제도권금융회사조회(https://fine.fss.or.kr/fine/fncco/systemFncCo/list.do?menuNo=900038) 2026-09-18; 금융통계정보시스템 202603 기준 등재
ia_ted,테드투자자문,투자자문,테드투자자문|TED Investment Advisory|TEDInvestmentAdvisory,금감원 파인 제도권금융회사조회(https://fine.fss.or.kr/fine/fncco/systemFncCo/list.do?menuNo=900038) 2026-09-18; 금융통계정보시스템 202603 기준 등재; 허가등록업종: 투자자문업
ia_teyvat,테이바투자자문,투자자문,테이바투자자문|TEYVAT INVESTMENT|TEYVATINVESTMENT,금감원 파인 제도권금융회사조회(https://fine.fss.or.kr/fine/fncco/systemFncCo/list.do?menuNo=900038) 2026-09-18; 금융통계정보시스템 202603 기준 등재; 허가등록업종: 투자자문업
ia_tekeupin,테크핀투자자문,투자자문,테크핀투자자문,금감원 파인 제도권금융회사조회(https://fine.fss.or.kr/fine/fncco/systemFncCo/list.do?menuNo=900038) 2026-09-18; 금융투자협회 회원사현황 등재; 금융통계정보시스템 202603 기준 등재
ia_tekton,텍톤투자자문,투자자문,텍톤투자자문,금감원 파인 제도권금융회사조회(https://fine.fss.or.kr/fine/fncco/systemFncCo/list.do?menuNo=900038) 2026-09-18; 금융통계정보시스템 202603 기준 등재
ia_tendeominbeseuteoseuri,텐덤 인베스터스 리미티드,투자자문,텐덤 인베스터스 리미티드|텐덤인베스터스리미티드,금감원 파인 제도권금융회사조회(https://fine.fss.or.kr/fine/fncco/systemFncCo/list.do?menuNo=900038) 2026-09-18
ia_tempiseu,템피스투자일임,투자자문,템피스투자일임|템피스투자자문,금감원 파인 제도권금융회사조회(https://fine.fss.or.kr/fine/fncco/systemFncCo/list.do?menuNo=900038) 2026-09-18; 금융투자협회 회원사현황 등재; 금융통계정보시스템 202603 기준 등재; 협회·FISIS 등재명 '템피스투자자문'를 동일 법인으로 병합(추정)
ia_tomato,토마토투자자문,투자자문,토마토투자자문,금감원 파인 제도권금융회사조회(https://fine.fss.or.kr/fine/fncco/systemFncCo/list.do?menuNo=900038) 2026-09-18; 금융투자협회 회원사현황 등재; 금융통계정보시스템 202603 기준 등재
ia_tobaemeseueieseu,토뱀 에스에이에스,투자자문,토뱀 에스에이에스|토뱀에스에이에스,금감원 파인 제도권금융회사조회(https://fine.fss.or.kr/fine/fncco/systemFncCo/list.do?menuNo=900038) 2026-09-18
ia_tugedeowin,투게더윈투자자문,투자자문,투게더윈투자자문,금감원 파인 제도권금융회사조회(https://fine.fss.or.kr/fine/fncco/systemFncCo/list.do?menuNo=900038) 2026-09-18; 금융통계정보시스템 202603 기준 등재; 허가등록업종: 투자일임업
ia_tuekseu,투엑스투자일임,투자자문,투엑스투자일임,금감원 파인 제도권금융회사조회(https://fine.fss.or.kr/fine/fncco/systemFncCo/list.do?menuNo=900038) 2026-09-18; 금융통계정보시스템 202603 기준 등재
ia_retrofinancial,투자자문레트로,투자자문,투자자문레트로|Retro Financial Advisor|RetroFinancialAdvisor,금감원 파인 제도권금융회사조회(https://fine.fss.or.kr/fine/fncco/systemFncCo/list.do?menuNo=900038) 2026-09-18; 허가등록업종: 투자자문업
ia_koldeubeuru,투자자문콜드브루,투자자문,투자자문콜드브루,금감원 파인 제도권금융회사조회(https://fine.fss.or.kr/fine/fncco/systemFncCo/list.do?menuNo=900038) 2026-09-18; 금융투자협회 회원사현황 등재; 금융통계정보시스템 202603 기준 등재; 허가등록업종: 투자자문업
ia_tuhaenjeu,투핸즈투자자문,투자자문,투핸즈투자자문,금감원 파인 제도권금융회사조회(https://fine.fss.or.kr/fine/fncco/systemFncCo/list.do?menuNo=900038) 2026-09-18; 금융통계정보시스템 202603 기준 등재
ia_teuraiaenggeul,트라이앵글투자일임,투자자문,트라이앵글투자일임,금감원 파인 제도권금융회사조회(https://fine.fss.or.kr/fine/fncco/systemFncCo/list.do?menuNo=900038) 2026-09-18; 금융통계정보시스템 202603 기준 등재
ia_teureoseuteu,트러스트투자자문,투자자문,트러스트투자자문,금감원 파인 제도권금융회사조회(https://fine.fss.or.kr/fine/fncco/systemFncCo/list.do?menuNo=900038) 2026-09-18; 금융투자협회 회원사현황 등재; 금융통계정보시스템 202603 기준 등재; 허가등록업종: 투자자문업
ia_teuroi,트로이투자일임,투자자문,트로이투자일임,금감원 파인 제도권금융회사조회(https://fine.fss.or.kr/fine/fncco/systemFncCo/list.do?menuNo=900038) 2026-09-18; 금융투자협회 회원사현황 등재; 금융통계정보시스템 202603 기준 등재
ia_trioceanpartners,트리오션파트너스,투자자문,트리오션파트너스|Triocean Partners|TrioceanPartners,금감원 파인 제도권금융회사조회(https://fine.fss.or.kr/fine/fncco/systemFncCo/list.do?menuNo=900038) 2026-09-18; 금융투자협회 회원사현황 등재; 금융통계정보시스템 202603 기준 등재; 허가등록업종: 투자자문업
ia_tiroupeuraiseuinteonae,티로우 프라이스 인터내셔널 리미티드,투자자문,티로우 프라이스 인터내셔널 리미티드|티로우프라이스인터내셔널리미티드,금감원 파인 제도권금융회사조회(https://fine.fss.or.kr/fine/fncco/systemFncCo/list.do?menuNo=900038) 2026-09-18
ia_tcw,티씨더블유 에셋 매니지먼트 컴퍼니 엘엘씨,투자자문,티씨더블유 에셋 매니지먼트 컴퍼니 엘엘씨|TCW Asset Management|티씨더블유에셋매니지먼트컴퍼니엘엘씨|TCWAssetManagement,금감원 파인 제도권금융회사조회(https://fine.fss.or.kr/fine/fncco/systemFncCo/list.do?menuNo=900038) 2026-09-18; 허가등록업종: 투자일임업
ia_tiareseu,티알에스 투자자문,투자자문,티알에스 투자자문|티알에스투자자문,금감원 파인 제도권금융회사조회(https://fine.fss.or.kr/fine/fncco/systemFncCo/list.do?menuNo=900038) 2026-09-18; 금융투자협회 회원사현황 등재; 금융통계정보시스템 202603 기준 등재
ia_tieseuinbeseuteu,티에스인베스트,투자자문,티에스인베스트,금감원 파인 제도권금융회사조회(https://fine.fss.or.kr/fine/fncco/systemFncCo/list.do?menuNo=900038) 2026-09-18; 금융통계정보시스템 202603 기준 등재
ia_tiekseuinbeseuteu,티엑스인베스트,투자자문,티엑스인베스트,금감원 파인 제도권금융회사조회(https://fine.fss.or.kr/fine/fncco/systemFncCo/list.do?menuNo=900038) 2026-09-18; 금융통계정보시스템 202603 기준 등재
ia_pabereu,파베르투자자문,투자자문,파베르투자자문,금감원 파인 제도권금융회사조회(https://fine.fss.or.kr/fine/fncco/systemFncCo/list.do?menuNo=900038) 2026-09-18; 금융통계정보시스템 202603 기준 등재
ia_foundation,파운데이션투자자문,투자자문,파운데이션투자자문|Foundation Investment Advisors|FoundationInvestmentAdvisors,"금감원 파인 제도권금융회사조회(https://fine.fss.or.kr/fine/fncco/systemFncCo/list.do?menuNo=900038) 2026-09-18; 금융통계정보시스템 202603 기준 등재; 허가등록업종: 투자자문업, 투자일임업; 파인 분류: 투자일임회사/투자자문회사"
ia_paunteu,파운트투자자문,투자자문,파운트투자자문,금감원 파인 제도권금융회사조회(https://fine.fss.or.kr/fine/fncco/systemFncCo/list.do?menuNo=900038) 2026-09-18; 금융투자협회 회원사현황 등재; 금융통계정보시스템 202603 기준 등재
ia_paibeu,파이브투자자문,투자자문,파이브투자자문,금감원 파인 제도권금융회사조회(https://fine.fss.or.kr/fine/fncco/systemFncCo/list.do?menuNo=900038) 2026-09-18
ia_paieoseutontuja,파이어스톤투자자산운용,투자자문,파이어스톤투자자산운용,금감원 파인 제도권금융회사조회(https://fine.fss.or.kr/fine/fncco/systemFncCo/list.do?menuNo=900038) 2026-09-18
ia_paieo,파이어투자자문,투자자문,파이어투자자문,금융통계정보시스템 202603 기준 등재; 파인 미등재(협회/FISIS에만 등재) — 등록 여부 재확인 필요
ia_pion,파이온투자자문,투자자문,파이온투자자문|Pion Investment|PionInvestment,금감원 파인 제도권금융회사조회(https://fine.fss.or.kr/fine/fncco/systemFncCo/list.do?menuNo=900038) 2026-09-18; 금융투자협회 회원사현황 등재; 금융통계정보시스템 202603 기준 등재; 허가등록업종: 투자자문업
ia_pine,파인투자자문,투자자문,파인투자자문|Pine Investment Advisory|PineInvestmentAdvisory,"금감원 파인 제도권금융회사조회(https://fine.fss.or.kr/fine/fncco/systemFncCo/list.do?menuNo=900038) 2026-09-18; 금융투자협회 회원사현황 등재; 금융통계정보시스템 202603 기준 등재; 허가등록업종: 투자자문업(전문), 투자일임업(일반,전문)"
ia_pailreoninbeseuteu,파일런인베스트,투자자문,파일런인베스트,금감원 파인 제도권금융회사조회(https://fine.fss.or.kr/fine/fncco/systemFncCo/list.do?menuNo=900038) 2026-09-18; 금융통계정보시스템 202603 기준 등재
ia_geurupsinggaporeupitii,파트너스 그룹(싱가포르) 피티이. 엘티디.,투자자문,파트너스 그룹(싱가포르) 피티이. 엘티디.|파트너스그룹(싱가포르)피티이.엘티디.,금감원 파인 제도권금융회사조회(https://fine.fss.or.kr/fine/fncco/systemFncCo/list.do?menuNo=900038) 2026-09-18
ia_papaya,파파야파트너스,투자자문,파파야파트너스,금감원 파인 제도권금융회사조회(https://fine.fss.or.kr/fine/fncco/systemFncCo/list.do?menuNo=900038) 2026-09-18; 금융통계정보시스템 202603 기준 등재
ia_paemilriopiseu,패밀리오피스투자자문,투자자문,패밀리오피스투자자문,금감원 파인 제도권금융회사조회(https://fine.fss.or.kr/fine/fncco/systemFncCo/list.do?menuNo=900038) 2026-09-18; 금융통계정보시스템 202603 기준 등재
ia_paelriseideukaepitalma,팰리세이드 캐피탈 매니지먼트 엘엘씨,투자자문,팰리세이드 캐피탈 매니지먼트 엘엘씨|팰리세이드캐피탈매니지먼트엘엘씨,금감원 파인 제도권금융회사조회(https://fine.fss.or.kr/fine/fncco/systemFncCo/list.do?menuNo=900038) 2026-09-18
ia_perspectivepartners,퍼스펙티브파트너스,투자자문,퍼스펙티브파트너스|PERSPECTIVE PARTNERS|PERSPECTIVEPARTNERS,"금감원 파인 제도권금융회사조회(https://fine.fss.or.kr/fine/fncco/systemFncCo/list.do?menuNo=900038) 2026-09-18; 금융통계정보시스템 202603 기준 등재; 허가등록업종: 투자자문업, 투자일임업"
ia_peondeukweseuteueodeub,펀드퀘스트 어드바이저,투자자문,펀드퀘스트 어드바이저|펀드퀘스트어드바이저,금감원 파인 제도권금융회사조회(https://fine.fss.or.kr/fine/fncco/systemFncCo/list.do?menuNo=900038) 2026-09-18
ia_pedeoseuteuriteumaenij,페더 스트리트 인베스트먼트 매니지먼트 리미티드,투자자문,페더 스트리트 인베스트먼트 매니지먼트 리미티드|페더스트리트인베스트먼트매니지먼트리미티드,금감원 파인 제도권금융회사조회(https://fine.fss.or.kr/fine/fncco/systemFncCo/list.do?menuNo=900038) 2026-09-18
ia_peiseubeuritji,페이스브릿지,투자자문,페이스브릿지,금감원 파인 제도권금융회사조회(https://fine.fss.or.kr/fine/fncco/systemFncCo/list.do?menuNo=900038) 2026-09-18; 금융통계정보시스템 202603 기준 등재
ia_porain,포라인투자자문,투자자문,포라인투자자문,금감원 파인 제도권금융회사조회(https://fine.fss.or.kr/fine/fncco/systemFncCo/list.do?menuNo=900038) 2026-09-18; 금융투자협회 회원사현황 등재; 금융통계정보시스템 202603 기준 등재
ia_poreseuteu,포레스트투자일임,투자자문,포레스트투자일임,금감원 파인 제도권금융회사조회(https://fine.fss.or.kr/fine/fncco/systemFncCo/list.do?menuNo=900038) 2026-09-18; 금융통계정보시스템 202603 기준 등재
ia_poreutuna,포르투나투자일임,투자자문,포르투나투자일임,금감원 파인 제도권금융회사조회(https://fine.fss.or.kr/fine/fncco/systemFncCo/list.do?menuNo=900038) 2026-09-18; 금융투자협회 회원사현황 등재; 금융통계정보시스템 202603 기준 등재
ia_posaiteu,포사이트투자자문,투자자문,포사이트투자자문,금감원 파인 제도권금융회사조회(https://fine.fss.or.kr/fine/fncco/systemFncCo/list.do?menuNo=900038) 2026-09-18; 금융투자협회 회원사현황 등재; 금융통계정보시스템 202603 기준 등재
ia_pointeu,포인트투자자문,투자자문,포인트투자자문,금감원 파인 제도권금융회사조회(https://fine.fss.or.kr/fine/fncco/systemFncCo/list.do?menuNo=900038) 2026-09-18; 금융통계정보시스템 202603 기준 등재
ia_poteuwosingteoneodeuba,"포트 워싱턴 인베스트먼트 어드바이저스, 아이엔씨",투자자문,"포트 워싱턴 인베스트먼트 어드바이저스, 아이엔씨|포트워싱턴인베스트먼트어드바이저스,아이엔씨",금감원 파인 제도권금융회사조회(https://fine.fss.or.kr/fine/fncco/systemFncCo/list.do?menuNo=900038) 2026-09-18
ia_polaris,폴라리스투자자문,투자자문,폴라리스투자자문|Polaris Investment Management|PolarisInvestmentManagement,금감원 파인 제도권금융회사조회(https://fine.fss.or.kr/fine/fncco/systemFncCo/list.do?menuNo=900038) 2026-09-18; 금융통계정보시스템 202603 기준 등재; 허가등록업종: 투자일임업
ia_pulgolhongkong,풀골자산운용(홍콩),투자자문,풀골자산운용(홍콩),금감원 파인 제도권금융회사조회(https://fine.fss.or.kr/fine/fncco/systemFncCo/list.do?menuNo=900038) 2026-09-18
ia_pyucheoon,퓨처온,투자자문,퓨처온,금감원 파인 제도권금융회사조회(https://fine.fss.or.kr/fine/fncco/systemFncCo/list.do?menuNo=900038) 2026-09-18; 금융통계정보시스템 202603 기준 등재
ia_peurauseu,프라우스투자일임,투자자문,프라우스투자일임,금감원 파인 제도권금융회사조회(https://fine.fss.or.kr/fine/fncco/systemFncCo/list.do?menuNo=900038) 2026-09-18; 금융통계정보시스템 202603 기준 등재
ia_peuraengkeulrintempeul,프랭클린템플턴투자자문,투자자문,프랭클린템플턴투자자문,금감원 파인 제도권금융회사조회(https://fine.fss.or.kr/fine/fncco/systemFncCo/list.do?menuNo=900038) 2026-09-18; 금융투자협회 회원사현황 등재; 금융통계정보시스템 202603 기준 등재
ia_peureseuto,프레스토투자일임,투자자문,프레스토투자일임,금감원 파인 제도권금융회사조회(https://fine.fss.or.kr/fine/fncco/systemFncCo/list.do?menuNo=900038) 2026-09-18; 금융투자협회 회원사현황 등재; 금융통계정보시스템 202603 기준 등재
ia_peurenjeu,프렌즈파트너스,투자자문,프렌즈파트너스,금감원 파인 제도권금융회사조회(https://fine.fss.or.kr/fine/fncco/systemFncCo/list.do?menuNo=900038) 2026-09-18; 금융통계정보시스템 202603 기준 등재
ia_peurucheu,프루츠투자자문,투자자문,프루츠투자자문,금감원 파인 제도권금융회사조회(https://fine.fss.or.kr/fine/fncco/systemFncCo/list.do?menuNo=900038) 2026-09-18; 금융통계정보시스템 202603 기준 등재
ia_peurijeum,프리즘투자일임,투자자문,프리즘투자일임,금감원 파인 제도권금융회사조회(https://fine.fss.or.kr/fine/fncco/systemFncCo/list.do?menuNo=900038) 2026-09-18; 금융통계정보시스템 202603 기준 등재
ia_frism,프리즘투자자문,투자자문,프리즘투자자문|Frism Investment Advisory|FrismInvestmentAdvisory,"금감원 파인 제도권금융회사조회(https://fine.fss.or.kr/fine/fncco/systemFncCo/list.do?menuNo=900038) 2026-09-18; 금융투자협회 회원사현황 등재; 금융통계정보시스템 202603 기준 등재; 허가등록업종: 투자자문업, 투자일임업"
ia_principalinvestorshong,프린시펄 글로벌 인베스터스 (홍콩),투자자문,프린시펄 글로벌 인베스터스 (홍콩)|Principal Global Investors (Hong Kong)|프린시펄글로벌인베스터스(홍콩)|PrincipalGlobalInvestors(HongKong),금감원 파인 제도권금융회사조회(https://fine.fss.or.kr/fine/fncco/systemFncCo/list.do?menuNo=900038) 2026-09-18; 허가등록업종: 역외투자자문일임업
ia_principalasia,프린시펄 에셋 매니지먼트 컴퍼니 (아시아) 리미티드,투자자문,프린시펄 에셋 매니지먼트 컴퍼니 (아시아) 리미티드|Principal Asset Management  (Asia)|프린시펄에셋매니지먼트컴퍼니(아시아)리미티드|PrincipalAssetManagement(Asia),"금감원 파인 제도권금융회사조회(https://fine.fss.or.kr/fine/fncco/systemFncCo/list.do?menuNo=900038) 2026-09-18; 허가등록업종: 역외투자자문업, 역외투자일임업; 파인 분류: 투자일임회사/투자자문회사"
ia_peulreneoseu,플레너스투자자문,투자자문,플레너스투자자문,금감원 파인 제도권금융회사조회(https://fine.fss.or.kr/fine/fncco/systemFncCo/list.do?menuNo=900038) 2026-09-18; 금융통계정보시스템 202603 기준 등재
ia_peulreinbanilra,플레인바닐라투자자문,투자자문,플레인바닐라투자자문,금감원 파인 제도권금융회사조회(https://fine.fss.or.kr/fine/fncco/systemFncCo/list.do?menuNo=900038) 2026-09-18; 금융통계정보시스템 202603 기준 등재; 파인 분류: 투자일임회사/투자자문회사
ia_pinikseu,피닉스투자자문,투자자문,피닉스투자자문,금감원 파인 제도권금융회사조회(https://fine.fss.or.kr/fine/fncco/systemFncCo/list.do?menuNo=900038) 2026-09-18
ia_piduseu,피두스투자자문,투자자문,피두스투자자문,금감원 파인 제도권금융회사조회(https://fine.fss.or.kr/fine/fncco/systemFncCo/list.do?menuNo=900038) 2026-09-18; 금융통계정보시스템 202603 기준 등재
ia_pieieseu,피에이에스투자자문,투자자문,피에이에스투자자문,금감원 파인 제도권금융회사조회(https://fine.fss.or.kr/fine/fncco/systemFncCo/list.do?menuNo=900038) 2026-09-18; 금융투자협회 회원사현황 등재; 금융통계정보시스템 202603 기준 등재; 허가등록업종: 투자자문업
ia_piepeupikaepitalrimiti,피에프피 캐피탈 리미티드,투자자문,피에프피 캐피탈 리미티드|피에프피캐피탈리미티드,금감원 파인 제도권금융회사조회(https://fine.fss.or.kr/fine/fncco/systemFncCo/list.do?menuNo=900038) 2026-09-18
ia_pipeutiwon,피프티원,투자자문,피프티원,금감원 파인 제도권금융회사조회(https://fine.fss.or.kr/fine/fncco/systemFncCo/list.do?menuNo=900038) 2026-09-18; 금융통계정보시스템 202603 기준 등재
ia_pinbeulrendeu,핀블렌드투자자문,투자자문,핀블렌드투자자문,금감원 파인 제도권금융회사조회(https://fine.fss.or.kr/fine/fncco/systemFncCo/list.do?menuNo=900038) 2026-09-18; 금융통계정보시스템 202603 기준 등재; 허가등록업종: 투자자문업(5-1-1)
ia_haneul,하늘투자일임,투자자문,하늘투자일임,금감원 파인 제도권금융회사조회(https://fine.fss.or.kr/fine/fncco/systemFncCo/list.do?menuNo=900038) 2026-09-18; 금융통계정보시스템 202603 기준 등재
ia_habeobeseuteuelpi,하버베스트파트너스엘피,투자자문,하버베스트파트너스엘피,금감원 파인 제도권금융회사조회(https://fine.fss.or.kr/fine/fncco/systemFncCo/list.do?menuNo=900038) 2026-09-18
ia_harvest,하비스트 글로벌 인베스트먼트 리미티드,투자자문,하비스트 글로벌 인베스트먼트 리미티드|Harvest Global Investment|하비스트글로벌인베스트먼트리미티드|HarvestGlobalInvestment,금감원 파인 제도권금융회사조회(https://fine.fss.or.kr/fine/fncco/systemFncCo/list.do?menuNo=900038) 2026-09-18; 허가등록업종: 역외투자자문업
ia_haseu,하스인베스트먼트,투자자문,하스인베스트먼트,금감원 파인 제도권금융회사조회(https://fine.fss.or.kr/fine/fncco/systemFncCo/list.do?menuNo=900038) 2026-09-18; 금융통계정보시스템 202603 기준 등재
ia_haibeuinbeseuteu,하이브인베스트,투자자문,하이브인베스트,금감원 파인 제도권금융회사조회(https://fine.fss.or.kr/fine/fncco/systemFncCo/list.do?menuNo=900038) 2026-09-18; 금융통계정보시스템 202603 기준 등재
ia_hainjeu,하인즈코리아투자자문,투자자문,하인즈코리아투자자문,금감원 파인 제도권금융회사조회(https://fine.fss.or.kr/fine/fncco/systemFncCo/list.do?menuNo=900038) 2026-09-18; 금융통계정보시스템 202603 기준 등재
ia_hangangeset,한강에셋투자자문,투자자문,한강에셋투자자문,금감원 파인 제도권금융회사조회(https://fine.fss.or.kr/fine/fncco/systemFncCo/list.do?menuNo=900038) 2026-09-18; 허가등록업종: 투자자문업
ia_hangyeol,한결투자일임,투자자문,한결투자일임,금감원 파인 제도권금융회사조회(https://fine.fss.or.kr/fine/fncco/systemFncCo/list.do?menuNo=900038) 2026-09-18; 금융통계정보시스템 202603 기준 등재
ia_hangukdeobeuryuem,한국더블유엠투자자문,투자자문,한국더블유엠투자자문|한국더블유엠 투자자문,금감원 파인 제도권금융회사조회(https://fine.fss.or.kr/fine/fncco/systemFncCo/list.do?menuNo=900038) 2026-09-18; 금융투자협회 회원사현황 등재; 금융통계정보시스템 202603 기준 등재
ia_hangugyeongeum,한국연금투자자문,투자자문,한국연금투자자문,금융통계정보시스템 202603 기준 등재; 파인 미등재(협회/FISIS에만 등재) — 등록 여부 재확인 필요
ia_hanguginbeseuteu,한국인베스트,투자자문,한국인베스트,금감원 파인 제도권금융회사조회(https://fine.fss.or.kr/fine/fncco/systemFncCo/list.do?menuNo=900038) 2026-09-18; 금융통계정보시스템 202603 기준 등재
ia_hanul,한울파트너스투자자문,투자자문,한울파트너스투자자문,금감원 파인 제도권금융회사조회(https://fine.fss.or.kr/fine/fncco/systemFncCo/list.do?menuNo=900038) 2026-09-18; 허가등록업종: 투자자문업
ia_hanhwaesetmaenijimeont,한화 에셋 매니지먼트 피티이 엘티디,투자자문,한화 에셋 매니지먼트 피티이 엘티디|한화에셋매니지먼트피티이엘티디,금감원 파인 제도권금융회사조회(https://fine.fss.or.kr/fine/fncco/systemFncCo/list.do?menuNo=900038) 2026-09-18
ia_hamiltonlanellc,"해밀턴 래인 어드바이저스, 엘엘씨",투자자문,"해밀턴 래인 어드바이저스, 엘엘씨|Hamilton Lane Advisors, L.L.C|해밀턴래인어드바이저스,엘엘씨|HamiltonLaneAdvisors,L.L.C",금감원 파인 제도권금융회사조회(https://fine.fss.or.kr/fine/fncco/systemFncCo/list.do?menuNo=900038) 2026-09-18; 허가등록업종: 역외투자일임업
ia_haengbok,행복투자자문,투자자문,행복투자자문,금감원 파인 제도권금융회사조회(https://fine.fss.or.kr/fine/fncco/systemFncCo/list.do?menuNo=900038) 2026-09-18; 금융통계정보시스템 202603 기준 등재
ia_hexagon,헥사곤투자자문,투자자문,헥사곤투자자문|Hexagon Investment Advisors|HexagonInvestmentAdvisors,금감원 파인 제도권금융회사조회(https://fine.fss.or.kr/fine/fncco/systemFncCo/list.do?menuNo=900038) 2026-09-18; 금융통계정보시스템 202603 기준 등재; 허가등록업종: 투자자문업
ia_heksabeseuteuinkeu,헥사베스트 인크,투자자문,헥사베스트 인크|헥사베스트인크,금감원 파인 제도권금융회사조회(https://fine.fss.or.kr/fine/fncco/systemFncCo/list.do?menuNo=900038) 2026-09-18
ia_hyeoksinaibi,혁신아이비자산운용,투자자문,혁신아이비자산운용,금감원 파인 제도권금융회사조회(https://fine.fss.or.kr/fine/fncco/systemFncCo/list.do?menuNo=900038) 2026-09-18; 파인 분류: 투자일임회사/투자자문회사
ia_hodooinvest,호두인베스트,투자자문,호두인베스트|HODOO Invest|HODOOInvest,금감원 파인 제도권금융회사조회(https://fine.fss.or.kr/fine/fncco/systemFncCo/list.do?menuNo=900038) 2026-09-18; 금융통계정보시스템 202603 기준 등재; 허가등록업종: 투자자문업
ia_hoseukingerelpi,호스킹 파트너스 엘엘피,투자자문,호스킹 파트너스 엘엘피|호스킹파트너스엘엘피,금감원 파인 제도권금융회사조회(https://fine.fss.or.kr/fine/fncco/systemFncCo/list.do?menuNo=900038) 2026-09-18
ia_hwasinmiraegigeumgwanr,화신미래기금관리,투자자문,화신미래기금관리,금감원 파인 제도권금융회사조회(https://fine.fss.or.kr/fine/fncco/systemFncCo/list.do?menuNo=900038) 2026-09-18
ia_hwaan,화안투자일임,투자자문,화안투자일임,금감원 파인 제도권금융회사조회(https://fine.fss.or.kr/fine/fncco/systemFncCo/list.do?menuNo=900038) 2026-09-18; 금융통계정보시스템 202603 기준 등재
ia_hiseutori,히스토리투자자문,투자자문,히스토리투자자문,금감원 파인 제도권금융회사조회(https://fine.fss.or.kr/fine/fncco/systemFncCo/list.do?menuNo=900038) 2026-09-18; 금융통계정보시스템 202603 기준 등재
ia_hieoro,히어로투자일임,투자자문,히어로투자일임,금감원 파인 제도권금융회사조회(https://fine.fss.or.kr/fine/fncco/systemFncCo/list.do?menuNo=900038) 2026-09-18; 금융투자협회 회원사현황 등재; 금융통계정보시스템 202603 기준 등재
ia_hierinbeseuteu,히엘인베스트,투자자문,히엘인베스트,금감원 파인 제도권금융회사조회(https://fine.fss.or.kr/fine/fncco/systemFncCo/list.do?menuNo=900038) 2026-09-18; 금융통계정보시스템 202603 기준 등재
ia_hilrio,힐리오인베스트먼트,투자자문,힐리오인베스트먼트,금감원 파인 제도권금융회사조회(https://fine.fss.or.kr/fine/fncco/systemFncCo/list.do?menuNo=900038) 2026-09-18; 금융통계정보시스템 202603 기준 등재
