institution_id,display_name,category,aliases,note
ntf_ace,에이스투자금융,신기술금융,에이스투자금융,출처: 파인(신기술사업금융업자) https://fine.fss.or.kr/fine/fncco/systemFncCo/list.do?menuNo=900038&searchTyin=신기술사업금융업자 | 여신금융협회 신기술금융사 정회원 https://www.crefia.or.kr/portal/company/membership/membershipIntroduction.xx?coCodeSubId=4; 수집일 2026-09-18
ntf_aeksiseu_invest,액시스인베스트먼트,신기술금융,액시스인베스트먼트,출처: 파인(신기술사업금융업자) https://fine.fss.or.kr/fine/fncco/systemFncCo/list.do?menuNo=900038&searchTyin=신기술사업금융업자 | 여신금융협회 신기술금융사 정회원 https://www.crefia.or.kr/portal/company/membership/membershipIntroduction.xx?coCodeSubId=4; 수집일 2026-09-18
ntf_ajuib,아주아이비투자,신기술금융,아주IB투자|아주아이비투자,출처: 파인(신기술사업금융업자) https://fine.fss.or.kr/fine/fncco/systemFncCo/list.do?menuNo=900038&searchTyin=신기술사업금융업자 | 여신금융협회 신기술금융사 정회원 https://www.crefia.or.kr/portal/company/membership/membershipIntroduction.xx?coCodeSubId=4; 수집일 2026-09-18
ntf_apekseu_invest,아펙스인베스트먼트,신기술금융,아펙스인베스트먼트,출처: 파인(신기술사업금융업자) https://fine.fss.or.kr/fine/fncco/systemFncCo/list.do?menuNo=900038&searchTyin=신기술사업금융업자 | 여신금융협회 신기술금융사 정회원 https://www.crefia.or.kr/portal/company/membership/membershipIntroduction.xx?coCodeSubId=4; 수집일 2026-09-18
ntf_areuke_invest,아르케인베스트먼트,신기술금융,아르케인베스트먼트,출처: 파인(신기술사업금융업자) https://fine.fss.or.kr/fine/fncco/systemFncCo/list.do?menuNo=900038&searchTyin=신기술사업금융업자 | 여신금융협회 신기술금융사 정회원 https://www.crefia.or.kr/portal/company/membership/membershipIntroduction.xx?coCodeSubId=4; 수집일 2026-09-18
ntf_atinum,에이티넘벤처스,신기술금융,에이티넘벤처스,출처: 파인(신기술사업금융업자) https://fine.fss.or.kr/fine/fncco/systemFncCo/list.do?menuNo=900038&searchTyin=신기술사업금융업자 | 여신금융협회 신기술금융사 정회원 https://www.crefia.or.kr/portal/company/membership/membershipIntroduction.xx?coCodeSubId=4; 수집일 2026-09-18
ntf_baro_ventures,바로벤처스,신기술금융,바로벤처스,출처: 파인(신기술사업금융업자) https://fine.fss.or.kr/fine/fncco/systemFncCo/list.do?menuNo=900038&searchTyin=신기술사업금융업자 | 여신금융협회 신기술금융사 정회원 https://www.crefia.or.kr/portal/company/membership/membershipIntroduction.xx?coCodeSubId=4; 수집일 2026-09-18
ntf_beuieseu_invest,브이에스인베스트먼트,신기술금융,브이에스인베스트먼트,출처: 파인(신기술사업금융업자) https://fine.fss.or.kr/fine/fncco/systemFncCo/list.do?menuNo=900038&searchTyin=신기술사업금융업자 | 여신금융협회 신기술금융사 정회원 https://www.crefia.or.kr/portal/company/membership/membershipIntroduction.xx?coCodeSubId=4; 수집일 2026-09-18
ntf_beulrukaeseuteu_invest,블루캐스트인베스트먼트,신기술금융,블루캐스트인베스트먼트,출처: 파인(신기술사업금융업자) https://fine.fss.or.kr/fine/fncco/systemFncCo/list.do?menuNo=900038&searchTyin=신기술사업금융업자 | 여신금융협회 신기술금융사 정회원 https://www.crefia.or.kr/portal/company/membership/membershipIntroduction.xx?coCodeSubId=4; 수집일 2026-09-18
ntf_beureibeunyu_invest,브레이브뉴인베스트먼트,신기술금융,브레이브뉴인베스트먼트,출처: 파인(신기술사업금융업자) https://fine.fss.or.kr/fine/fncco/systemFncCo/list.do?menuNo=900038&searchTyin=신기술사업금융업자 | 여신금융협회 신기술금융사 정회원 https://www.crefia.or.kr/portal/company/membership/membershipIntroduction.xx?coCodeSubId=4; 수집일 2026-09-18
ntf_beuritji_invest,브릿지인베스트먼트,신기술금융,브릿지인베스트먼트,출처: 파인(신기술사업금융업자) https://fine.fss.or.kr/fine/fncco/systemFncCo/list.do?menuNo=900038&searchTyin=신기술사업금융업자 | 여신금융협회 신기술금융사 정회원 https://www.crefia.or.kr/portal/company/membership/membershipIntroduction.xx?coCodeSubId=4; 수집일 2026-09-18
ntf_bilrangseu_invest,빌랑스인베스트먼트,신기술금융,빌랑스인베스트먼트,출처: 파인(신기술사업금융업자) https://fine.fss.or.kr/fine/fncco/systemFncCo/list.do?menuNo=900038&searchTyin=신기술사업금융업자 | 여신금융협회 신기술금융사 정회원 https://www.crefia.or.kr/portal/company/membership/membershipIntroduction.xx?coCodeSubId=4; 수집일 2026-09-18
ntf_bookook,부국캐피탈,신기술금융,부국캐피탈,출처: 파인(신기술사업금융업자) https://fine.fss.or.kr/fine/fncco/systemFncCo/list.do?menuNo=900038&searchTyin=신기술사업금융업자 | 여신금융협회 신기술금융사 정회원 https://www.crefia.or.kr/portal/company/membership/membershipIntroduction.xx?coCodeSubId=4; 수집일 2026-09-18
ntf_cheonbo_invest,천보인베스트먼트,신기술금융,천보인베스트먼트,출처: 여신금융협회 신기술금융사 정회원 https://www.crefia.or.kr/portal/company/membership/membershipIntroduction.xx?coCodeSubId=4; 수집일 2026-09-18
ntf_cheongdam_invest,청담인베스트먼트,신기술금융,청담인베스트먼트,출처: 파인(신기술사업금융업자) https://fine.fss.or.kr/fine/fncco/systemFncCo/list.do?menuNo=900038&searchTyin=신기술사업금융업자; 수집일 2026-09-18
ntf_daea_invest,대아인베스트먼트,신기술금융,대아인베스트먼트,출처: 파인(신기술사업금융업자) https://fine.fss.or.kr/fine/fncco/systemFncCo/list.do?menuNo=900038&searchTyin=신기술사업금융업자 | 여신금융협회 신기술금융사 정회원 https://www.crefia.or.kr/portal/company/membership/membershipIntroduction.xx?coCodeSubId=4; 수집일 2026-09-18
ntf_daejeon,대전투자금융,신기술금융,대전투자금융,출처: 파인(신기술사업금융업자) https://fine.fss.or.kr/fine/fncco/systemFncCo/list.do?menuNo=900038&searchTyin=신기술사업금융업자 | 여신금융협회 신기술금융사 정회원 https://www.crefia.or.kr/portal/company/membership/membershipIntroduction.xx?coCodeSubId=4; 수집일 2026-09-18
ntf_deobeul_capital,더블캐피탈,신기술금융,더블캐피탈,출처: 파인(신기술사업금융업자) https://fine.fss.or.kr/fine/fncco/systemFncCo/list.do?menuNo=900038&searchTyin=신기술사업금융업자; 수집일 2026-09-18
ntf_deoneichyeo_holdings_invest,더네이쳐홀딩스인베스트먼트,신기술금융,더네이쳐홀딩스인베스트먼트,출처: 파인(신기술사업금융업자) https://fine.fss.or.kr/fine/fncco/systemFncCo/list.do?menuNo=900038&searchTyin=신기술사업금융업자 | 여신금융협회 신기술금융사 정회원 https://www.crefia.or.kr/portal/company/membership/membershipIntroduction.xx?coCodeSubId=4; 수집일 2026-09-18
ntf_deoweibeu_capital,더웨이브캐피탈,신기술금융,더웨이브캐피탈,출처: 파인(신기술사업금융업자) https://fine.fss.or.kr/fine/fncco/systemFncCo/list.do?menuNo=900038&searchTyin=신기술사업금융업자 | 여신금융협회 신기술금융사 정회원 https://www.crefia.or.kr/portal/company/membership/membershipIntroduction.xx?coCodeSubId=4; 수집일 2026-09-18
ntf_dibi_tech,디비기술투자,신기술금융,디비기술투자,출처: 파인(신기술사업금융업자) https://fine.fss.or.kr/fine/fncco/systemFncCo/list.do?menuNo=900038&searchTyin=신기술사업금융업자; 수집일 2026-09-18
ntf_dieibaelryu_invest,디에이밸류인베스트먼트,신기술금융,디에이밸류인베스트먼트,출처: 파인(신기술사업금융업자) https://fine.fss.or.kr/fine/fncco/systemFncCo/list.do?menuNo=900038&searchTyin=신기술사업금융업자 | 여신금융협회 신기술금융사 정회원 https://www.crefia.or.kr/portal/company/membership/membershipIntroduction.xx?coCodeSubId=4; 수집일 2026-09-18
ntf_dieseu_invpartners,디에스투자파트너스,신기술금융,디에스투자파트너스,출처: 파인(신기술사업금융업자) https://fine.fss.or.kr/fine/fncco/systemFncCo/list.do?menuNo=900038&searchTyin=신기술사업금융업자 | 여신금융협회 신기술금융사 정회원 https://www.crefia.or.kr/portal/company/membership/membershipIntroduction.xx?coCodeSubId=4; 수집일 2026-09-18
ntf_dijei_n_ri_invpartners,디제이앤리투자파트너스,신기술금융,디제이앤리투자파트너스,출처: 여신금융협회 신기술금융사 정회원 https://www.crefia.or.kr/portal/company/membership/membershipIntroduction.xx?coCodeSubId=4; 수집일 2026-09-18
ntf_dongguk_invest,동국인베스트먼트,신기술금융,동국인베스트먼트,출처: 파인(신기술사업금융업자) https://fine.fss.or.kr/fine/fncco/systemFncCo/list.do?menuNo=900038&searchTyin=신기술사업금융업자 | 여신금융협회 신기술금융사 정회원 https://www.crefia.or.kr/portal/company/membership/membershipIntroduction.xx?coCodeSubId=4; 수집일 2026-09-18
ntf_dongwon,동원기술투자,신기술금융,동원기술투자,출처: 파인(신기술사업금융업자) https://fine.fss.or.kr/fine/fncco/systemFncCo/list.do?menuNo=900038&searchTyin=신기술사업금융업자 | 여신금융협회 신기술금융사 정회원 https://www.crefia.or.kr/portal/company/membership/membershipIntroduction.xx?coCodeSubId=4; 수집일 2026-09-18
ntf_dongyu_tech,동유기술투자,신기술금융,동유기술투자,출처: 파인(신기술사업금융업자) https://fine.fss.or.kr/fine/fncco/systemFncCo/list.do?menuNo=900038&searchTyin=신기술사업금융업자 | 여신금융협회 신기술금융사 정회원 https://www.crefia.or.kr/portal/company/membership/membershipIntroduction.xx?coCodeSubId=4; 수집일 2026-09-18
ntf_doosan,두산인베스트먼트,신기술금융,두산인베스트먼트,출처: 파인(신기술사업금융업자) https://fine.fss.or.kr/fine/fncco/systemFncCo/list.do?menuNo=900038&searchTyin=신기술사업금융업자 | 여신금융협회 신기술금융사 정회원 https://www.crefia.or.kr/portal/company/membership/membershipIntroduction.xx?coCodeSubId=4; 수집일 2026-09-18
ntf_ebolrusyeon_invest,에볼루션인베스트먼트,신기술금융,에볼루션인베스트먼트,출처: 파인(신기술사업금융업자) https://fine.fss.or.kr/fine/fncco/systemFncCo/list.do?menuNo=900038&searchTyin=신기술사업금융업자 | 여신금융협회 신기술금융사 정회원 https://www.crefia.or.kr/portal/company/membership/membershipIntroduction.xx?coCodeSubId=4; 수집일 2026-09-18
ntf_eiepeudeobeulyu_partners,에이에프더블유파트너스,신기술금융,에이에프더블유파트너스,출처: 파인(신기술사업금융업자) https://fine.fss.or.kr/fine/fncco/systemFncCo/list.do?menuNo=900038&searchTyin=신기술사업금융업자 | 여신금융협회 신기술금융사 정회원 https://www.crefia.or.kr/portal/company/membership/membershipIntroduction.xx?coCodeSubId=4; 수집일 2026-09-18
ntf_eipi_capital,에이피캐피탈,신기술금융,에이피캐피탈,출처: 여신금융협회 신기술금융사 정회원 https://www.crefia.or.kr/portal/company/membership/membershipIntroduction.xx?coCodeSubId=4; 수집일 2026-09-18
ntf_eipi_invfin,에이피투자금융,신기술금융,에이피투자금융,출처: 파인(신기술사업금융업자) https://fine.fss.or.kr/fine/fncco/systemFncCo/list.do?menuNo=900038&searchTyin=신기술사업금융업자; 수집일 2026-09-18
ntf_ekseupeulro_invest,엑스플로인베스트먼트,신기술금융,엑스플로인베스트먼트,출처: 파인(신기술사업금융업자) https://fine.fss.or.kr/fine/fncco/systemFncCo/list.do?menuNo=900038&searchTyin=신기술사업금융업자 | 여신금융협회 신기술금융사 정회원 https://www.crefia.or.kr/portal/company/membership/membershipIntroduction.xx?coCodeSubId=4; 수집일 2026-09-18
ntf_eleipi_partners,엘에이피파트너스,신기술금융,엘에이피파트너스,출처: 파인(신기술사업금융업자) https://fine.fss.or.kr/fine/fncco/systemFncCo/list.do?menuNo=900038&searchTyin=신기술사업금융업자 | 여신금융협회 신기술금융사 정회원 https://www.crefia.or.kr/portal/company/membership/membershipIntroduction.xx?coCodeSubId=4; 수집일 2026-09-18
ntf_elepeu_invest,엘에프인베스트먼트,신기술금융,엘에프인베스트먼트,출처: 파인(신기술사업금융업자) https://fine.fss.or.kr/fine/fncco/systemFncCo/list.do?menuNo=900038&searchTyin=신기술사업금융업자 | 여신금융협회 신기술금융사 정회원 https://www.crefia.or.kr/portal/company/membership/membershipIntroduction.xx?coCodeSubId=4; 수집일 2026-09-18
ntf_elkei_invpartners,엘케이투자파트너스,신기술금융,엘케이투자파트너스,출처: 파인(신기술사업금융업자) https://fine.fss.or.kr/fine/fncco/systemFncCo/list.do?menuNo=900038&searchTyin=신기술사업금융업자; 수집일 2026-09-18
ntf_emdeobeulyu_nco,엠더블유앤컴퍼니,신기술금융,엠더블유앤컴퍼니,출처: 파인(신기술사업금융업자) https://fine.fss.or.kr/fine/fncco/systemFncCo/list.do?menuNo=900038&searchTyin=신기술사업금융업자 | 여신금융협회 신기술금융사 정회원 https://www.crefia.or.kr/portal/company/membership/membershipIntroduction.xx?coCodeSubId=4; 수집일 2026-09-18
ntf_enbeseuteo,엔베스터,신기술금융,엔베스터,출처: 파인(신기술사업금융업자) https://fine.fss.or.kr/fine/fncco/systemFncCo/list.do?menuNo=900038&searchTyin=신기술사업금융업자 | 여신금융협회 신기술금융사 정회원 https://www.crefia.or.kr/portal/company/membership/membershipIntroduction.xx?coCodeSubId=4; 수집일 2026-09-18
ntf_enekseubeuipi,엔엑스브이피,신기술금융,엔엑스브이피,출처: 파인(신기술사업금융업자) https://fine.fss.or.kr/fine/fncco/systemFncCo/list.do?menuNo=900038&searchTyin=신기술사업금융업자 | 여신금융협회 신기술금융사 정회원 https://www.crefia.or.kr/portal/company/membership/membershipIntroduction.xx?coCodeSubId=4; 수집일 2026-09-18
ntf_enkoeo_ventures,엔코어벤처스,신기술금융,엔코어벤처스,출처: 파인(신기술사업금융업자) https://fine.fss.or.kr/fine/fncco/systemFncCo/list.do?menuNo=900038&searchTyin=신기술사업금융업자 | 여신금융협회 신기술금융사 정회원 https://www.crefia.or.kr/portal/company/membership/membershipIntroduction.xx?coCodeSubId=4; 수집일 2026-09-18
ntf_enpiekseu_invest,엔피엑스인베스트먼트,신기술금융,엔피엑스인베스트먼트,출처: 파인(신기술사업금융업자) https://fine.fss.or.kr/fine/fncco/systemFncCo/list.do?menuNo=900038&searchTyin=신기술사업금융업자 | 여신금융협회 신기술금융사 정회원 https://www.crefia.or.kr/portal/company/membership/membershipIntroduction.xx?coCodeSubId=4; 수집일 2026-09-18
ntf_eolmeoseu_invest,얼머스인베스트먼트,신기술금융,얼머스인베스트먼트,출처: 파인(신기술사업금융업자) https://fine.fss.or.kr/fine/fncco/systemFncCo/list.do?menuNo=900038&searchTyin=신기술사업금융업자 | 여신금융협회 신기술금융사 정회원 https://www.crefia.or.kr/portal/company/membership/membershipIntroduction.xx?coCodeSubId=4; 수집일 2026-09-18
ntf_epeu_n_epeu_partners,에프앤에프파트너스,신기술금융,에프앤에프파트너스,출처: 파인(신기술사업금융업자) https://fine.fss.or.kr/fine/fncco/systemFncCo/list.do?menuNo=900038&searchTyin=신기술사업금융업자 | 여신금융협회 신기술금융사 정회원 https://www.crefia.or.kr/portal/company/membership/membershipIntroduction.xx?coCodeSubId=4; 수집일 2026-09-18
ntf_eseu_n_eseu_invest,에스앤에스인베스트먼트,신기술금융,에스앤에스인베스트먼트,출처: 파인(신기술사업금융업자) https://fine.fss.or.kr/fine/fncco/systemFncCo/list.do?menuNo=900038&searchTyin=신기술사업금융업자 | 여신금융협회 신기술금융사 정회원 https://www.crefia.or.kr/portal/company/membership/membershipIntroduction.xx?coCodeSubId=4; 수집일 2026-09-18
ntf_eseubi_partners,에스비파트너스,신기술금융,에스비파트너스,출처: 파인(신기술사업금융업자) https://fine.fss.or.kr/fine/fncco/systemFncCo/list.do?menuNo=900038&searchTyin=신기술사업금융업자; 수집일 2026-09-18
ntf_eseudeobeulyu_invest,에스더블유인베스트먼트,신기술금융,에스더블유인베스트먼트,출처: 파인(신기술사업금융업자) https://fine.fss.or.kr/fine/fncco/systemFncCo/list.do?menuNo=900038&searchTyin=신기술사업금융업자 | 여신금융협회 신기술금융사 정회원 https://www.crefia.or.kr/portal/company/membership/membershipIntroduction.xx?coCodeSubId=4; 수집일 2026-09-18
ntf_eseujeiem_invest,에스제이엠인베스트먼트,신기술금융,에스제이엠인베스트먼트,출처: 파인(신기술사업금융업자) https://fine.fss.or.kr/fine/fncco/systemFncCo/list.do?menuNo=900038&searchTyin=신기술사업금융업자; 수집일 2026-09-18
ntf_eseujeiji_partners,에스제이지파트너스,신기술금융,에스제이지파트너스,출처: 파인(신기술사업금융업자) https://fine.fss.or.kr/fine/fncco/systemFncCo/list.do?menuNo=900038&searchTyin=신기술사업금융업자 | 여신금융협회 신기술금융사 정회원 https://www.crefia.or.kr/portal/company/membership/membershipIntroduction.xx?coCodeSubId=4; 수집일 2026-09-18
ntf_eseuti_capital,에스티캐피탈,신기술금융,에스티캐피탈,출처: 파인(신기술사업금융업자) https://fine.fss.or.kr/fine/fncco/systemFncCo/list.do?menuNo=900038&searchTyin=신기술사업금융업자 | 여신금융협회 신기술금융사 정회원 https://www.crefia.or.kr/portal/company/membership/membershipIntroduction.xx?coCodeSubId=4; 수집일 2026-09-18
ntf_gs,지에스벤처스,신기술금융,GS벤처스|지에스벤처스,출처: 파인(신기술사업금융업자) https://fine.fss.or.kr/fine/fncco/systemFncCo/list.do?menuNo=900038&searchTyin=신기술사업금융업자 | 여신금융협회 신기술금융사 정회원 https://www.crefia.or.kr/portal/company/membership/membershipIntroduction.xx?coCodeSubId=4; 수집일 2026-09-18
ntf_hana,하나벤처스,신기술금융,하나벤처스,출처: 파인(신기술사업금융업자) https://fine.fss.or.kr/fine/fncco/systemFncCo/list.do?menuNo=900038&searchTyin=신기술사업금융업자 | 여신금융협회 신기술금융사 정회원 https://www.crefia.or.kr/portal/company/membership/membershipIntroduction.xx?coCodeSubId=4; 수집일 2026-09-18
ntf_hanaeseu_n_bi_invest,하나에스앤비인베스트먼트,신기술금융,하나에스앤비인베스트먼트,출처: 파인(신기술사업금융업자) https://fine.fss.or.kr/fine/fncco/systemFncCo/list.do?menuNo=900038&searchTyin=신기술사업금융업자 | 여신금융협회 신기술금융사 정회원 https://www.crefia.or.kr/portal/company/membership/membershipIntroduction.xx?coCodeSubId=4; 수집일 2026-09-18
ntf_hanbit_invest,한빛인베스트먼트,신기술금융,한빛인베스트먼트,출처: 파인(신기술사업금융업자) https://fine.fss.or.kr/fine/fncco/systemFncCo/list.do?menuNo=900038&searchTyin=신기술사업금융업자 | 여신금융협회 신기술금융사 정회원 https://www.crefia.or.kr/portal/company/membership/membershipIntroduction.xx?coCodeSubId=4; 수집일 2026-09-18
ntf_hanilbeuissi,한일브이씨,신기술금융,한일브이씨,출처: 파인(신기술사업금융업자) https://fine.fss.or.kr/fine/fncco/systemFncCo/list.do?menuNo=900038&searchTyin=신기술사업금융업자 | 여신금융협회 신기술금융사 정회원 https://www.crefia.or.kr/portal/company/membership/membershipIntroduction.xx?coCodeSubId=4; 수집일 2026-09-18
ntf_harang_tech,하랑기술투자,신기술금융,하랑기술투자,출처: 파인(신기술사업금융업자) https://fine.fss.or.kr/fine/fncco/systemFncCo/list.do?menuNo=900038&searchTyin=신기술사업금융업자 | 여신금융협회 신기술금융사 정회원 https://www.crefia.or.kr/portal/company/membership/membershipIntroduction.xx?coCodeSubId=4; 수집일 2026-09-18
ntf_horaijeunaiem,호라이즌아이엠,신기술금융,호라이즌아이엠,출처: 파인(신기술사업금융업자) https://fine.fss.or.kr/fine/fncco/systemFncCo/list.do?menuNo=900038&searchTyin=신기술사업금융업자 | 여신금융협회 신기술금융사 정회원 https://www.crefia.or.kr/portal/company/membership/membershipIntroduction.xx?coCodeSubId=4; 수집일 2026-09-18
ntf_hyosung,효성벤처스,신기술금융,효성벤처스,출처: 파인(신기술사업금융업자) https://fine.fss.or.kr/fine/fncco/systemFncCo/list.do?menuNo=900038&searchTyin=신기술사업금융업자 | 여신금융협회 신기술금융사 정회원 https://www.crefia.or.kr/portal/company/membership/membershipIntroduction.xx?coCodeSubId=4; 수집일 2026-09-18
ntf_hyundai,현대투자파트너스,신기술금융,현대투자파트너스,출처: 파인(신기술사업금융업자) https://fine.fss.or.kr/fine/fncco/systemFncCo/list.do?menuNo=900038&searchTyin=신기술사업금융업자 | 여신금융협회 신기술금융사 정회원 https://www.crefia.or.kr/portal/company/membership/membershipIntroduction.xx?coCodeSubId=4; 수집일 2026-09-18
ntf_i_n_invest,이앤인베스트먼트,신기술금융,이앤인베스트먼트,출처: 파인(신기술사업금융업자) https://fine.fss.or.kr/fine/fncco/systemFncCo/list.do?menuNo=900038&searchTyin=신기술사업금융업자 | 여신금융협회 신기술금융사 정회원 https://www.crefia.or.kr/portal/company/membership/membershipIntroduction.xx?coCodeSubId=4; 수집일 2026-09-18
ntf_ibk,IBK캐피탈,신기술금융,IBK캐피탈|아이비케이캐피탈,출처: 파인(신기술사업금융업자) https://fine.fss.or.kr/fine/fncco/systemFncCo/list.do?menuNo=900038&searchTyin=신기술사업금융업자 | 여신금융협회 신기술금융사 정회원 https://www.crefia.or.kr/portal/company/membership/membershipIntroduction.xx?coCodeSubId=4; 수집일 2026-09-18; 기존메모: 등기 상호는 아이비케이캐피탈
ntf_ibk_venture,아이비케이벤처투자,신기술금융,IBK벤처투자|아이비케이벤처투자,출처: 파인(신기술사업금융업자) https://fine.fss.or.kr/fine/fncco/systemFncCo/list.do?menuNo=900038&searchTyin=신기술사업금융업자 | 여신금융협회 신기술금융사 정회원 https://www.crefia.or.kr/portal/company/membership/membershipIntroduction.xx?coCodeSubId=4; 수집일 2026-09-18
ntf_inbaicheu_ventures,인바이츠벤처스,신기술금융,인바이츠벤처스,출처: 파인(신기술사업금융업자) https://fine.fss.or.kr/fine/fncco/systemFncCo/list.do?menuNo=900038&searchTyin=신기술사업금융업자 | 여신금융협회 신기술금융사 정회원 https://www.crefia.or.kr/portal/company/membership/membershipIntroduction.xx?coCodeSubId=4; 수집일 2026-09-18
ntf_intapseu_invest,인탑스인베스트먼트,신기술금융,인탑스인베스트먼트,출처: 파인(신기술사업금융업자) https://fine.fss.or.kr/fine/fncco/systemFncCo/list.do?menuNo=900038&searchTyin=신기술사업금융업자 | 여신금융협회 신기술금융사 정회원 https://www.crefia.or.kr/portal/company/membership/membershipIntroduction.xx?coCodeSubId=4; 수집일 2026-09-18
ntf_iseuteugeiteu_invest,이스트게이트인베스트먼트,신기술금융,이스트게이트인베스트먼트,출처: 파인(신기술사업금융업자) https://fine.fss.or.kr/fine/fncco/systemFncCo/list.do?menuNo=900038&searchTyin=신기술사업금융업자 | 여신금융협회 신기술금융사 정회원 https://www.crefia.or.kr/portal/company/membership/membershipIntroduction.xx?coCodeSubId=4; 수집일 2026-09-18
ntf_jb,제이비인베스트먼트,신기술금융,JB인베스트먼트|제이비인베스트먼트,출처: 파인(신기술사업금융업자) https://fine.fss.or.kr/fine/fncco/systemFncCo/list.do?menuNo=900038&searchTyin=신기술사업금융업자 | 여신금융협회 신기술금융사 정회원 https://www.crefia.or.kr/portal/company/membership/membershipIntroduction.xx?coCodeSubId=4; 수집일 2026-09-18
ntf_jeideobeulyu_nco,제이더블유앤컴퍼니,신기술금융,제이더블유앤컴퍼니,출처: 파인(신기술사업금융업자) https://fine.fss.or.kr/fine/fncco/systemFncCo/list.do?menuNo=900038&searchTyin=신기술사업금융업자; 수집일 2026-09-18
ntf_jeieseuji_invest,제이에스지인베스트먼트,신기술금융,제이에스지인베스트먼트,출처: 파인(신기술사업금융업자) https://fine.fss.or.kr/fine/fncco/systemFncCo/list.do?menuNo=900038&searchTyin=신기술사업금융업자 | 여신금융협회 신기술금융사 정회원 https://www.crefia.or.kr/portal/company/membership/membershipIntroduction.xx?coCodeSubId=4; 수집일 2026-09-18
ntf_jeikei_ventures,제이케이벤처스,신기술금융,제이케이벤처스,출처: 파인(신기술사업금융업자) https://fine.fss.or.kr/fine/fncco/systemFncCo/list.do?menuNo=900038&searchTyin=신기술사업금융업자 | 여신금융협회 신기술금융사 정회원 https://www.crefia.or.kr/portal/company/membership/membershipIntroduction.xx?coCodeSubId=4; 수집일 2026-09-18
ntf_jeiseuinobeisyeon_partners,제이스이노베이션파트너스,신기술금융,제이스이노베이션파트너스,출처: 파인(신기술사업금융업자) https://fine.fss.or.kr/fine/fncco/systemFncCo/list.do?menuNo=900038&searchTyin=신기술사업금융업자 | 여신금융협회 신기술금융사 정회원 https://www.crefia.or.kr/portal/company/membership/membershipIntroduction.xx?coCodeSubId=4; 수집일 2026-09-18
ntf_jeiwaipi_partners,제이와이피파트너스,신기술금융,제이와이피파트너스,출처: 파인(신기술사업금융업자) https://fine.fss.or.kr/fine/fncco/systemFncCo/list.do?menuNo=900038&searchTyin=신기술사업금융업자 | 여신금융협회 신기술금융사 정회원 https://www.crefia.or.kr/portal/company/membership/membershipIntroduction.xx?coCodeSubId=4; 수집일 2026-09-18
ntf_jeiwon_capital_invest,제이원캐피탈인베스트,신기술금융,제이원캐피탈인베스트,출처: 파인(신기술사업금융업자) https://fine.fss.or.kr/fine/fncco/systemFncCo/list.do?menuNo=900038&searchTyin=신기술사업금융업자 | 여신금융협회 신기술금융사 정회원 https://www.crefia.or.kr/portal/company/membership/membershipIntroduction.xx?coCodeSubId=4; 수집일 2026-09-18
ntf_jenitaseu_invest,제니타스인베스트먼트,신기술금융,제니타스인베스트먼트,출처: 파인(신기술사업금융업자) https://fine.fss.or.kr/fine/fncco/systemFncCo/list.do?menuNo=900038&searchTyin=신기술사업금융업자 | 여신금융협회 신기술금융사 정회원 https://www.crefia.or.kr/portal/company/membership/membershipIntroduction.xx?coCodeSubId=4; 수집일 2026-09-18
ntf_jiemai_venture,지엠아이벤처,신기술금융,지엠아이벤처,출처: 여신금융협회 신기술금융사 정회원 https://www.crefia.or.kr/portal/company/membership/membershipIntroduction.xx?coCodeSubId=4; 수집일 2026-09-18
ntf_kaseupian_capital,카스피안캐피탈,신기술금융,카스피안캐피탈,출처: 파인(신기술사업금융업자) https://fine.fss.or.kr/fine/fncco/systemFncCo/list.do?menuNo=900038&searchTyin=신기술사업금융업자 | 여신금융협회 신기술금융사 정회원 https://www.crefia.or.kr/portal/company/membership/membershipIntroduction.xx?coCodeSubId=4; 수집일 2026-09-18
ntf_kei_n_ti_invest,케이앤티인베스트먼트,신기술금융,케이앤티인베스트먼트,출처: 파인(신기술사업금융업자) https://fine.fss.or.kr/fine/fncco/systemFncCo/list.do?menuNo=900038&searchTyin=신기술사업금융업자 | 여신금융협회 신기술금융사 정회원 https://www.crefia.or.kr/portal/company/membership/membershipIntroduction.xx?coCodeSubId=4; 수집일 2026-09-18
ntf_kei_tech,케이기술투자,신기술금융,케이기술투자,출처: 파인(신기술사업금융업자) https://fine.fss.or.kr/fine/fncco/systemFncCo/list.do?menuNo=900038&searchTyin=신기술사업금융업자 | 여신금융협회 신기술금융사 정회원 https://www.crefia.or.kr/portal/company/membership/membershipIntroduction.xx?coCodeSubId=4; 수집일 2026-09-18
ntf_keidi_invest,케이디인베스트먼트,신기술금융,케이디인베스트먼트,출처: 파인(신기술사업금융업자) https://fine.fss.or.kr/fine/fncco/systemFncCo/list.do?menuNo=900038&searchTyin=신기술사업금융업자 | 여신금융협회 신기술금융사 정회원 https://www.crefia.or.kr/portal/company/membership/membershipIntroduction.xx?coCodeSubId=4; 수집일 2026-09-18
ntf_keikeulrabiseu_invest,케이클라비스인베스트먼트,신기술금융,케이클라비스인베스트먼트,출처: 파인(신기술사업금융업자) https://fine.fss.or.kr/fine/fncco/systemFncCo/list.do?menuNo=900038&searchTyin=신기술사업금융업자 | 여신금융협회 신기술금융사 정회원 https://www.crefia.or.kr/portal/company/membership/membershipIntroduction.xx?coCodeSubId=4; 수집일 2026-09-18
ntf_keissi_invpartners,케이씨투자파트너스,신기술금융,케이씨투자파트너스,출처: 파인(신기술사업금융업자) https://fine.fss.or.kr/fine/fncco/systemFncCo/list.do?menuNo=900038&searchTyin=신기술사업금융업자 | 여신금융협회 신기술금융사 정회원 https://www.crefia.or.kr/portal/company/membership/membershipIntroduction.xx?coCodeSubId=4; 수집일 2026-09-18
ntf_keiwai_capital,케이와이캐피탈,신기술금융,케이와이캐피탈,출처: 파인(신기술사업금융업자) https://fine.fss.or.kr/fine/fncco/systemFncCo/list.do?menuNo=900038&searchTyin=신기술사업금융업자 | 여신금융협회 신기술금융사 정회원 https://www.crefia.or.kr/portal/company/membership/membershipIntroduction.xx?coCodeSubId=4; 수집일 2026-09-18
ntf_kinggo_invpartners,킹고투자파트너스,신기술금융,킹고투자파트너스,출처: 파인(신기술사업금융업자) https://fine.fss.or.kr/fine/fncco/systemFncCo/list.do?menuNo=900038&searchTyin=신기술사업금융업자 | 여신금융협회 신기술금융사 정회원 https://www.crefia.or.kr/portal/company/membership/membershipIntroduction.xx?coCodeSubId=4; 수집일 2026-09-18
ntf_kiwoom,키움캐피탈,신기술금융,키움캐피탈,출처: 파인(신기술사업금융업자) https://fine.fss.or.kr/fine/fncco/systemFncCo/list.do?menuNo=900038&searchTyin=신기술사업금융업자 | 여신금융협회 신기술금융사 정회원 https://www.crefia.or.kr/portal/company/membership/membershipIntroduction.xx?coCodeSubId=4; 수집일 2026-09-18
ntf_konaai_partners,코나아이파트너스,신기술금융,코나아이파트너스,출처: 파인(신기술사업금융업자) https://fine.fss.or.kr/fine/fncco/systemFncCo/list.do?menuNo=900038&searchTyin=신기술사업금융업자 | 여신금융협회 신기술금융사 정회원 https://www.crefia.or.kr/portal/company/membership/membershipIntroduction.xx?coCodeSubId=4; 수집일 2026-09-18
ntf_koneoseuton_invpartners,코너스톤투자파트너스,신기술금융,코너스톤투자파트너스,출처: 파인(신기술사업금융업자) https://fine.fss.or.kr/fine/fncco/systemFncCo/list.do?menuNo=900038&searchTyin=신기술사업금융업자 | 여신금융협회 신기술금융사 정회원 https://www.crefia.or.kr/portal/company/membership/membershipIntroduction.xx?coCodeSubId=4; 수집일 2026-09-18
ntf_koreaomega,코리아오메가투자금융,신기술금융,코리아오메가투자금융,출처: 파인(신기술사업금융업자) https://fine.fss.or.kr/fine/fncco/systemFncCo/list.do?menuNo=900038&searchTyin=신기술사업금융업자 | 여신금융협회 신기술금융사 정회원 https://www.crefia.or.kr/portal/company/membership/membershipIntroduction.xx?coCodeSubId=4; 수집일 2026-09-18
ntf_kt,케이티인베스트먼트,신기술금융,KT인베스트먼트|케이티인베스트먼트,출처: 파인(신기술사업금융업자) https://fine.fss.or.kr/fine/fncco/systemFncCo/list.do?menuNo=900038&searchTyin=신기술사업금융업자 | 여신금융협회 신기술금융사 정회원 https://www.crefia.or.kr/portal/company/membership/membershipIntroduction.xx?coCodeSubId=4; 수집일 2026-09-18
ntf_kyudeoseu_ventures,큐더스벤처스,신기술금융,큐더스벤처스,출처: 파인(신기술사업금융업자) https://fine.fss.or.kr/fine/fncco/systemFncCo/list.do?menuNo=900038&searchTyin=신기술사업금융업자 | 여신금융협회 신기술금융사 정회원 https://www.crefia.or.kr/portal/company/membership/membershipIntroduction.xx?coCodeSubId=4; 수집일 2026-09-18
ntf_lotte,롯데벤처스,신기술금융,롯데벤처스,출처: 파인(신기술사업금융업자) https://fine.fss.or.kr/fine/fncco/systemFncCo/list.do?menuNo=900038&searchTyin=신기술사업금융업자 | 여신금융협회 신기술금융사 정회원 https://www.crefia.or.kr/portal/company/membership/membershipIntroduction.xx?coCodeSubId=4; 수집일 2026-09-18
ntf_lx,엘엑스벤처스,신기술금융,LX벤처스|엘엑스벤처스,출처: 파인(신기술사업금융업자) https://fine.fss.or.kr/fine/fncco/systemFncCo/list.do?menuNo=900038&searchTyin=신기술사업금융업자 | 여신금융협회 신기술금융사 정회원 https://www.crefia.or.kr/portal/company/membership/membershipIntroduction.xx?coCodeSubId=4; 수집일 2026-09-18
ntf_mirae_asset_capital,미래에셋캐피탈,신기술금융,미래에셋캐피탈,출처: 파인(신기술사업금융업자) https://fine.fss.or.kr/fine/fncco/systemFncCo/list.do?menuNo=900038&searchTyin=신기술사업금융업자 | 여신금융협회 신기술금융사 정회원 https://www.crefia.or.kr/portal/company/membership/membershipIntroduction.xx?coCodeSubId=4; 수집일 2026-09-18
ntf_miraeekwoti_partners,미래에쿼티파트너스,신기술금융,미래에쿼티파트너스,출처: 파인(신기술사업금융업자) https://fine.fss.or.kr/fine/fncco/systemFncCo/list.do?menuNo=900038&searchTyin=신기술사업금융업자 | 여신금융협회 신기술금융사 정회원 https://www.crefia.or.kr/portal/company/membership/membershipIntroduction.xx?coCodeSubId=4; 수집일 2026-09-18
ntf_nauib,나우아이비캐피탈,신기술금융,나우IB캐피탈|나우아이비캐피탈,출처: 파인(신기술사업금융업자) https://fine.fss.or.kr/fine/fncco/systemFncCo/list.do?menuNo=900038&searchTyin=신기술사업금융업자 | 여신금융협회 신기술금융사 정회원 https://www.crefia.or.kr/portal/company/membership/membershipIntroduction.xx?coCodeSubId=4; 수집일 2026-09-18
ntf_nh,엔에이치벤처투자,신기술금융,NH벤처투자|엔에이치벤처투자,출처: 파인(신기술사업금융업자) https://fine.fss.or.kr/fine/fncco/systemFncCo/list.do?menuNo=900038&searchTyin=신기술사업금융업자 | 여신금융협회 신기술금융사 정회원 https://www.crefia.or.kr/portal/company/membership/membershipIntroduction.xx?coCodeSubId=4; 수집일 2026-09-18
ntf_nice,나이스투자파트너스,신기술금융,나이스투자파트너스,출처: 파인(신기술사업금융업자) https://fine.fss.or.kr/fine/fncco/systemFncCo/list.do?menuNo=900038&searchTyin=신기술사업금융업자 | 여신금융협회 신기술금융사 정회원 https://www.crefia.or.kr/portal/company/membership/membershipIntroduction.xx?coCodeSubId=4; 수집일 2026-09-18
ntf_nongshim,농심캐피탈,신기술금융,농심캐피탈,출처: 파인(신기술사업금융업자) https://fine.fss.or.kr/fine/fncco/systemFncCo/list.do?menuNo=900038&searchTyin=신기술사업금융업자 | 여신금융협회 신기술금융사 정회원 https://www.crefia.or.kr/portal/company/membership/membershipIntroduction.xx?coCodeSubId=4; 수집일 2026-09-18
ntf_nyumein_capital,뉴메인캐피탈,신기술금융,뉴메인캐피탈,출처: 파인(신기술사업금융업자) https://fine.fss.or.kr/fine/fncco/systemFncCo/list.do?menuNo=900038&searchTyin=신기술사업금융업자 | 여신금융협회 신기술금융사 정회원 https://www.crefia.or.kr/portal/company/membership/membershipIntroduction.xx?coCodeSubId=4; 수집일 2026-09-18
ntf_pakseuton_invest,팍스톤인베스트먼트,신기술금융,팍스톤인베스트먼트,출처: 파인(신기술사업금융업자) https://fine.fss.or.kr/fine/fncco/systemFncCo/list.do?menuNo=900038&searchTyin=신기술사업금융업자; 수집일 2026-09-18
ntf_pentaseuton_invest,펜타스톤인베스트먼트,신기술금융,펜타스톤인베스트먼트,출처: 파인(신기술사업금융업자) https://fine.fss.or.kr/fine/fncco/systemFncCo/list.do?menuNo=900038&searchTyin=신기술사업금융업자 | 여신금융협회 신기술금융사 정회원 https://www.crefia.or.kr/portal/company/membership/membershipIntroduction.xx?coCodeSubId=4; 수집일 2026-09-18
ntf_peoleobiseu_capital,펄어비스캐피탈,신기술금융,펄어비스캐피탈,출처: 파인(신기술사업금융업자) https://fine.fss.or.kr/fine/fncco/systemFncCo/list.do?menuNo=900038&searchTyin=신기술사업금융업자 | 여신금융협회 신기술금융사 정회원 https://www.crefia.or.kr/portal/company/membership/membershipIntroduction.xx?coCodeSubId=4; 수집일 2026-09-18
ntf_peosipik_capital,퍼시픽캐피탈,신기술금융,퍼시픽캐피탈,출처: 파인(신기술사업금융업자) https://fine.fss.or.kr/fine/fncco/systemFncCo/list.do?menuNo=900038&searchTyin=신기술사업금융업자 | 여신금융협회 신기술금융사 정회원 https://www.crefia.or.kr/portal/company/membership/membershipIntroduction.xx?coCodeSubId=4; 수집일 2026-09-18
ntf_peulrutoseu_inv,플루토스투자,신기술금융,플루토스투자,출처: 파인(신기술사업금융업자) https://fine.fss.or.kr/fine/fncco/systemFncCo/list.do?menuNo=900038&searchTyin=신기술사업금융업자; 수집일 2026-09-18
ntf_peurendeu_invpartners,프렌드투자파트너스,신기술금융,프렌드투자파트너스,출처: 파인(신기술사업금융업자) https://fine.fss.or.kr/fine/fncco/systemFncCo/list.do?menuNo=900038&searchTyin=신기술사업금융업자 | 여신금융협회 신기술금융사 정회원 https://www.crefia.or.kr/portal/company/membership/membershipIntroduction.xx?coCodeSubId=4; 수집일 2026-09-18
ntf_peurolrogeu_ventures,프롤로그벤처스,신기술금융,프롤로그벤처스,출처: 파인(신기술사업금융업자) https://fine.fss.or.kr/fine/fncco/systemFncCo/list.do?menuNo=900038&searchTyin=신기술사업금융업자 | 여신금융협회 신기술금융사 정회원 https://www.crefia.or.kr/portal/company/membership/membershipIntroduction.xx?coCodeSubId=4; 수집일 2026-09-18
ntf_pieseu_invest,피에스인베스트먼트,신기술금융,피에스인베스트먼트,출처: 파인(신기술사업금융업자) https://fine.fss.or.kr/fine/fncco/systemFncCo/list.do?menuNo=900038&searchTyin=신기술사업금융업자 | 여신금융협회 신기술금융사 정회원 https://www.crefia.or.kr/portal/company/membership/membershipIntroduction.xx?coCodeSubId=4; 수집일 2026-09-18
ntf_pium_invest,피움인베스트먼트,신기술금융,피움인베스트먼트,출처: 파인(신기술사업금융업자) https://fine.fss.or.kr/fine/fncco/systemFncCo/list.do?menuNo=900038&searchTyin=신기술사업금융업자 | 여신금융협회 신기술금융사 정회원 https://www.crefia.or.kr/portal/company/membership/membershipIntroduction.xx?coCodeSubId=4; 수집일 2026-09-18
ntf_posco,포스코기술투자,신기술금융,포스코기술투자,출처: 파인(신기술사업금융업자) https://fine.fss.or.kr/fine/fncco/systemFncCo/list.do?menuNo=900038&searchTyin=신기술사업금융업자 | 여신금융협회 신기술금융사 정회원 https://www.crefia.or.kr/portal/company/membership/membershipIntroduction.xx?coCodeSubId=4; 수집일 2026-09-18
ntf_potiseu_invest,포티스인베스트먼트,신기술금융,포티스인베스트먼트,출처: 파인(신기술사업금융업자) https://fine.fss.or.kr/fine/fncco/systemFncCo/list.do?menuNo=900038&searchTyin=신기술사업금융업자; 수집일 2026-09-18
ntf_pureun_invest,푸른인베스트먼트,신기술금융,푸른인베스트먼트,출처: 파인(신기술사업금융업자) https://fine.fss.or.kr/fine/fncco/systemFncCo/list.do?menuNo=900038&searchTyin=신기술사업금융업자 | 여신금융협회 신기술금융사 정회원 https://www.crefia.or.kr/portal/company/membership/membershipIntroduction.xx?coCodeSubId=4; 수집일 2026-09-18
ntf_qcapital,큐캐피탈파트너스,신기술금융,큐캐피탈파트너스,출처: 파인(신기술사업금융업자) https://fine.fss.or.kr/fine/fncco/systemFncCo/list.do?menuNo=900038&searchTyin=신기술사업금융업자 | 여신금융협회 신기술금융사 정회원 https://www.crefia.or.kr/portal/company/membership/membershipIntroduction.xx?coCodeSubId=4; 수집일 2026-09-18
ntf_radepangseu_invest,라데팡스인베스트먼트,신기술금융,라데팡스인베스트먼트,출처: 파인(신기술사업금융업자) https://fine.fss.or.kr/fine/fncco/systemFncCo/list.do?menuNo=900038&searchTyin=신기술사업금융업자 | 여신금융협회 신기술금융사 정회원 https://www.crefia.or.kr/portal/company/membership/membershipIntroduction.xx?coCodeSubId=4; 수집일 2026-09-18
ntf_rain_invpartners,라인투자파트너스,신기술금융,라인투자파트너스,출처: 여신금융협회 신기술금융사 정회원 https://www.crefia.or.kr/portal/company/membership/membershipIntroduction.xx?coCodeSubId=4; 수집일 2026-09-18
ntf_reikeuudeu_partners,레이크우드파트너스,신기술금융,레이크우드파트너스,출처: 파인(신기술사업금융업자) https://fine.fss.or.kr/fine/fncco/systemFncCo/list.do?menuNo=900038&searchTyin=신기술사업금융업자 | 여신금융협회 신기술금융사 정회원 https://www.crefia.or.kr/portal/company/membership/membershipIntroduction.xx?coCodeSubId=4; 수집일 2026-09-18
ntf_ri_invest,리인베스트먼트,신기술금융,리인베스트먼트,출처: 파인(신기술사업금융업자) https://fine.fss.or.kr/fine/fncco/systemFncCo/list.do?menuNo=900038&searchTyin=신기술사업금융업자 | 여신금융협회 신기술금융사 정회원 https://www.crefia.or.kr/portal/company/membership/membershipIntroduction.xx?coCodeSubId=4; 수집일 2026-09-18
ntf_rijenteu_partners,리젠트파트너스,신기술금융,리젠트파트너스,출처: 파인(신기술사업금융업자) https://fine.fss.or.kr/fine/fncco/systemFncCo/list.do?menuNo=900038&searchTyin=신기술사업금융업자 | 여신금융협회 신기술금융사 정회원 https://www.crefia.or.kr/portal/company/membership/membershipIntroduction.xx?coCodeSubId=4; 수집일 2026-09-18
ntf_ropeutirok_invest,로프티록인베스트먼트,신기술금융,로프티록인베스트먼트,출처: 파인(신기술사업금융업자) https://fine.fss.or.kr/fine/fncco/systemFncCo/list.do?menuNo=900038&searchTyin=신기술사업금융업자 | 여신금융협회 신기술금융사 정회원 https://www.crefia.or.kr/portal/company/membership/membershipIntroduction.xx?coCodeSubId=4; 수집일 2026-09-18
ntf_samcheonri_invest,삼천리인베스트먼트,신기술금융,삼천리인베스트먼트,출처: 파인(신기술사업금융업자) https://fine.fss.or.kr/fine/fncco/systemFncCo/list.do?menuNo=900038&searchTyin=신기술사업금융업자 | 여신금융협회 신기술금융사 정회원 https://www.crefia.or.kr/portal/company/membership/membershipIntroduction.xx?coCodeSubId=4; 수집일 2026-09-18
ntf_samsung_venture,삼성벤처투자,신기술금융,삼성벤처투자,출처: 파인(신기술사업금융업자) https://fine.fss.or.kr/fine/fncco/systemFncCo/list.do?menuNo=900038&searchTyin=신기술사업금융업자 | 여신금융협회 신기술금융사 정회원 https://www.crefia.or.kr/portal/company/membership/membershipIntroduction.xx?coCodeSubId=4; 수집일 2026-09-18
ntf_sbi,에스비아이캐피탈,신기술금융,SBI캐피탈|에스비아이캐피탈,출처: 파인(신기술사업금융업자) https://fine.fss.or.kr/fine/fncco/systemFncCo/list.do?menuNo=900038&searchTyin=신기술사업금융업자 | 여신금융협회 신기술금융사 정회원 https://www.crefia.or.kr/portal/company/membership/membershipIntroduction.xx?coCodeSubId=4; 수집일 2026-09-18
ntf_seah,세아기술투자,신기술금융,세아기술투자,출처: 파인(신기술사업금융업자) https://fine.fss.or.kr/fine/fncco/systemFncCo/list.do?menuNo=900038&searchTyin=신기술사업금융업자 | 여신금융협회 신기술금융사 정회원 https://www.crefia.or.kr/portal/company/membership/membershipIntroduction.xx?coCodeSubId=4; 수집일 2026-09-18
ntf_seoulsin_tech,서울신기술투자,신기술금융,서울신기술투자,출처: 파인(신기술사업금융업자) https://fine.fss.or.kr/fine/fncco/systemFncCo/list.do?menuNo=900038&searchTyin=신기술사업금융업자 | 여신금융협회 신기술금융사 정회원 https://www.crefia.or.kr/portal/company/membership/membershipIntroduction.xx?coCodeSubId=4; 수집일 2026-09-18
ntf_seu_pay_seutaim_invest,스페이스타임인베스트먼트,신기술금융,스페이스타임인베스트먼트,출처: 파인(신기술사업금융업자) https://fine.fss.or.kr/fine/fncco/systemFncCo/list.do?menuNo=900038&searchTyin=신기술사업금융업자 | 여신금융협회 신기술금융사 정회원 https://www.crefia.or.kr/portal/company/membership/membershipIntroduction.xx?coCodeSubId=4; 수집일 2026-09-18
ntf_seukai_invpartners,스카이투자파트너스,신기술금융,스카이투자파트너스,출처: 파인(신기술사업금융업자) https://fine.fss.or.kr/fine/fncco/systemFncCo/list.do?menuNo=900038&searchTyin=신기술사업금융업자 | 여신금융협회 신기술금융사 정회원 https://www.crefia.or.kr/portal/company/membership/membershipIntroduction.xx?coCodeSubId=4; 수집일 2026-09-18
ntf_siriuseu_invest,시리우스인베스트먼트,신기술금융,시리우스인베스트먼트,출처: 파인(신기술사업금융업자) https://fine.fss.or.kr/fine/fncco/systemFncCo/list.do?menuNo=900038&searchTyin=신기술사업금융업자 | 여신금융협회 신기술금융사 정회원 https://www.crefia.or.kr/portal/company/membership/membershipIntroduction.xx?coCodeSubId=4; 수집일 2026-09-18
ntf_solrikeu_invest,솔리크인베스트먼트,신기술금융,솔리크인베스트먼트,출처: 파인(신기술사업금융업자) https://fine.fss.or.kr/fine/fncco/systemFncCo/list.do?menuNo=900038&searchTyin=신기술사업금융업자; 수집일 2026-09-18
ntf_solron_invest,솔론인베스트,신기술금융,솔론인베스트,출처: 파인(신기술사업금융업자) https://fine.fss.or.kr/fine/fncco/systemFncCo/list.do?menuNo=900038&searchTyin=신기술사업금융업자 | 여신금융협회 신기술금융사 정회원 https://www.crefia.or.kr/portal/company/membership/membershipIntroduction.xx?coCodeSubId=4; 수집일 2026-09-18
ntf_ssolrideuekseu,쏠리드엑스,신기술금융,쏠리드엑스,출처: 파인(신기술사업금융업자) https://fine.fss.or.kr/fine/fncco/systemFncCo/list.do?menuNo=900038&searchTyin=신기술사업금융업자 | 여신금융협회 신기술금융사 정회원 https://www.crefia.or.kr/portal/company/membership/membershipIntroduction.xx?coCodeSubId=4; 수집일 2026-09-18
ntf_su_n_fin_invest,수앤파이낸셜인베스트먼트,신기술금융,수앤파이낸셜인베스트먼트,출처: 파인(신기술사업금융업자) https://fine.fss.or.kr/fine/fncco/systemFncCo/list.do?menuNo=900038&searchTyin=신기술사업금융업자 | 여신금융협회 신기술금융사 정회원 https://www.crefia.or.kr/portal/company/membership/membershipIntroduction.xx?coCodeSubId=4; 수집일 2026-09-18
ntf_suseong_asset_invest,수성에셋인베스트먼트,신기술금융,수성에셋인베스트먼트,출처: 파인(신기술사업금융업자) https://fine.fss.or.kr/fine/fncco/systemFncCo/list.do?menuNo=900038&searchTyin=신기술사업금융업자 | 여신금융협회 신기술금융사 정회원 https://www.crefia.or.kr/portal/company/membership/membershipIntroduction.xx?coCodeSubId=4; 수집일 2026-09-18
ntf_synergyib,시너지아이비투자,신기술금융,시너지IB투자|시너지아이비투자,출처: 파인(신기술사업금융업자) https://fine.fss.or.kr/fine/fncco/systemFncCo/list.do?menuNo=900038&searchTyin=신기술사업금융업자 | 여신금융협회 신기술금융사 정회원 https://www.crefia.or.kr/portal/company/membership/membershipIntroduction.xx?coCodeSubId=4; 수집일 2026-09-18
ntf_taimpolrio_capital,타임폴리오캐피탈,신기술금융,타임폴리오캐피탈,출처: 파인(신기술사업금융업자) https://fine.fss.or.kr/fine/fncco/systemFncCo/list.do?menuNo=900038&searchTyin=신기술사업금융업자 | 여신금융협회 신기술금융사 정회원 https://www.crefia.or.kr/portal/company/membership/membershipIntroduction.xx?coCodeSubId=4; 수집일 2026-09-18
ntf_tideobeulyujiepeu_partners,티더블유지에프파트너스,신기술금융,티더블유지에프파트너스,출처: 파인(신기술사업금융업자) https://fine.fss.or.kr/fine/fncco/systemFncCo/list.do?menuNo=900038&searchTyin=신기술사업금융업자 | 여신금융협회 신기술금융사 정회원 https://www.crefia.or.kr/portal/company/membership/membershipIntroduction.xx?coCodeSubId=4; 수집일 2026-09-18
ntf_tigeuriseu_invest,티그리스인베스트먼트,신기술금융,티그리스인베스트먼트,출처: 파인(신기술사업금융업자) https://fine.fss.or.kr/fine/fncco/systemFncCo/list.do?menuNo=900038&searchTyin=신기술사업금융업자 | 여신금융협회 신기술금융사 정회원 https://www.crefia.or.kr/portal/company/membership/membershipIntroduction.xx?coCodeSubId=4; 수집일 2026-09-18
ntf_tikeiji_ventures,티케이지벤처스,신기술금융,티케이지벤처스,출처: 파인(신기술사업금융업자) https://fine.fss.or.kr/fine/fncco/systemFncCo/list.do?menuNo=900038&searchTyin=신기술사업금융업자 | 여신금융협회 신기술금융사 정회원 https://www.crefia.or.kr/portal/company/membership/membershipIntroduction.xx?coCodeSubId=4; 수집일 2026-09-18
ntf_tisseuri_ventures,티쓰리벤처스,신기술금융,티쓰리벤처스,출처: 파인(신기술사업금융업자) https://fine.fss.or.kr/fine/fncco/systemFncCo/list.do?menuNo=900038&searchTyin=신기술사업금융업자; 수집일 2026-09-18
ntf_toni_invest,토니인베스트먼트,신기술금융,토니인베스트먼트,출처: 파인(신기술사업금융업자) https://fine.fss.or.kr/fine/fncco/systemFncCo/list.do?menuNo=900038&searchTyin=신기술사업금융업자 | 여신금융협회 신기술금융사 정회원 https://www.crefia.or.kr/portal/company/membership/membershipIntroduction.xx?coCodeSubId=4; 수집일 2026-09-18
ntf_wideuwin_invest,위드윈인베스트먼트,신기술금융,위드윈인베스트먼트,출처: 파인(신기술사업금융업자) https://fine.fss.or.kr/fine/fncco/systemFncCo/list.do?menuNo=900038&searchTyin=신기술사업금융업자 | 여신금융협회 신기술금융사 정회원 https://www.crefia.or.kr/portal/company/membership/membershipIntroduction.xx?coCodeSubId=4; 수집일 2026-09-18
ntf_wieop_tech,위업기술투자,신기술금융,위업기술투자,출처: 파인(신기술사업금융업자) https://fine.fss.or.kr/fine/fncco/systemFncCo/list.do?menuNo=900038&searchTyin=신기술사업금융업자 | 여신금융협회 신기술금융사 정회원 https://www.crefia.or.kr/portal/company/membership/membershipIntroduction.xx?coCodeSubId=4; 수집일 2026-09-18
ntf_wontideuraep_partners,원티드랩파트너스,신기술금융,원티드랩파트너스,출처: 파인(신기술사업금융업자) https://fine.fss.or.kr/fine/fncco/systemFncCo/list.do?menuNo=900038&searchTyin=신기술사업금융업자 | 여신금융협회 신기술금융사 정회원 https://www.crefia.or.kr/portal/company/membership/membershipIntroduction.xx?coCodeSubId=4; 수집일 2026-09-18
ntf_wooritech,우리기술투자,신기술금융,우리기술투자,출처: 파인(신기술사업금융업자) https://fine.fss.or.kr/fine/fncco/systemFncCo/list.do?menuNo=900038&searchTyin=신기술사업금융업자 | 여신금융협회 신기술금융사 정회원 https://www.crefia.or.kr/portal/company/membership/membershipIntroduction.xx?coCodeSubId=4; 수집일 2026-09-18
ntf_yelroudok,옐로우독,신기술금융,옐로우독,출처: 파인(신기술사업금융업자) https://fine.fss.or.kr/fine/fncco/systemFncCo/list.do?menuNo=900038&searchTyin=신기술사업금융업자 | 여신금융협회 신기술금융사 정회원 https://www.crefia.or.kr/portal/company/membership/membershipIntroduction.xx?coCodeSubId=4; 수집일 2026-09-18
ntf_yg,와이지인베스트먼트,신기술금융,YG인베스트먼트|와이지인베스트먼트,출처: 파인(신기술사업금융업자) https://fine.fss.or.kr/fine/fncco/systemFncCo/list.do?menuNo=900038&searchTyin=신기술사업금융업자 | 여신금융협회 신기술금융사 정회원 https://www.crefia.or.kr/portal/company/membership/membershipIntroduction.xx?coCodeSubId=4; 수집일 2026-09-18
ntf_yuaiel_invest,유아이엘인베스트먼트,신기술금융,유아이엘인베스트먼트,출처: 파인(신기술사업금융업자) https://fine.fss.or.kr/fine/fncco/systemFncCo/list.do?menuNo=900038&searchTyin=신기술사업금융업자 | 여신금융협회 신기술금융사 정회원 https://www.crefia.or.kr/portal/company/membership/membershipIntroduction.xx?coCodeSubId=4; 수집일 2026-09-18
ntf_yubikwoseu_invest,유비쿼스인베스트먼트,신기술금융,유비쿼스인베스트먼트,출처: 파인(신기술사업금융업자) https://fine.fss.or.kr/fine/fncco/systemFncCo/list.do?menuNo=900038&searchTyin=신기술사업금융업자 | 여신금융협회 신기술금융사 정회원 https://www.crefia.or.kr/portal/company/membership/membershipIntroduction.xx?coCodeSubId=4; 수집일 2026-09-18
ntf_yuil_tech,유일기술투자,신기술금융,유일기술투자,출처: 파인(신기술사업금융업자) https://fine.fss.or.kr/fine/fncco/systemFncCo/list.do?menuNo=900038&searchTyin=신기술사업금융업자 | 여신금융협회 신기술금융사 정회원 https://www.crefia.or.kr/portal/company/membership/membershipIntroduction.xx?coCodeSubId=4; 수집일 2026-09-18
cap_a,A캐피탈,여신전문,A캐피탈|에이캐피탈,출처: 파인(할부금융업자) https://fine.fss.or.kr/fine/fncco/systemFncCo/list.do?menuNo=900038&searchTyin=할부금융업자 | 여신금융협회 리스·할부금융사 정회원 https://www.crefia.or.kr/portal/company/membership/membershipIntroduction.xx?coCodeSubId=2; 수집일 2026-09-18; 협회 겸업현황: 리스겸업/할부겸업
cap_acuon,애큐온캐피탈,여신전문,애큐온캐피탈,출처: 파인(시설대여업자) https://fine.fss.or.kr/fine/fncco/systemFncCo/list.do?menuNo=900038&searchTyin=시설대여업자 | 여신금융협회 리스·할부금융사 정회원 https://www.crefia.or.kr/portal/company/membership/membershipIntroduction.xx?coCodeSubId=2; 수집일 2026-09-18; 협회 겸업현황: 리스겸업/할부겸업/신기술겸업
cap_bluecorner,블루코너캐피탈,여신전문,블루코너캐피탈,출처: 파인(할부금융업자) https://fine.fss.or.kr/fine/fncco/systemFncCo/list.do?menuNo=900038&searchTyin=할부금융업자 | 여신금융협회 리스·할부금융사 정회원 https://www.crefia.or.kr/portal/company/membership/membershipIntroduction.xx?coCodeSubId=2; 수집일 2026-09-18; 협회 겸업현황: 할부겸업/신기술겸업
cap_bmw,BMW파이낸셜,여신전문,BMW파이낸셜|BMW파이낸셜서비스코리아|비엠더블유파이낸셜서비스코리아,출처: 파인(시설대여업자) https://fine.fss.or.kr/fine/fncco/systemFncCo/list.do?menuNo=900038&searchTyin=시설대여업자 | 여신금융협회 리스·할부금융사 정회원 https://www.crefia.or.kr/portal/company/membership/membershipIntroduction.xx?coCodeSubId=2; 수집일 2026-09-18; 협회 겸업현황: 리스겸업/할부겸업
cap_bnk,BNK캐피탈,여신전문,BNK캐피탈|비엔케이캐피탈,출처: 파인(시설대여업자) https://fine.fss.or.kr/fine/fncco/systemFncCo/list.do?menuNo=900038&searchTyin=시설대여업자 | 여신금융협회 리스·할부금융사 정회원 https://www.crefia.or.kr/portal/company/membership/membershipIntroduction.xx?coCodeSubId=2; 수집일 2026-09-18; 협회 겸업현황: 리스겸업/할부겸업/신기술겸업
cap_cosmo,코스모캐피탈,여신전문,코스모캐피탈,출처: 파인(할부금융업자) https://fine.fss.or.kr/fine/fncco/systemFncCo/list.do?menuNo=900038&searchTyin=할부금융업자 | 여신금융협회 리스·할부금융사 정회원 https://www.crefia.or.kr/portal/company/membership/membershipIntroduction.xx?coCodeSubId=2; 수집일 2026-09-18; 협회 겸업현황: 리스겸업/할부겸업
cap_coupang,쿠팡파이낸셜,여신전문,쿠팡파이낸셜,출처: 파인(할부금융업자) https://fine.fss.or.kr/fine/fncco/systemFncCo/list.do?menuNo=900038&searchTyin=할부금융업자 | 여신금융협회 리스·할부금융사 정회원 https://www.crefia.or.kr/portal/company/membership/membershipIntroduction.xx?coCodeSubId=2; 수집일 2026-09-18; 협회 겸업현황: 할부겸업
cap_db,DB캐피탈,여신전문,DB캐피탈|디비캐피탈,출처: 파인(할부금융업자) https://fine.fss.or.kr/fine/fncco/systemFncCo/list.do?menuNo=900038&searchTyin=할부금융업자 | 여신금융협회 리스·할부금융사 정회원 https://www.crefia.or.kr/portal/company/membership/membershipIntroduction.xx?coCodeSubId=2; 수집일 2026-09-18; 협회 겸업현황: 리스겸업/할부겸업/신기술겸업
cap_deutsche_fin,도이치파이낸셜,여신전문,도이치파이낸셜,출처: 파인(시설대여업자) https://fine.fss.or.kr/fine/fncco/systemFncCo/list.do?menuNo=900038&searchTyin=시설대여업자 | 여신금융협회 리스·할부금융사 정회원 https://www.crefia.or.kr/portal/company/membership/membershipIntroduction.xx?coCodeSubId=2; 수집일 2026-09-18; 협회 겸업현황: 리스겸업/할부겸업
cap_dll,데라게란덴,여신전문,데라게란덴,출처: 파인(시설대여업자) https://fine.fss.or.kr/fine/fncco/systemFncCo/list.do?menuNo=900038&searchTyin=시설대여업자 | 여신금융협회 리스·할부금융사 정회원 https://www.crefia.or.kr/portal/company/membership/membershipIntroduction.xx?coCodeSubId=2; 수집일 2026-09-18; 협회 겸업현황: 리스겸업/할부겸업
cap_eco,에코캐피탈,여신전문,에코캐피탈,출처: 파인(할부금융업자) https://fine.fss.or.kr/fine/fncco/systemFncCo/list.do?menuNo=900038&searchTyin=할부금융업자 | 여신금융협회 리스·할부금융사 정회원 https://www.crefia.or.kr/portal/company/membership/membershipIntroduction.xx?coCodeSubId=2; 수집일 2026-09-18; 협회 겸업현황: 리스겸업/할부겸업/신기술겸업
cap_hana,하나캐피탈,여신전문,하나캐피탈,출처: 파인(할부금융업자) https://fine.fss.or.kr/fine/fncco/systemFncCo/list.do?menuNo=900038&searchTyin=할부금융업자 | 여신금융협회 리스·할부금융사 정회원 https://www.crefia.or.kr/portal/company/membership/membershipIntroduction.xx?coCodeSubId=2; 수집일 2026-09-18; 협회 겸업현황: 리스겸업/할부겸업/신기술겸업
cap_hancom,한컴밸류인베스트먼트,여신전문,한컴밸류인베스트먼트,출처: 파인(시설대여업자) https://fine.fss.or.kr/fine/fncco/systemFncCo/list.do?menuNo=900038&searchTyin=시설대여업자 | 여신금융협회 리스·할부금융사 정회원 https://www.crefia.or.kr/portal/company/membership/membershipIntroduction.xx?coCodeSubId=2; 수집일 2026-09-18; 협회 겸업현황: 리스겸업/신기술겸업; 기존메모: 리스·신기술 겸영
cap_hankook,한국캐피탈,여신전문,한국캐피탈,출처: 파인(시설대여업자) https://fine.fss.or.kr/fine/fncco/systemFncCo/list.do?menuNo=900038&searchTyin=시설대여업자 | 여신금융협회 리스·할부금융사 정회원 https://www.crefia.or.kr/portal/company/membership/membershipIntroduction.xx?coCodeSubId=2; 수집일 2026-09-18; 협회 겸업현황: 리스겸업/할부겸업/신기술겸업
cap_hankookasset,한국자산캐피탈,여신전문,한국자산캐피탈,출처: 파인(할부금융업자) https://fine.fss.or.kr/fine/fncco/systemFncCo/list.do?menuNo=900038&searchTyin=할부금융업자 | 여신금융협회 리스·할부금융사 정회원 https://www.crefia.or.kr/portal/company/membership/membershipIntroduction.xx?coCodeSubId=2; 수집일 2026-09-18; 협회 겸업현황: 리스겸업/할부겸업/신기술겸업
cap_hb,HB캐피탈,여신전문,HB캐피탈|에이치비캐피탈,출처: 파인(할부금융업자) https://fine.fss.or.kr/fine/fncco/systemFncCo/list.do?menuNo=900038&searchTyin=할부금융업자 | 여신금융협회 리스·할부금융사 정회원 https://www.crefia.or.kr/portal/company/membership/membershipIntroduction.xx?coCodeSubId=2; 수집일 2026-09-18; 협회 겸업현황: 리스겸업/할부겸업/신기술겸업
cap_heidelberg,하이델베르그프린트파이낸스코리아,여신전문,하이델베르그프린트파이낸스|하이델베르그프린트파이낸스코리아,출처: 파인(할부금융업자) https://fine.fss.or.kr/fine/fncco/systemFncCo/list.do?menuNo=900038&searchTyin=할부금융업자 | 여신금융협회 리스·할부금융사 정회원 https://www.crefia.or.kr/portal/company/membership/membershipIntroduction.xx?coCodeSubId=2; 수집일 2026-09-18; 협회 겸업현황: 리스겸업/할부겸업
cap_hyundai,현대캐피탈,여신전문,현대캐피탈,출처: 파인(할부금융업자) https://fine.fss.or.kr/fine/fncco/systemFncCo/list.do?menuNo=900038&searchTyin=할부금융업자 | 여신금융협회 리스·할부금융사 정회원 https://www.crefia.or.kr/portal/company/membership/membershipIntroduction.xx?coCodeSubId=2 | 파인 전자금융업 등록현황 xlsx(2026-08-26) https://fine.fss.or.kr/fine/bbs/B0000392/view.do?nttId=63573&menuNo=900495 (첨부 전자금융업 등록 및 말소 현황_20260826_게시용.xlsx); 수집일 2026-09-18; 협회 겸업현황: 리스겸업/할부겸업/신기술겸업; 등록업종: PG/ESCROW/EBPP; 등록일 2021-09-13
cap_hyundai_commercial,현대커머셜,여신전문,현대커머셜,출처: 파인(시설대여업자) https://fine.fss.or.kr/fine/fncco/systemFncCo/list.do?menuNo=900038&searchTyin=시설대여업자 | 여신금융협회 리스·할부금융사 정회원 https://www.crefia.or.kr/portal/company/membership/membershipIntroduction.xx?coCodeSubId=2; 수집일 2026-09-18; 협회 겸업현황: 리스겸업/할부겸업/신기술겸업
cap_im,아이엠캐피탈,여신전문,DGB캐피탈|iM캐피탈|아이엠캐피탈,출처: 파인(시설대여업자) https://fine.fss.or.kr/fine/fncco/systemFncCo/list.do?menuNo=900038&searchTyin=시설대여업자 | 여신금융협회 리스·할부금융사 정회원 https://www.crefia.or.kr/portal/company/membership/membershipIntroduction.xx?coCodeSubId=2; 수집일 2026-09-18; 협회 겸업현황: 리스겸업/할부겸업/신기술겸업; 기존메모: 2024년 6월 DGB캐피탈에서 사명변경
cap_jb,JB우리캐피탈,여신전문,JB우리캐피탈|전북우리캐피탈|제이비우리캐피탈,출처: 파인(할부금융업자) https://fine.fss.or.kr/fine/fncco/systemFncCo/list.do?menuNo=900038&searchTyin=할부금융업자 | 여신금융협회 리스·할부금융사 정회원 https://www.crefia.or.kr/portal/company/membership/membershipIntroduction.xx?coCodeSubId=2; 수집일 2026-09-18; 협회 겸업현황: 리스겸업/할부겸업/신기술겸업
cap_jm,제이엠캐피탈,여신전문,JM캐피탈|제이엠캐피탈,출처: 파인(할부금융업자) https://fine.fss.or.kr/fine/fncco/systemFncCo/list.do?menuNo=900038&searchTyin=할부금융업자 | 여신금융협회 리스·할부금융사 정회원 https://www.crefia.or.kr/portal/company/membership/membershipIntroduction.xx?coCodeSubId=2; 수집일 2026-09-18; 협회 겸업현황: 할부겸업/신기술겸업
cap_kb,KB캐피탈,여신전문,KB캐피탈|케이비캐피탈,출처: 파인(시설대여업자) https://fine.fss.or.kr/fine/fncco/systemFncCo/list.do?menuNo=900038&searchTyin=시설대여업자 | 여신금융협회 리스·할부금융사 정회원 https://www.crefia.or.kr/portal/company/membership/membershipIntroduction.xx?coCodeSubId=2; 수집일 2026-09-18; 협회 겸업현황: 리스겸업/할부겸업/신기술겸업
cap_kcar,케이카캐피탈,여신전문,케이카캐피탈,출처: 파인(할부금융업자) https://fine.fss.or.kr/fine/fncco/systemFncCo/list.do?menuNo=900038&searchTyin=할부금융업자 | 여신금융협회 리스·할부금융사 정회원 https://www.crefia.or.kr/portal/company/membership/membershipIntroduction.xx?coCodeSubId=2; 수집일 2026-09-18; 협회 겸업현황: 할부겸업
cap_kdb,산은캐피탈,여신전문,KDB캐피탈|산은캐피탈,출처: 파인(시설대여업자) https://fine.fss.or.kr/fine/fncco/systemFncCo/list.do?menuNo=900038&searchTyin=시설대여업자 | 여신금융협회 리스·할부금융사 정회원 https://www.crefia.or.kr/portal/company/membership/membershipIntroduction.xx?coCodeSubId=2; 수집일 2026-09-18; 협회 겸업현황: 카드겸업/리스겸업/할부겸업/신기술겸업
cap_kgm,KGM캐피탈,여신전문,KGM캐피탈|KG캐피탈,"출처: 파인(할부금융업자) https://fine.fss.or.kr/fine/fncco/systemFncCo/list.do?menuNo=900038&searchTyin=할부금융업자 | 여신금융협회 리스·할부금융사 정회원 https://www.crefia.or.kr/portal/company/membership/membershipIntroduction.xx?coCodeSubId=2; 수집일 2026-09-18; 협회 겸업현황: 리스겸업/할부겸업; 표기 차이: 파인은 ""KG캐피탈㈜"", 협회는 ""KGM캐피탈"" — 동일회사로 통합했으나 사명변경 여부 미확인"
cap_koreainvest,한국투자캐피탈,여신전문,한국투자캐피탈,출처: 파인(시설대여업자) https://fine.fss.or.kr/fine/fncco/systemFncCo/list.do?menuNo=900038&searchTyin=시설대여업자 | 여신금융협회 리스·할부금융사 정회원 https://www.crefia.or.kr/portal/company/membership/membershipIntroduction.xx?coCodeSubId=2; 수집일 2026-09-18; 협회 겸업현황: 리스겸업/할부겸업/신기술겸업
cap_leadingace,리딩에이스캐피탈,여신전문,리딩에이스캐피탈,출처: 파인(시설대여업자) https://fine.fss.or.kr/fine/fncco/systemFncCo/list.do?menuNo=900038&searchTyin=시설대여업자 | 여신금융협회 리스·할부금융사 정회원 https://www.crefia.or.kr/portal/company/membership/membershipIntroduction.xx?coCodeSubId=2; 수집일 2026-09-18; 협회 겸업현황: 리스겸업/신기술겸업
cap_lotte,롯데캐피탈,여신전문,롯데캐피탈,출처: 파인(할부금융업자) https://fine.fss.or.kr/fine/fncco/systemFncCo/list.do?menuNo=900038&searchTyin=할부금융업자 | 여신금융협회 리스·할부금융사 정회원 https://www.crefia.or.kr/portal/company/membership/membershipIntroduction.xx?coCodeSubId=2; 수집일 2026-09-18; 협회 겸업현황: 리스겸업/할부겸업
cap_lotte_autolease,롯데오토리스,여신전문,롯데오토리스,출처: 파인(시설대여업자) https://fine.fss.or.kr/fine/fncco/systemFncCo/list.do?menuNo=900038&searchTyin=시설대여업자 | 여신금융협회 리스·할부금융사 정회원 https://www.crefia.or.kr/portal/company/membership/membershipIntroduction.xx?coCodeSubId=2; 수집일 2026-09-18; 협회 겸업현황: 리스겸업/할부겸업
cap_mason,메이슨캐피탈,여신전문,메이슨캐피탈,출처: 파인(시설대여업자) https://fine.fss.or.kr/fine/fncco/systemFncCo/list.do?menuNo=900038&searchTyin=시설대여업자 | 여신금융협회 리스·할부금융사 정회원 https://www.crefia.or.kr/portal/company/membership/membershipIntroduction.xx?coCodeSubId=2; 수집일 2026-09-18; 협회 겸업현황: 리스겸업/할부겸업/신기술겸업
cap_mastern,마스턴캐피탈,여신전문,마스턴캐피탈,출처: 파인(할부금융업자) https://fine.fss.or.kr/fine/fncco/systemFncCo/list.do?menuNo=900038&searchTyin=할부금융업자 | 여신금융협회 리스·할부금융사 정회원 https://www.crefia.or.kr/portal/company/membership/membershipIntroduction.xx?coCodeSubId=2; 수집일 2026-09-18; 협회 겸업현황: 리스겸업/할부겸업
cap_mbfs,메르세데스벤츠파이낸셜서비스코리아,여신전문,메르세데스벤츠파이낸셜|메르세데스벤츠파이낸셜서비스코리아|벤츠파이낸셜,출처: 파인(할부금융업자) https://fine.fss.or.kr/fine/fncco/systemFncCo/list.do?menuNo=900038&searchTyin=할부금융업자 | 여신금융협회 리스·할부금융사 정회원 https://www.crefia.or.kr/portal/company/membership/membershipIntroduction.xx?coCodeSubId=2; 수집일 2026-09-18; 협회 겸업현황: 리스겸업/할부겸업
cap_meritz,메리츠캐피탈,여신전문,메리츠캐피탈,출처: 파인(할부금융업자) https://fine.fss.or.kr/fine/fncco/systemFncCo/list.do?menuNo=900038&searchTyin=할부금융업자 | 여신금융협회 리스·할부금융사 정회원 https://www.crefia.or.kr/portal/company/membership/membershipIntroduction.xx?coCodeSubId=2; 수집일 2026-09-18; 협회 겸업현황: 리스겸업/할부겸업/신기술겸업
cap_mg,MG캐피탈,여신전문,MG캐피탈|M캐피탈|엠지캐피탈|효성캐피탈,출처: 파인(시설대여업자) https://fine.fss.or.kr/fine/fncco/systemFncCo/list.do?menuNo=900038&searchTyin=시설대여업자 | 여신금융협회 리스·할부금융사 정회원 https://www.crefia.or.kr/portal/company/membership/membershipIntroduction.xx?coCodeSubId=2; 수집일 2026-09-18; 협회 겸업현황: 리스겸업/할부겸업/신기술겸업; 기존메모: 효성캐피탈에서 M캐피탈을 거쳐 2025년 MG캐피탈로 변경
cap_mugunghwa,무궁화캐피탈,여신전문,무궁화캐피탈,출처: 파인(할부금융업자) https://fine.fss.or.kr/fine/fncco/systemFncCo/list.do?menuNo=900038&searchTyin=할부금융업자 | 여신금융협회 리스·할부금융사 정회원 https://www.crefia.or.kr/portal/company/membership/membershipIntroduction.xx?coCodeSubId=2; 수집일 2026-09-18; 협회 겸업현황: 리스겸업/할부겸업
cap_murim,무림캐피탈,여신전문,무림캐피탈,출처: 파인(시설대여업자) https://fine.fss.or.kr/fine/fncco/systemFncCo/list.do?menuNo=900038&searchTyin=시설대여업자 | 여신금융협회 리스·할부금융사 정회원 https://www.crefia.or.kr/portal/company/membership/membershipIntroduction.xx?coCodeSubId=2; 수집일 2026-09-18; 협회 겸업현황: 리스겸업/할부겸업/신기술겸업
cap_nbh,NBH캐피탈,여신전문,NBH캐피탈|엔비에이치캐피탈,출처: 파인(시설대여업자) https://fine.fss.or.kr/fine/fncco/systemFncCo/list.do?menuNo=900038&searchTyin=시설대여업자 | 여신금융협회 리스·할부금융사 정회원 https://www.crefia.or.kr/portal/company/membership/membershipIntroduction.xx?coCodeSubId=2; 수집일 2026-09-18; 협회 겸업현황: 리스겸업/신기술겸업
cap_nh,NH농협캐피탈,여신전문,NH농협캐피탈|농협캐피탈|엔에이치농협캐피탈,출처: 파인(할부금융업자) https://fine.fss.or.kr/fine/fncco/systemFncCo/list.do?menuNo=900038&searchTyin=할부금융업자 | 여신금융협회 리스·할부금융사 정회원 https://www.crefia.or.kr/portal/company/membership/membershipIntroduction.xx?coCodeSubId=2; 수집일 2026-09-18; 협회 겸업현황: 리스겸업/할부겸업/신기술겸업
cap_ok,오케이캐피탈,여신전문,OK캐피탈|오케이캐피탈,출처: 파인(시설대여업자) https://fine.fss.or.kr/fine/fncco/systemFncCo/list.do?menuNo=900038&searchTyin=시설대여업자 | 여신금융협회 리스·할부금융사 정회원 https://www.crefia.or.kr/portal/company/membership/membershipIntroduction.xx?coCodeSubId=2; 수집일 2026-09-18; 협회 겸업현황: 리스겸업/할부겸업
cap_orix,오릭스캐피탈코리아,여신전문,오릭스캐피탈|오릭스캐피탈코리아,출처: 파인(시설대여업자) https://fine.fss.or.kr/fine/fncco/systemFncCo/list.do?menuNo=900038&searchTyin=시설대여업자 | 여신금융협회 리스·할부금융사 정회원 https://www.crefia.or.kr/portal/company/membership/membershipIntroduction.xx?coCodeSubId=2; 수집일 2026-09-18; 협회 겸업현황: 리스겸업/할부겸업
cap_pioneer,파이오니어인베스트먼트,여신전문,파이오니어인베스트먼트,출처: 파인(시설대여업자) https://fine.fss.or.kr/fine/fncco/systemFncCo/list.do?menuNo=900038&searchTyin=시설대여업자 | 여신금융협회 리스·할부금융사 정회원 https://www.crefia.or.kr/portal/company/membership/membershipIntroduction.xx?coCodeSubId=2; 수집일 2026-09-18; 협회 겸업현황: 리스겸업/할부겸업/신기술겸업
cap_porsche,포르쉐파이낸셜서비스코리아,여신전문,포르쉐파이낸셜|포르쉐파이낸셜서비스코리아,출처: 파인(시설대여업자) https://fine.fss.or.kr/fine/fncco/systemFncCo/list.do?menuNo=900038&searchTyin=시설대여업자 | 여신금융협회 리스·할부금융사 정회원 https://www.crefia.or.kr/portal/company/membership/membershipIntroduction.xx?coCodeSubId=2; 수집일 2026-09-18; 협회 겸업현황: 리스겸업/할부겸업
cap_rci,RCI파이낸셜서비스코리아,여신전문,RCI파이낸셜|RCI파이낸셜서비스코리아|알씨아이파이낸셜서비스코리아,출처: 파인(할부금융업자) https://fine.fss.or.kr/fine/fncco/systemFncCo/list.do?menuNo=900038&searchTyin=할부금융업자 | 여신금융협회 리스·할부금융사 정회원 https://www.crefia.or.kr/portal/company/membership/membershipIntroduction.xx?coCodeSubId=2; 수집일 2026-09-18; 협회 겸업현황: 리스겸업/할부겸업; 기존메모: 르노 계열 자동차금융사
cap_shinhan,신한캐피탈,여신전문,신한캐피탈,출처: 파인(시설대여업자) https://fine.fss.or.kr/fine/fncco/systemFncCo/list.do?menuNo=900038&searchTyin=시설대여업자 | 여신금융협회 리스·할부금융사 정회원 https://www.crefia.or.kr/portal/company/membership/membershipIntroduction.xx?coCodeSubId=2; 수집일 2026-09-18; 협회 겸업현황: 리스겸업/할부겸업/신기술겸업
cap_ssi_n_eichi_capital,씨앤에이치캐피탈,여신전문,씨앤에이치캐피탈,출처: 파인(시설대여업자) https://fine.fss.or.kr/fine/fncco/systemFncCo/list.do?menuNo=900038&searchTyin=시설대여업자; 수집일 2026-09-18
cap_toyota,토요타파이낸셜,여신전문,토요타파이낸셜|토요타파이낸셜서비스코리아,출처: 파인(시설대여업자) https://fine.fss.or.kr/fine/fncco/systemFncCo/list.do?menuNo=900038&searchTyin=시설대여업자 | 여신금융협회 리스·할부금융사 정회원 https://www.crefia.or.kr/portal/company/membership/membershipIntroduction.xx?coCodeSubId=2; 수집일 2026-09-18; 협회 겸업현황: 리스겸업/할부겸업
cap_traton,트라톤파이낸셜서비스코리아,여신전문,트라톤파이낸셜|트라톤파이낸셜서비스코리아,출처: 파인(할부금융업자) https://fine.fss.or.kr/fine/fncco/systemFncCo/list.do?menuNo=900038&searchTyin=할부금융업자 | 여신금융협회 리스·할부금융사 정회원 https://www.crefia.or.kr/portal/company/membership/membershipIntroduction.xx?coCodeSubId=2; 수집일 2026-09-18; 협회 겸업현황: 리스겸업/할부겸업
cap_volvofs,볼보파이낸셜서비스코리아,여신전문,볼보파이낸셜|볼보파이낸셜서비스코리아,출처: 파인(할부금융업자) https://fine.fss.or.kr/fine/fncco/systemFncCo/list.do?menuNo=900038&searchTyin=할부금융업자 | 여신금융협회 리스·할부금융사 정회원 https://www.crefia.or.kr/portal/company/membership/membershipIntroduction.xx?coCodeSubId=2; 수집일 2026-09-18; 협회 겸업현황: 리스겸업/할부겸업
cap_vwfs,폭스바겐파이낸셜서비스코리아,여신전문,폭스바겐파이낸셜|폭스바겐파이낸셜서비스코리아,출처: 파인(시설대여업자) https://fine.fss.or.kr/fine/fncco/systemFncCo/list.do?menuNo=900038&searchTyin=시설대여업자 | 여신금융협회 리스·할부금융사 정회원 https://www.crefia.or.kr/portal/company/membership/membershipIntroduction.xx?coCodeSubId=2; 수집일 2026-09-18; 협회 겸업현황: 리스겸업/할부겸업
cap_woori,우리금융캐피탈,여신전문,아주캐피탈|우리금융캐피탈,출처: 파인(할부금융업자) https://fine.fss.or.kr/fine/fncco/systemFncCo/list.do?menuNo=900038&searchTyin=할부금융업자 | 여신금융협회 리스·할부금융사 정회원 https://www.crefia.or.kr/portal/company/membership/membershipIntroduction.xx?coCodeSubId=2; 수집일 2026-09-18; 협회 겸업현황: 리스겸업/할부겸업/신기술겸업; 기존메모: 2021년 아주캐피탈에서 사명변경
fin_agoda_payment_korea,아고다페이먼트코리아,전자금융,아고다페이먼트코리아,출처: 파인 전자금융업 등록현황 xlsx(2026-08-26) https://fine.fss.or.kr/fine/bbs/B0000392/view.do?nttId=63573&menuNo=900495 (첨부 전자금융업 등록 및 말소 현황_20260826_게시용.xlsx); 수집일 2026-09-18; 등록업종: PG; 등록일 2018-04-13
fin_aielkei_korea,아이엘케이코리아,전자금융,아이엘케이코리아,출처: 파인 전자금융업 등록현황 xlsx(2026-08-26) https://fine.fss.or.kr/fine/bbs/B0000392/view.do?nttId=63573&menuNo=900495 (첨부 전자금융업 등록 및 말소 현황_20260826_게시용.xlsx); 수집일 2026-09-18; 등록업종: PG; 등록일 2019-08-22
fin_aikweseuteu,아이퀘스트,전자금융,아이퀘스트,출처: 파인 전자금융업 등록현황 xlsx(2026-08-26) https://fine.fss.or.kr/fine/bbs/B0000392/view.do?nttId=63573&menuNo=900495 (첨부 전자금융업 등록 및 말소 현황_20260826_게시용.xlsx); 수집일 2026-09-18; 등록업종: PG; 등록일 2020-12-15
fin_aiorora,아이오로라,전자금융,아이오로라,출처: 파인 전자금융업 등록현황 xlsx(2026-08-26) https://fine.fss.or.kr/fine/bbs/B0000392/view.do?nttId=63573&menuNo=900495 (첨부 전자금융업 등록 및 말소 현황_20260826_게시용.xlsx); 수집일 2026-09-18; 등록업종: 선불; 등록일 2020-10-21
fin_aissibi,아이씨비,전자금융,아이씨비,출처: 파인 전자금융업 등록현황 xlsx(2026-08-26) https://fine.fss.or.kr/fine/bbs/B0000392/view.do?nttId=63573&menuNo=900495 (첨부 전자금융업 등록 및 말소 현황_20260826_게시용.xlsx); 수집일 2026-09-18; 등록업종: 선불/PG/ESCROW; 등록일 2016-10-14
fin_arongeurup,아론그룹,전자금융,아론그룹,출처: 파인 전자금융업 등록현황 xlsx(2026-08-26) https://fine.fss.or.kr/fine/bbs/B0000392/view.do?nttId=63573&menuNo=900495 (첨부 전자금융업 등록 및 말소 현황_20260826_게시용.xlsx); 수집일 2026-09-18; 등록업종: PG; 등록일 2025-04-24
fin_awoseupocheuneisyeon,아워스포츠네이션,전자금융,아워스포츠네이션,출처: 파인 전자금융업 등록현황 xlsx(2026-08-26) https://fine.fss.or.kr/fine/bbs/B0000392/view.do?nttId=63573&menuNo=900495 (첨부 전자금융업 등록 및 말소 현황_20260826_게시용.xlsx); 수집일 2026-09-18; 등록업종: 선불; 등록일 2024-11-29
fin_baengkeusaelreodeu,뱅크샐러드,전자금융,뱅크샐러드,출처: 파인 전자금융업 등록현황 xlsx(2026-08-26) https://fine.fss.or.kr/fine/bbs/B0000392/view.do?nttId=63573&menuNo=900495 (첨부 전자금융업 등록 및 말소 현황_20260826_게시용.xlsx); 수집일 2026-09-18; 등록업종: 선불; 등록일 2019-06-21
fin_baiolret_pay,바이올렛페이,전자금융,바이올렛페이,출처: 파인 전자금융업 등록현황 xlsx(2026-08-26) https://fine.fss.or.kr/fine/bbs/B0000392/view.do?nttId=63573&menuNo=900495 (첨부 전자금융업 등록 및 말소 현황_20260826_게시용.xlsx); 수집일 2026-09-18; 등록업종: 직불/PG; 등록일 2025-04-30
fin_balteuruseuteu,발트루스트,전자금융,발트루스트,출처: 파인 전자금융업 등록현황 xlsx(2026-08-26) https://fine.fss.or.kr/fine/bbs/B0000392/view.do?nttId=63573&menuNo=900495 (첨부 전자금융업 등록 및 말소 현황_20260826_게시용.xlsx); 수집일 2026-09-18; 등록업종: PG; 등록일 2025-05-29
fin_baumpi_n_eseu,바움피앤에스,전자금융,바움피앤에스,출처: 파인 전자금융업 등록현황 xlsx(2026-08-26) https://fine.fss.or.kr/fine/bbs/B0000392/view.do?nttId=63573&menuNo=900495 (첨부 전자금융업 등록 및 말소 현황_20260826_게시용.xlsx); 수집일 2026-09-18; 등록업종: PG; 등록일 2019-07-19
fin_beui_payments,브이페이먼츠,전자금융,브이페이먼츠,출처: 파인 전자금융업 등록현황 xlsx(2026-08-26) https://fine.fss.or.kr/fine/bbs/B0000392/view.do?nttId=63573&menuNo=900495 (첨부 전자금융업 등록 및 말소 현황_20260826_게시용.xlsx); 수집일 2026-09-18; 등록업종: PG/ESCROW; 등록일 2016-06-02
fin_beuipi,브이피,전자금융,브이피,출처: 파인 전자금융업 등록현황 xlsx(2026-08-26) https://fine.fss.or.kr/fine/bbs/B0000392/view.do?nttId=63573&menuNo=900495 (첨부 전자금융업 등록 및 말소 현황_20260826_게시용.xlsx); 수집일 2026-09-18; 등록업종: PG; 등록일 2007-07-25
fin_beulruwolneot,블루월넛,전자금융,블루월넛,출처: 파인 전자금융업 등록현황 xlsx(2026-08-26) https://fine.fss.or.kr/fine/bbs/B0000392/view.do?nttId=63573&menuNo=900495 (첨부 전자금융업 등록 및 말소 현황_20260826_게시용.xlsx); 수집일 2026-09-18; 등록업종: 선불/PG/ESCROW/EBPP; 등록일 2017-01-06
fin_beuraiteupikseu,브라이트픽스,전자금융,브라이트픽스,출처: 파인 전자금융업 등록현황 xlsx(2026-08-26) https://fine.fss.or.kr/fine/bbs/B0000392/view.do?nttId=63573&menuNo=900495 (첨부 전자금융업 등록 및 말소 현황_20260826_게시용.xlsx); 수집일 2026-09-18; 등록업종: PG; 등록일 2021-06-30
fin_beurum,브룸,전자금융,,출처: 파인 전자금융업 등록현황 xlsx(2026-08-26) https://fine.fss.or.kr/fine/bbs/B0000392/view.do?nttId=63573&menuNo=900495 (첨부 전자금융업 등록 및 말소 현황_20260826_게시용.xlsx); 수집일 2026-09-18; 등록업종: PG; 등록일 2018-03-13
fin_bibeowokseu,비버웍스,전자금융,비버웍스,출처: 파인 전자금융업 등록현황 xlsx(2026-08-26) https://fine.fss.or.kr/fine/bbs/B0000392/view.do?nttId=63573&menuNo=900495 (첨부 전자금융업 등록 및 말소 현황_20260826_게시용.xlsx); 수집일 2026-09-18; 등록업종: PG/ESCROW; 등록일 2023-12-21
fin_bijeupeulrei,비즈플레이,전자금융,비즈플레이,출처: 파인 전자금융업 등록현황 xlsx(2026-08-26) https://fine.fss.or.kr/fine/bbs/B0000392/view.do?nttId=63573&menuNo=900495 (첨부 전자금융업 등록 및 말소 현황_20260826_게시용.xlsx); 수집일 2026-09-18; 등록업종: 선불/직불; 등록일 2019-10-14
fin_bijiepeu_networks,비지에프네트웍스,전자금융,비지에프네트웍스,출처: 파인 전자금융업 등록현황 xlsx(2026-08-26) https://fine.fss.or.kr/fine/bbs/B0000392/view.do?nttId=63573&menuNo=900495 (첨부 전자금융업 등록 및 말소 현황_20260826_게시용.xlsx); 수집일 2026-09-18; 등록업종: 선불; 등록일 2025-03-14
fin_bipigeurup,비피그룹,전자금융,비피그룹,출처: 파인 전자금융업 등록현황 xlsx(2026-08-26) https://fine.fss.or.kr/fine/bbs/B0000392/view.do?nttId=63573&menuNo=900495 (첨부 전자금융업 등록 및 말소 현황_20260826_게시용.xlsx); 수집일 2026-09-18; 등록업종: PG; 등록일 2026-05-22
fin_bona_networks,보나네트웍스,전자금융,보나네트웍스,출처: 파인 전자금융업 등록현황 xlsx(2026-08-26) https://fine.fss.or.kr/fine/bbs/B0000392/view.do?nttId=63573&menuNo=900495 (첨부 전자금융업 등록 및 말소 현황_20260826_게시용.xlsx); 수집일 2026-09-18; 등록업종: PG; 등록일 2023-08-24
fin_busanhanarokadeu,부산하나로카드,전자금융,부산하나로카드,출처: 파인 전자금융업 등록현황 xlsx(2026-08-26) https://fine.fss.or.kr/fine/bbs/B0000392/view.do?nttId=63573&menuNo=900495 (첨부 전자금융업 등록 및 말소 현황_20260826_게시용.xlsx); 수집일 2026-09-18; 등록업종: 선불; 등록일 2007-11-22
fin_chaebi,채비,전자금융,,출처: 파인 전자금융업 등록현황 xlsx(2026-08-26) https://fine.fss.or.kr/fine/bbs/B0000392/view.do?nttId=63573&menuNo=900495 (첨부 전자금융업 등록 및 말소 현황_20260826_게시용.xlsx); 수집일 2026-09-18; 등록업종: 선불/PG; 등록일 2025-04-24
fin_coupangpay,쿠팡페이,전자금융,쿠팡페이,출처: 파인 전자금융업 등록현황 xlsx(2026-08-26) https://fine.fss.or.kr/fine/bbs/B0000392/view.do?nttId=63573&menuNo=900495 (첨부 전자금융업 등록 및 말소 현황_20260826_게시용.xlsx); 수집일 2026-09-18; 등록업종: 선불/PG/ESCROW; 등록일 2016-11-11
fin_dama_payments,담아페이먼츠,전자금융,담아페이먼츠,출처: 파인 전자금융업 등록현황 xlsx(2026-08-26) https://fine.fss.or.kr/fine/bbs/B0000392/view.do?nttId=63573&menuNo=900495 (첨부 전자금융업 등록 및 말소 현황_20260826_게시용.xlsx); 수집일 2026-09-18; 등록업종: PG; 등록일 2024-04-25
fin_danal,다날,전자금융,,출처: 파인 전자금융업 등록현황 xlsx(2026-08-26) https://fine.fss.or.kr/fine/bbs/B0000392/view.do?nttId=63573&menuNo=900495 (첨부 전자금융업 등록 및 말소 현황_20260826_게시용.xlsx); 수집일 2026-09-18; 등록업종: 선불/PG/ESCROW; 등록일 2009-07-03
fin_danggeun_pay,당근페이,전자금융,당근페이,출처: 파인 전자금융업 등록현황 xlsx(2026-08-26) https://fine.fss.or.kr/fine/bbs/B0000392/view.do?nttId=63573&menuNo=900495 (첨부 전자금융업 등록 및 말소 현황_20260826_게시용.xlsx); 수집일 2026-09-18; 등록업종: 선불/PG/ESCROW; 등록일 2021-09-28
fin_daudeita,다우데이타,전자금융,다우데이타,출처: 파인 전자금융업 등록현황 xlsx(2026-08-26) https://fine.fss.or.kr/fine/bbs/B0000392/view.do?nttId=63573&menuNo=900495 (첨부 전자금융업 등록 및 말소 현황_20260826_게시용.xlsx); 수집일 2026-09-18; 등록업종: 선불/PG/ESCROW; 등록일 2016-05-31
fin_daugisul,다우기술,전자금융,다우기술,출처: 파인 전자금융업 등록현황 xlsx(2026-08-26) https://fine.fss.or.kr/fine/bbs/B0000392/view.do?nttId=63573&menuNo=900495 (첨부 전자금융업 등록 및 말소 현황_20260826_게시용.xlsx); 수집일 2026-09-18; 등록업종: 선불; 등록일 2024-12-11
fin_dbgeumyung_inv,DB금융투자,전자금융,DB금융투자,출처: 파인 전자금융업 등록현황 xlsx(2026-08-26) https://fine.fss.or.kr/fine/bbs/B0000392/view.do?nttId=63573&menuNo=900495 (첨부 전자금융업 등록 및 말소 현황_20260826_게시용.xlsx); 수집일 2026-09-18; 등록업종: 직불; 등록일 2015-06-05
fin_deiteojen,데이터젠,전자금융,데이터젠,출처: 파인 전자금융업 등록현황 xlsx(2026-08-26) https://fine.fss.or.kr/fine/bbs/B0000392/view.do?nttId=63573&menuNo=900495 (첨부 전자금융업 등록 및 말소 현황_20260826_게시용.xlsx); 수집일 2026-09-18; 등록업종: 선불/PG; 등록일 2024-05-14
fin_dekina,데키나,전자금융,데키나,출처: 파인 전자금융업 등록현황 xlsx(2026-08-26) https://fine.fss.or.kr/fine/bbs/B0000392/view.do?nttId=63573&menuNo=900495 (첨부 전자금융업 등록 및 말소 현황_20260826_게시용.xlsx); 수집일 2026-09-18; 등록업종: PG; 등록일 2025-12-18
fin_deo_pay,더페이,전자금융,더페이,출처: 파인 전자금융업 등록현황 xlsx(2026-08-26) https://fine.fss.or.kr/fine/bbs/B0000392/view.do?nttId=63573&menuNo=900495 (첨부 전자금융업 등록 및 말소 현황_20260826_게시용.xlsx); 수집일 2026-09-18; 등록업종: PG/EBPP; 등록일 2021-03-29
fin_deo_pay_won,더페이원,전자금융,더페이원,출처: 파인 전자금융업 등록현황 xlsx(2026-08-26) https://fine.fss.or.kr/fine/bbs/B0000392/view.do?nttId=63573&menuNo=900495 (첨부 전자금융업 등록 및 말소 현황_20260826_게시용.xlsx); 수집일 2026-09-18; 등록업종: PG; 등록일 2017-08-28
fin_deojeun,더즌,전자금융,,출처: 파인 전자금융업 등록현황 xlsx(2026-08-26) https://fine.fss.or.kr/fine/bbs/B0000392/view.do?nttId=63573&menuNo=900495 (첨부 전자금융업 등록 및 말소 현황_20260826_게시용.xlsx); 수집일 2026-09-18; 등록업종: 선불/PG/EBPP; 등록일 2018-09-05
fin_deojonbijeuon,더존비즈온,전자금융,더존비즈온,출처: 파인 전자금융업 등록현황 xlsx(2026-08-26) https://fine.fss.or.kr/fine/bbs/B0000392/view.do?nttId=63573&menuNo=900495 (첨부 전자금융업 등록 및 말소 현황_20260826_게시용.xlsx); 수집일 2026-09-18; 등록업종: PG/ESCROW/EBPP; 등록일 2008-06-30
fin_disembeo_nco_am,디셈버앤컴퍼니자산운용,전자금융,디셈버앤컴퍼니자산운용,출처: 파인 전자금융업 등록현황 xlsx(2026-08-26) https://fine.fss.or.kr/fine/bbs/B0000392/view.do?nttId=63573&menuNo=900495 (첨부 전자금융업 등록 및 말소 현황_20260826_게시용.xlsx); 수집일 2026-09-18; 등록업종: 선불/직불; 등록일 2019-10-08
fin_dongseoaitieseu,동서아이티에스,전자금융,동서아이티에스,출처: 파인 전자금융업 등록현황 xlsx(2026-08-26) https://fine.fss.or.kr/fine/bbs/B0000392/view.do?nttId=63573&menuNo=900495 (첨부 전자금융업 등록 및 말소 현황_20260826_게시용.xlsx); 수집일 2026-09-18; 등록업종: EBPP; 등록일 2007-07-13
fin_eeowolrekseu_korea,에어월렉스코리아,전자금융,에어월렉스코리아,출처: 파인 전자금융업 등록현황 xlsx(2026-08-26) https://fine.fss.or.kr/fine/bbs/B0000392/view.do?nttId=63573&menuNo=900495 (첨부 전자금융업 등록 및 말소 현황_20260826_게시용.xlsx); 수집일 2026-09-18; 등록업종: 선불/PG; 등록일 2015-04-29
fin_eksimbei,엑심베이,전자금융,엑심베이,출처: 파인 전자금융업 등록현황 xlsx(2026-08-26) https://fine.fss.or.kr/fine/bbs/B0000392/view.do?nttId=63573&menuNo=900495 (첨부 전자금융업 등록 및 말소 현황_20260826_게시용.xlsx); 수집일 2026-09-18; 등록업종: PG; 등록일 2010-11-03
fin_eljissieneseu,엘지씨엔에스,전자금융,엘지씨엔에스,출처: 파인 전자금융업 등록현황 xlsx(2026-08-26) https://fine.fss.or.kr/fine/bbs/B0000392/view.do?nttId=63573&menuNo=900495 (첨부 전자금융업 등록 및 말소 현황_20260826_게시용.xlsx); 수집일 2026-09-18; 등록업종: PG/ESCROW; 등록일 2007-06-20
fin_emeichipyucheoseu,엠에이치퓨처스,전자금융,엠에이치퓨처스,출처: 파인 전자금융업 등록현황 xlsx(2026-08-26) https://fine.fss.or.kr/fine/bbs/B0000392/view.do?nttId=63573&menuNo=900495 (첨부 전자금융업 등록 및 말소 현황_20260826_게시용.xlsx); 수집일 2026-09-18; 등록업종: PG/ESCROW; 등록일 2025-05-14
fin_enpiai_networks,엔피아이네트웍스,전자금융,엔피아이네트웍스,출처: 파인 전자금융업 등록현황 xlsx(2026-08-26) https://fine.fss.or.kr/fine/bbs/B0000392/view.do?nttId=63573&menuNo=900495 (첨부 전자금융업 등록 및 말소 현황_20260826_게시용.xlsx); 수집일 2026-09-18; 등록업종: 선불/PG; 등록일 2025-12-18
fin_epeukei,에프케이,전자금융,에프케이,출처: 파인 전자금융업 등록현황 xlsx(2026-08-26) https://fine.fss.or.kr/fine/bbs/B0000392/view.do?nttId=63573&menuNo=900495 (첨부 전자금융업 등록 및 말소 현황_20260826_게시용.xlsx); 수집일 2026-09-18; 등록업종: PG; 등록일 2019-11-19
fin_eseubiaikoseu_money,에스비아이코스머니,전자금융,에스비아이코스머니,출처: 파인 전자금융업 등록현황 xlsx(2026-08-26) https://fine.fss.or.kr/fine/bbs/B0000392/view.do?nttId=63573&menuNo=900495 (첨부 전자금융업 등록 및 말소 현황_20260826_게시용.xlsx); 수집일 2026-09-18; 등록업종: 선불; 등록일 2025-12-18
fin_eseuemhaipeulreoseu,에스엠하이플러스,전자금융,에스엠하이플러스,출처: 파인 전자금융업 등록현황 xlsx(2026-08-26) https://fine.fss.or.kr/fine/bbs/B0000392/view.do?nttId=63573&menuNo=900495 (첨부 전자금융업 등록 및 말소 현황_20260826_게시용.xlsx); 수집일 2026-09-18; 등록업종: 선불; 등록일 2008-03-20
fin_eseueseuji_payments,에스에스지페이먼츠,전자금융,에스에스지페이먼츠,출처: 파인 전자금융업 등록현황 xlsx(2026-08-26) https://fine.fss.or.kr/fine/bbs/B0000392/view.do?nttId=63573&menuNo=900495 (첨부 전자금융업 등록 및 말소 현황_20260826_게시용.xlsx); 수집일 2026-09-18; 등록업종: 선불/PG; 등록일 2025-07-01
fin_eseukeiilrekringkeu,에스케이일렉링크,전자금융,에스케이일렉링크,출처: 파인 전자금융업 등록현황 xlsx(2026-08-26) https://fine.fss.or.kr/fine/bbs/B0000392/view.do?nttId=63573&menuNo=900495 (첨부 전자금융업 등록 및 말소 현황_20260826_게시용.xlsx); 수집일 2026-09-18; 등록업종: 선불/PG; 등록일 2025-03-14
fin_eseukeipeulraenit,에스케이플래닛,전자금융,에스케이플래닛,출처: 파인 전자금융업 등록현황 xlsx(2026-08-26) https://fine.fss.or.kr/fine/bbs/B0000392/view.do?nttId=63573&menuNo=900495 (첨부 전자금융업 등록 및 말소 현황_20260826_게시용.xlsx); 수집일 2026-09-18; 등록업종: 선불/PG; 등록일 2011-10-01
fin_galaxia,갤럭시아머니트리,전자금융,갤럭시아머니트리|갤럭시아컴즈,출처: 파인 전자금융업 등록현황 xlsx(2026-08-26) https://fine.fss.or.kr/fine/bbs/B0000392/view.do?nttId=63573&menuNo=900495 (첨부 전자금융업 등록 및 말소 현황_20260826_게시용.xlsx); 수집일 2026-09-18; 등록업종: 선불/직불/PG/ESCROW; 등록일 2008-09-25; 기존메모: 2021년 갤럭시아컴즈에서 사명변경
fin_geulrobeol_money_ikseupeureseu,글로벌머니익스프레스,전자금융,글로벌머니익스프레스,출처: 파인 전자금융업 등록현황 xlsx(2026-08-26) https://fine.fss.or.kr/fine/bbs/B0000392/view.do?nttId=63573&menuNo=900495 (첨부 전자금융업 등록 및 말소 현황_20260826_게시용.xlsx); 수집일 2026-09-18; 등록업종: 선불/PG; 등록일 2020-08-18
fin_geulrobeoltekseupeuri,글로벌텍스프리,전자금융,글로벌텍스프리,출처: 파인 전자금융업 등록현황 xlsx(2026-08-26) https://fine.fss.or.kr/fine/bbs/B0000392/view.do?nttId=63573&menuNo=900495 (첨부 전자금융업 등록 및 말소 현황_20260826_게시용.xlsx); 수집일 2026-09-18; 등록업종: PG; 등록일 2022-07-13
fin_geurinjaekit,그린재킷,전자금융,그린재킷,출처: 파인 전자금융업 등록현황 xlsx(2026-08-26) https://fine.fss.or.kr/fine/bbs/B0000392/view.do?nttId=63573&menuNo=900495 (첨부 전자금융업 등록 및 말소 현황_20260826_게시용.xlsx); 수집일 2026-09-18; 등록업종: PG; 등록일 2024-04-29
fin_golpeujon,골프존,전자금융,골프존,출처: 파인 전자금융업 등록현황 xlsx(2026-08-26) https://fine.fss.or.kr/fine/bbs/B0000392/view.do?nttId=63573&menuNo=900495 (첨부 전자금융업 등록 및 말소 현황_20260826_게시용.xlsx); 수집일 2026-09-18; 등록업종: 선불/PG; 등록일 2021-12-15
fin_gugeul_payment_korea,구글페이먼트코리아,전자금융,구글페이먼트코리아,출처: 파인 전자금융업 등록현황 xlsx(2026-08-26) https://fine.fss.or.kr/fine/bbs/B0000392/view.do?nttId=63573&menuNo=900495 (첨부 전자금융업 등록 및 말소 현황_20260826_게시용.xlsx); 수집일 2026-09-18; 등록업종: 선불/PG; 등록일 2015-06-23
fin_hai_pay,하이페이,전자금융,하이페이,출처: 파인 전자금융업 등록현황 xlsx(2026-08-26) https://fine.fss.or.kr/fine/bbs/B0000392/view.do?nttId=63573&menuNo=900495 (첨부 전자금융업 등록 및 말소 현황_20260826_게시용.xlsx); 수집일 2026-09-18; 등록업종: PG; 등록일 2025-04-24
fin_haipeunkopeoreisyeon,하이픈코퍼레이션,전자금융,하이픈코퍼레이션,출처: 파인 전자금융업 등록현황 xlsx(2026-08-26) https://fine.fss.or.kr/fine/bbs/B0000392/view.do?nttId=63573&menuNo=900495 (첨부 전자금융업 등록 및 말소 현황_20260826_게시용.xlsx); 수집일 2026-09-18; 등록업종: 선불/PG; 등록일 2022-11-21
fin_han_pay_siseu,한페이시스,전자금융,한페이시스,출처: 파인 전자금융업 등록현황 xlsx(2026-08-26) https://fine.fss.or.kr/fine/bbs/B0000392/view.do?nttId=63573&menuNo=900495 (첨부 전자금융업 등록 및 말소 현황_20260826_게시용.xlsx); 수집일 2026-09-18; 등록업종: 선불/PG; 등록일 2013-01-17
fin_hangukcheoldogongsa,한국철도공사,전자금융,한국철도공사,출처: 파인 전자금융업 등록현황 xlsx(2026-08-26) https://fine.fss.or.kr/fine/bbs/B0000392/view.do?nttId=63573&menuNo=900495 (첨부 전자금융업 등록 및 말소 현황_20260826_게시용.xlsx); 수집일 2026-09-18; 등록업종: 선불; 등록일 2014-05-02
fin_hangukdorogongsa,한국도로공사,전자금융,한국도로공사,출처: 파인 전자금융업 등록현황 xlsx(2026-08-26) https://fine.fss.or.kr/fine/bbs/B0000392/view.do?nttId=63573&menuNo=900495 (첨부 전자금융업 등록 및 말소 현황_20260826_게시용.xlsx); 수집일 2026-09-18; 등록업종: 선불; 등록일 2025-03-14
fin_hangukganpyeongyeoljejinheungwon,한국간편결제진흥원,전자금융,한국간편결제진흥원,출처: 파인 전자금융업 등록현황 xlsx(2026-08-26) https://fine.fss.or.kr/fine/bbs/B0000392/view.do?nttId=63573&menuNo=900495 (첨부 전자금융업 등록 및 말소 현황_20260826_게시용.xlsx); 수집일 2026-09-18; 등록업종: PG; 등록일 2026-01-30
fin_hangukgyeolje_networks,한국결제네트웍스,전자금융,한국결제네트웍스,출처: 파인 전자금융업 등록현황 xlsx(2026-08-26) https://fine.fss.or.kr/fine/bbs/B0000392/view.do?nttId=63573&menuNo=900495 (첨부 전자금융업 등록 및 말소 현황_20260826_게시용.xlsx); 수집일 2026-09-18; 등록업종: 선불/PG/ESCROW; 등록일 2008-03-19
fin_hangukgyeoljedeiteo,한국결제데이터,전자금융,한국결제데이터,출처: 파인 전자금융업 등록현황 xlsx(2026-08-26) https://fine.fss.or.kr/fine/bbs/B0000392/view.do?nttId=63573&menuNo=900495 (첨부 전자금융업 등록 및 말소 현황_20260826_게시용.xlsx); 수집일 2026-09-18; 등록업종: PG; 등록일 2024-05-24
fin_hangukjeonjayeongsujeung,한국전자영수증,전자금융,한국전자영수증,출처: 파인 전자금융업 등록현황 xlsx(2026-08-26) https://fine.fss.or.kr/fine/bbs/B0000392/view.do?nttId=63573&menuNo=900495 (첨부 전자금융업 등록 및 말소 현황_20260826_게시용.xlsx); 수집일 2026-09-18; 등록업종: PG; 등록일 2021-01-28
fin_hangukjopyegongsa,한국조폐공사,전자금융,한국조폐공사,출처: 파인 전자금융업 등록현황 xlsx(2026-08-26) https://fine.fss.or.kr/fine/bbs/B0000392/view.do?nttId=63573&menuNo=900495 (첨부 전자금융업 등록 및 말소 현황_20260826_게시용.xlsx); 수집일 2026-09-18; 등록업종: 선불; 등록일 2019-07-24
fin_hangukmunhwajinheung,한국문화진흥,전자금융,한국문화진흥,출처: 파인 전자금융업 등록현황 xlsx(2026-08-26) https://fine.fss.or.kr/fine/bbs/B0000392/view.do?nttId=63573&menuNo=900495 (첨부 전자금융업 등록 및 말소 현황_20260826_게시용.xlsx); 수집일 2026-09-18; 등록업종: 선불; 등록일 2021-10-20
fin_hangukseonbulkadeu,한국선불카드,전자금융,한국선불카드,출처: 파인 전자금융업 등록현황 xlsx(2026-08-26) https://fine.fss.or.kr/fine/bbs/B0000392/view.do?nttId=63573&menuNo=900495 (첨부 전자금융업 등록 및 말소 현황_20260826_게시용.xlsx); 수집일 2026-09-18; 등록업종: 선불; 등록일 2020-08-25
fin_hanguksinyongkadeugyeolje,한국신용카드결제,전자금융,한국신용카드결제,출처: 파인 전자금융업 등록현황 xlsx(2026-08-26) https://fine.fss.or.kr/fine/bbs/B0000392/view.do?nttId=63573&menuNo=900495 (첨부 전자금융업 등록 및 말소 현황_20260826_게시용.xlsx); 수집일 2026-09-18; 등록업종: PG/ESCROW; 등록일 2017-01-06
fin_hanpaeseu,한패스,전자금융,한패스,출처: 파인 전자금융업 등록현황 xlsx(2026-08-26) https://fine.fss.or.kr/fine/bbs/B0000392/view.do?nttId=63573&menuNo=900495 (첨부 전자금융업 등록 및 말소 현황_20260826_게시용.xlsx); 수집일 2026-09-18; 등록업종: 선불/PG; 등록일 2020-06-30
fin_harekseuinpotek,하렉스인포텍,전자금융,하렉스인포텍,출처: 파인 전자금융업 등록현황 xlsx(2026-08-26) https://fine.fss.or.kr/fine/bbs/B0000392/view.do?nttId=63573&menuNo=900495 (첨부 전자금융업 등록 및 말소 현황_20260826_게시용.xlsx); 수집일 2026-09-18; 등록업종: 직불/PG/EBPP; 등록일 2011-03-28
fin_hecto,헥토파이낸셜,전자금융,세틀뱅크|헥토파이낸셜,출처: 파인 전자금융업 등록현황 xlsx(2026-08-26) https://fine.fss.or.kr/fine/bbs/B0000392/view.do?nttId=63573&menuNo=900495 (첨부 전자금융업 등록 및 말소 현황_20260826_게시용.xlsx); 수집일 2026-09-18; 등록업종: 선불/직불/PG/ESCROW/EBPP; 등록일 2007-09-18; 기존메모: 2022년 6월 세틀뱅크에서 사명변경
fin_holbik,홀빅,전자금융,,출처: 파인 전자금융업 등록현황 xlsx(2026-08-26) https://fine.fss.or.kr/fine/bbs/B0000392/view.do?nttId=63573&menuNo=900495 (첨부 전자금융업 등록 및 말소 현황_20260826_게시용.xlsx); 수집일 2026-09-18; 등록업종: PG; 등록일 2021-11-30
fin_hyeondaeijiwel,현대이지웰,전자금융,현대이지웰,출처: 파인 전자금융업 등록현황 xlsx(2026-08-26) https://fine.fss.or.kr/fine/bbs/B0000392/view.do?nttId=63573&menuNo=900495 (첨부 전자금융업 등록 및 말소 현황_20260826_게시용.xlsx); 수집일 2026-09-18; 등록업종: 선불; 등록일 2025-03-14
fin_hyoseongepeuemeseu,효성에프엠에스,전자금융,효성에프엠에스,출처: 파인 전자금융업 등록현황 xlsx(2026-08-26) https://fine.fss.or.kr/fine/bbs/B0000392/view.do?nttId=63573&menuNo=900495 (첨부 전자금융업 등록 및 말소 현황_20260826_게시용.xlsx); 수집일 2026-09-18; 등록업종: PG/EBPP; 등록일 2007-06-29
fin_idonguijeulgeoum,이동의즐거움,전자금융,이동의즐거움,출처: 파인 전자금융업 등록현황 xlsx(2026-08-26) https://fine.fss.or.kr/fine/bbs/B0000392/view.do?nttId=63573&menuNo=900495 (첨부 전자금융업 등록 및 말소 현황_20260826_게시용.xlsx); 수집일 2026-09-18; 등록업종: 선불/PG; 등록일 2010-10-29
fin_ijipijwi,이지피쥐,전자금융,이지피쥐,출처: 파인 전자금융업 등록현황 xlsx(2026-08-26) https://fine.fss.or.kr/fine/bbs/B0000392/view.do?nttId=63573&menuNo=900495 (첨부 전자금융업 등록 및 말소 현황_20260826_게시용.xlsx); 수집일 2026-09-18; 등록업종: PG; 등록일 2017-10-27
fin_ijiseuenteopeuraijeu,이지스엔터프라이즈,전자금융,이지스엔터프라이즈,출처: 파인 전자금융업 등록현황 xlsx(2026-08-26) https://fine.fss.or.kr/fine/bbs/B0000392/view.do?nttId=63573&menuNo=900495 (첨부 전자금융업 등록 및 말소 현황_20260826_게시용.xlsx); 수집일 2026-09-18; 등록업종: PG/EBPP; 등록일 2007-05-18
fin_ijisyap,이지샵,전자금융,이지샵,출처: 파인 전자금융업 등록현황 xlsx(2026-08-26) https://fine.fss.or.kr/fine/bbs/B0000392/view.do?nttId=63573&menuNo=900495 (첨부 전자금융업 등록 및 말소 현황_20260826_게시용.xlsx); 수집일 2026-09-18; 등록업종: PG; 등록일 2025-12-18
fin_imyu_pay,iM유페이,전자금융,iM유페이,출처: 파인 전자금융업 등록현황 xlsx(2026-08-26) https://fine.fss.or.kr/fine/bbs/B0000392/view.do?nttId=63573&menuNo=900495 (첨부 전자금융업 등록 및 말소 현황_20260826_게시용.xlsx); 수집일 2026-09-18; 등록업종: 선불/PG; 등록일 2010-07-22
fin_inain_pay,이나인페이,전자금융,이나인페이,출처: 파인 전자금융업 등록현황 xlsx(2026-08-26) https://fine.fss.or.kr/fine/bbs/B0000392/view.do?nttId=63573&menuNo=900495 (첨부 전자금융업 등록 및 말소 현황_20260826_게시용.xlsx); 수집일 2026-09-18; 등록업종: 선불/PG; 등록일 2019-04-18
fin_inkyubeoseu,인큐버스,전자금융,인큐버스,출처: 파인 전자금융업 등록현황 xlsx(2026-08-26) https://fine.fss.or.kr/fine/bbs/B0000392/view.do?nttId=63573&menuNo=900495 (첨부 전자금융업 등록 및 말소 현황_20260826_게시용.xlsx); 수집일 2026-09-18; 등록업종: PG; 등록일 2025-05-14
fin_inobail,이노바일,전자금융,이노바일,출처: 파인 전자금융업 등록현황 xlsx(2026-08-26) https://fine.fss.or.kr/fine/bbs/B0000392/view.do?nttId=63573&menuNo=900495 (첨부 전자금융업 등록 및 말소 현황_20260826_게시용.xlsx); 수집일 2026-09-18; 등록업종: 선불; 등록일 2024-11-29
fin_inpinisopeuteu,인피니소프트,전자금융,인피니소프트,출처: 파인 전자금융업 등록현황 xlsx(2026-08-26) https://fine.fss.or.kr/fine/bbs/B0000392/view.do?nttId=63573&menuNo=900495 (첨부 전자금융업 등록 및 말소 현황_20260826_게시용.xlsx); 수집일 2026-09-18; 등록업종: PG; 등록일 2017-11-06
fin_inseuta_pay,인스타페이,전자금융,인스타페이,출처: 파인 전자금융업 등록현황 xlsx(2026-08-26) https://fine.fss.or.kr/fine/bbs/B0000392/view.do?nttId=63573&menuNo=900495 (첨부 전자금융업 등록 및 말소 현황_20260826_게시용.xlsx); 수집일 2026-09-18; 등록업종: PG; 등록일 2015-07-16
fin_ioseu_payments,이오스페이먼츠,전자금융,이오스페이먼츠,출처: 파인 전자금융업 등록현황 xlsx(2026-08-26) https://fine.fss.or.kr/fine/bbs/B0000392/view.do?nttId=63573&menuNo=900495 (첨부 전자금융업 등록 및 말소 현황_20260826_게시용.xlsx); 수집일 2026-09-18; 등록업종: PG; 등록일 2025-06-27
fin_iromnet,이롬넷,전자금융,이롬넷,출처: 파인 전자금융업 등록현황 xlsx(2026-08-26) https://fine.fss.or.kr/fine/bbs/B0000392/view.do?nttId=63573&menuNo=900495 (첨부 전자금융업 등록 및 말소 현황_20260826_게시용.xlsx); 수집일 2026-09-18; 등록업종: PG; 등록일 2019-07-11
fin_ituyu,이투유,전자금융,이투유,출처: 파인 전자금융업 등록현황 xlsx(2026-08-26) https://fine.fss.or.kr/fine/bbs/B0000392/view.do?nttId=63573&menuNo=900495 (첨부 전자금융업 등록 및 말소 현황_20260826_게시용.xlsx); 수집일 2026-09-18; 등록업종: PG; 등록일 2020-06-19
fin_jaepaenrimiteu_finance,재팬리미트파이낸스,전자금융,재팬리미트파이낸스,출처: 파인 전자금융업 등록현황 xlsx(2026-08-26) https://fine.fss.or.kr/fine/bbs/B0000392/view.do?nttId=63573&menuNo=900495 (첨부 전자금융업 등록 및 말소 현황_20260826_게시용.xlsx); 수집일 2026-09-18; 등록업종: 선불; 등록일 2026-07-09
fin_jeiem_payment,제이엠페이먼트,전자금융,제이엠페이먼트,출처: 파인 전자금융업 등록현황 xlsx(2026-08-26) https://fine.fss.or.kr/fine/bbs/B0000392/view.do?nttId=63573&menuNo=900495 (첨부 전자금융업 등록 및 말소 현황_20260826_게시용.xlsx); 수집일 2026-09-18; 등록업종: PG; 등록일 2025-05-29
fin_jeno_solution,제노솔루션,전자금융,제노솔루션,출처: 파인 전자금융업 등록현황 xlsx(2026-08-26) https://fine.fss.or.kr/fine/bbs/B0000392/view.do?nttId=63573&menuNo=900495 (첨부 전자금융업 등록 및 말소 현황_20260826_게시용.xlsx); 수집일 2026-09-18; 등록업종: PG; 등록일 2025-06-19
fin_jeulgeoun,즐거운,전자금융,즐거운,출처: 파인 전자금융업 등록현황 xlsx(2026-08-26) https://fine.fss.or.kr/fine/bbs/B0000392/view.do?nttId=63573&menuNo=900495 (첨부 전자금융업 등록 및 말소 현황_20260826_게시용.xlsx); 수집일 2026-09-18; 등록업종: 선불; 등록일 2024-12-18
fin_jeulgeoun_payment,즐거운페이먼트,전자금융,즐거운페이먼트,출처: 파인 전자금융업 등록현황 xlsx(2026-08-26) https://fine.fss.or.kr/fine/bbs/B0000392/view.do?nttId=63573&menuNo=900495 (첨부 전자금융업 등록 및 말소 현황_20260826_게시용.xlsx); 수집일 2026-09-18; 등록업종: PG; 등록일 2019-05-10
fin_ji_money_teuraenseu,지머니트랜스,전자금융,지머니트랜스,출처: 파인 전자금융업 등록현황 xlsx(2026-08-26) https://fine.fss.or.kr/fine/bbs/B0000392/view.do?nttId=63573&menuNo=900495 (첨부 전자금융업 등록 및 말소 현황_20260826_게시용.xlsx); 수집일 2026-09-18; 등록업종: 선불; 등록일 2021-01-28
fin_jieleninteonaesyeoneol,지엘엔인터내셔널,전자금융,지엘엔인터내셔널,출처: 파인 전자금융업 등록현황 xlsx(2026-08-26) https://fine.fss.or.kr/fine/bbs/B0000392/view.do?nttId=63573&menuNo=900495 (첨부 전자금융업 등록 및 말소 현황_20260826_게시용.xlsx); 수집일 2026-09-18; 등록업종: 선불/PG; 등록일 2021-11-01
fin_jieseuembijeu,지에스엠비즈,전자금융,지에스엠비즈,출처: 파인 전자금융업 등록현황 xlsx(2026-08-26) https://fine.fss.or.kr/fine/bbs/B0000392/view.do?nttId=63573&menuNo=900495 (첨부 전자금융업 등록 및 말소 현황_20260826_게시용.xlsx); 수집일 2026-09-18; 등록업종: 선불; 등록일 2025-03-14
fin_jieseunetbijeon,지에스넷비전,전자금융,지에스넷비전,출처: 파인 전자금융업 등록현황 xlsx(2026-08-26) https://fine.fss.or.kr/fine/bbs/B0000392/view.do?nttId=63573&menuNo=900495 (첨부 전자금융업 등록 및 말소 현황_20260826_게시용.xlsx); 수집일 2026-09-18; 등록업종: 선불; 등록일 2025-03-14
fin_jik_pay,직페이,전자금융,직페이,출처: 파인 전자금융업 등록현황 xlsx(2026-08-26) https://fine.fss.or.kr/fine/bbs/B0000392/view.do?nttId=63573&menuNo=900495 (첨부 전자금융업 등록 및 말소 현황_20260826_게시용.xlsx); 수집일 2026-09-18; 등록업종: ESCROW; 등록일 2022-10-20
fin_jioemai_n_ssi,지오엠아이앤씨,전자금융,지오엠아이앤씨,출처: 파인 전자금융업 등록현황 xlsx(2026-08-26) https://fine.fss.or.kr/fine/bbs/B0000392/view.do?nttId=63573&menuNo=900495 (첨부 전자금융업 등록 및 말소 현황_20260826_게시용.xlsx); 수집일 2026-09-18; 등록업종: PG; 등록일 2017-04-28
fin_kaechiteibeul_pay,캐치테이블페이,전자금융,캐치테이블페이,출처: 파인 전자금융업 등록현황 xlsx(2026-08-26) https://fine.fss.or.kr/fine/bbs/B0000392/view.do?nttId=63573&menuNo=900495 (첨부 전자금융업 등록 및 말소 현황_20260826_게시용.xlsx); 수집일 2026-09-18; 등록업종: 선불/PG; 등록일 2025-06-27
fin_kakao,카카오,전자금융,카카오,출처: 파인 전자금융업 등록현황 xlsx(2026-08-26) https://fine.fss.or.kr/fine/bbs/B0000392/view.do?nttId=63573&menuNo=900495 (첨부 전자금융업 등록 및 말소 현황_20260826_게시용.xlsx); 수집일 2026-09-18; 등록업종: 선불/PG/ESCROW; 등록일 2007-07-19
fin_kakaomobilriti,카카오모빌리티,전자금융,카카오모빌리티,출처: 파인 전자금융업 등록현황 xlsx(2026-08-26) https://fine.fss.or.kr/fine/bbs/B0000392/view.do?nttId=63573&menuNo=900495 (첨부 전자금융업 등록 및 말소 현황_20260826_게시용.xlsx); 수집일 2026-09-18; 등록업종: 선불/PG; 등록일 2020-06-03
fin_kakaopay,카카오페이,전자금융,카카오페이,출처: 파인 전자금융업 등록현황 xlsx(2026-08-26) https://fine.fss.or.kr/fine/bbs/B0000392/view.do?nttId=63573&menuNo=900495 (첨부 전자금융업 등록 및 말소 현황_20260826_게시용.xlsx); 수집일 2026-09-18; 등록업종: 선불/직불/PG/ESCROW/EBPP; 등록일 2017-04-14
fin_kape24,카페24,전자금융,카페24,출처: 파인 전자금융업 등록현황 xlsx(2026-08-26) https://fine.fss.or.kr/fine/bbs/B0000392/view.do?nttId=63573&menuNo=900495 (첨부 전자금융업 등록 및 말소 현황_20260826_게시용.xlsx); 수집일 2026-09-18; 등록업종: PG; 등록일 2019-05-17
fin_keielnet,케이엘넷,전자금융,케이엘넷,출처: 파인 전자금융업 등록현황 xlsx(2026-08-26) https://fine.fss.or.kr/fine/bbs/B0000392/view.do?nttId=63573&menuNo=900495 (첨부 전자금융업 등록 및 말소 현황_20260826_게시용.xlsx); 수집일 2026-09-18; 등록업종: PG; 등록일 2021-12-27
fin_keieseunet,케이에스넷,전자금융,케이에스넷,출처: 파인 전자금융업 등록현황 xlsx(2026-08-26) https://fine.fss.or.kr/fine/bbs/B0000392/view.do?nttId=63573&menuNo=900495 (첨부 전자금융업 등록 및 말소 현황_20260826_게시용.xlsx); 수집일 2026-09-18; 등록업종: 선불/직불/PG/ESCROW; 등록일 2007-06-19
fin_keiji_fin,케이지파이낸셜,전자금융,케이지파이낸셜,출처: 파인 전자금융업 등록현황 xlsx(2026-08-26) https://fine.fss.or.kr/fine/bbs/B0000392/view.do?nttId=63573&menuNo=900495 (첨부 전자금융업 등록 및 말소 현황_20260826_게시용.xlsx); 수집일 2026-09-18; 등록업종: 선불/직불/PG/ESCROW; 등록일 2007-06-29
fin_keipiekseu,케이피엑스,전자금융,케이피엑스,출처: 파인 전자금융업 등록현황 xlsx(2026-08-26) https://fine.fss.or.kr/fine/bbs/B0000392/view.do?nttId=63573&menuNo=900495 (첨부 전자금융업 등록 및 말소 현황_20260826_게시용.xlsx); 수집일 2026-09-18; 등록업종: PG; 등록일 2019-11-21
fin_keiti,케이티,전자금융,케이티,출처: 파인 전자금융업 등록현황 xlsx(2026-08-26) https://fine.fss.or.kr/fine/bbs/B0000392/view.do?nttId=63573&menuNo=900495 (첨부 전자금융업 등록 및 말소 현황_20260826_게시용.xlsx); 수집일 2026-09-18; 등록업종: 선불; 등록일 2019-08-09
fin_keitialpa,케이티알파,전자금융,케이티알파,출처: 파인 전자금융업 등록현황 xlsx(2026-08-26) https://fine.fss.or.kr/fine/bbs/B0000392/view.do?nttId=63573&menuNo=900495 (첨부 전자금융업 등록 및 말소 현황_20260826_게시용.xlsx); 수집일 2026-09-18; 등록업종: 선불; 등록일 2025-03-14
fin_keiwonpieseu,케이원피에스,전자금융,케이원피에스,출처: 파인 전자금융업 등록현황 xlsx(2026-08-26) https://fine.fss.or.kr/fine/bbs/B0000392/view.do?nttId=63573&menuNo=900495 (첨부 전자금융업 등록 및 말소 현황_20260826_게시용.xlsx); 수집일 2026-09-18; 등록업종: PG; 등록일 2018-01-24
fin_keolri_pay,컬리페이,전자금융,컬리페이,출처: 파인 전자금융업 등록현황 xlsx(2026-08-26) https://fine.fss.or.kr/fine/bbs/B0000392/view.do?nttId=63573&menuNo=900495 (첨부 전자금융업 등록 및 말소 현황_20260826_게시용.xlsx); 수집일 2026-09-18; 등록업종: 선불/PG; 등록일 2020-02-05
fin_keompaek,컴팩,전자금융,,출처: 파인 전자금융업 등록현황 xlsx(2026-08-26) https://fine.fss.or.kr/fine/bbs/B0000392/view.do?nttId=63573&menuNo=900495 (첨부 전자금융업 등록 및 말소 현황_20260826_게시용.xlsx); 수집일 2026-09-18; 등록업종: PG; 등록일 2026-05-22
fin_keonek,커넥,전자금융,,출처: 파인 전자금융업 등록현황 xlsx(2026-08-26) https://fine.fss.or.kr/fine/bbs/B0000392/view.do?nttId=63573&menuNo=900495 (첨부 전자금융업 등록 및 말소 현황_20260826_게시용.xlsx); 수집일 2026-09-18; 등록업종: PG; 등록일 2021-12-30
fin_keuroseubi,크로스비,전자금융,크로스비,출처: 파인 전자금융업 등록현황 xlsx(2026-08-26) https://fine.fss.or.kr/fine/bbs/B0000392/view.do?nttId=63573&menuNo=900495 (첨부 전자금융업 등록 및 말소 현황_20260826_게시용.xlsx); 수집일 2026-09-18; 등록업종: PG; 등록일 2025-09-30
fin_keuroseuienepeu,크로스이엔에프,전자금융,크로스이엔에프,출처: 파인 전자금융업 등록현황 xlsx(2026-08-26) https://fine.fss.or.kr/fine/bbs/B0000392/view.do?nttId=63573&menuNo=900495 (첨부 전자금융업 등록 및 말소 현황_20260826_게시용.xlsx); 수집일 2026-09-18; 등록업종: 선불; 등록일 2026-07-09
fin_kftc,금융결제원,전자금융,금융결제원,출처: 파인 전자금융업 등록현황 xlsx(2026-08-26) https://fine.fss.or.kr/fine/bbs/B0000392/view.do?nttId=63573&menuNo=900495 (첨부 전자금융업 등록 및 말소 현황_20260826_게시용.xlsx); 수집일 2026-09-18; 등록업종: PG/ESCROW; 등록일 2021-12-30
fin_kginicis,KG이니시스,전자금융,KG이니시스|이니시스|케이지이니시스,출처: 파인 전자금융업 등록현황 xlsx(2026-08-26) https://fine.fss.or.kr/fine/bbs/B0000392/view.do?nttId=63573&menuNo=900495 (첨부 전자금융업 등록 및 말소 현황_20260826_게시용.xlsx); 수집일 2026-09-18; 등록업종: 선불/직불/PG/ESCROW; 등록일 2007-06-25
fin_kgmobilians,KG모빌리언스,전자금융,KG모빌리언스|모빌리언스,"출처: 기존 명부; 수집일 2026-09-18; 파인 2026-08-26 전자금융업 등록현황 xlsx에 없음. 2026.3 기준 파인 경영통계에는 ""케이지모빌리언스""로 있음. xlsx에는 ㈜케이지파이낸셜이 있으나 동일회사 여부 미확인 — 병합 전 확인 필요"
fin_kicc,한국정보통신,전자금융,한국정보통신,출처: 파인 전자금융업 등록현황 xlsx(2026-08-26) https://fine.fss.or.kr/fine/bbs/B0000392/view.do?nttId=63573&menuNo=900495 (첨부 전자금융업 등록 및 말소 현황_20260826_게시용.xlsx); 수집일 2026-09-18; 등록업종: 선불/직불/PG/ESCROW; 등록일 2007-06-28
fin_kis,KIS정보통신,전자금융,KIS정보통신|케이아이에스정보통신,출처: 파인 전자금융업 등록현황 xlsx(2026-08-26) https://fine.fss.or.kr/fine/bbs/B0000392/view.do?nttId=63573&menuNo=900495 (첨부 전자금융업 등록 및 말소 현황_20260826_게시용.xlsx); 수집일 2026-09-18; 등록업종: 선불/PG/EBPP; 등록일 2018-06-29
fin_ko_pay,코페이,전자금융,코페이,출처: 파인 전자금융업 등록현황 xlsx(2026-08-26) https://fine.fss.or.kr/fine/bbs/B0000392/view.do?nttId=63573&menuNo=900495 (첨부 전자금융업 등록 및 말소 현황_20260826_게시용.xlsx); 수집일 2026-09-18; 등록업종: PG; 등록일 2019-11-19
fin_kobaen,코밴,전자금융,,출처: 파인 전자금융업 등록현황 xlsx(2026-08-26) https://fine.fss.or.kr/fine/bbs/B0000392/view.do?nttId=63573&menuNo=900495 (첨부 전자금융업 등록 및 말소 현황_20260826_게시용.xlsx); 수집일 2026-09-18; 등록업종: 선불/PG; 등록일 2018-12-07
fin_kodeubeulreokraep,코드블럭랩,전자금융,코드블럭랩,출처: 파인 전자금융업 등록현황 xlsx(2026-08-26) https://fine.fss.or.kr/fine/bbs/B0000392/view.do?nttId=63573&menuNo=900495 (첨부 전자금융업 등록 및 말소 현황_20260826_게시용.xlsx); 수집일 2026-09-18; 등록업종: PG; 등록일 2020-04-09
fin_koem_payments,코엠페이먼츠,전자금융,코엠페이먼츠,출처: 파인 전자금융업 등록현황 xlsx(2026-08-26) https://fine.fss.or.kr/fine/bbs/B0000392/view.do?nttId=63573&menuNo=900495 (첨부 전자금융업 등록 및 말소 현황_20260826_게시용.xlsx); 수집일 2026-09-18; 등록업종: PG; 등록일 2021-04-26
fin_koeo_fin,코어파이낸셜,전자금융,코어파이낸셜,출처: 파인 전자금융업 등록현황 xlsx(2026-08-26) https://fine.fss.or.kr/fine/bbs/B0000392/view.do?nttId=63573&menuNo=900495 (첨부 전자금융업 등록 및 말소 현황_20260826_게시용.xlsx); 수집일 2026-09-18; 등록업종: PG; 등록일 2020-01-21
fin_konaai,코나아이,전자금융,코나아이,출처: 파인 전자금융업 등록현황 xlsx(2026-08-26) https://fine.fss.or.kr/fine/bbs/B0000392/view.do?nttId=63573&menuNo=900495 (첨부 전자금융업 등록 및 말소 현황_20260826_게시용.xlsx); 수집일 2026-09-18; 등록업종: 선불/직불/PG; 등록일 2015-09-22
fin_korea_gyeolje_system,코리아결제시스템,전자금융,코리아결제시스템,출처: 파인 전자금융업 등록현황 xlsx(2026-08-26) https://fine.fss.or.kr/fine/bbs/B0000392/view.do?nttId=63573&menuNo=900495 (첨부 전자금융업 등록 및 말소 현황_20260826_게시용.xlsx); 수집일 2026-09-18; 등록업종: PG; 등록일 2019-08-22
fin_korea_payment_service,코리아페이먼트서비스,전자금융,코리아페이먼트서비스,출처: 파인 전자금융업 등록현황 xlsx(2026-08-26) https://fine.fss.or.kr/fine/bbs/B0000392/view.do?nttId=63573&menuNo=900495 (첨부 전자금융업 등록 및 말소 현황_20260826_게시용.xlsx); 수집일 2026-09-18; 등록업종: PG; 등록일 2018-07-19
fin_koreil_networks,코레일네트웍스,전자금융,코레일네트웍스,출처: 파인 전자금융업 등록현황 xlsx(2026-08-26) https://fine.fss.or.kr/fine/bbs/B0000392/view.do?nttId=63573&menuNo=900495 (첨부 전자금융업 등록 및 말소 현황_20260826_게시용.xlsx); 수집일 2026-09-18; 등록업종: 선불/PG; 등록일 2012-12-07
fin_kukon,쿠콘,전자금융,,출처: 파인 전자금융업 등록현황 xlsx(2026-08-26) https://fine.fss.or.kr/fine/bbs/B0000392/view.do?nttId=63573&menuNo=900495 (첨부 전자금융업 등록 및 말소 현황_20260826_게시용.xlsx); 수집일 2026-09-18; 등록업종: 선불/직불/PG; 등록일 2012-07-27
fin_kupeumaketing,쿠프마케팅,전자금융,쿠프마케팅,출처: 파인 전자금융업 등록현황 xlsx(2026-08-26) https://fine.fss.or.kr/fine/bbs/B0000392/view.do?nttId=63573&menuNo=900495 (첨부 전자금융업 등록 및 말소 현황_20260826_게시용.xlsx); 수집일 2026-09-18; 등록업종: 선불; 등록일 2024-12-09
fin_kyubaeng,큐뱅,전자금융,,출처: 파인 전자금융업 등록현황 xlsx(2026-08-26) https://fine.fss.or.kr/fine/bbs/B0000392/view.do?nttId=63573&menuNo=900495 (첨부 전자금융업 등록 및 말소 현황_20260826_게시용.xlsx); 수집일 2026-09-18; 등록업종: 선불; 등록일 2025-10-30
fin_maibi,마이비,전자금융,마이비,출처: 파인 전자금융업 등록현황 xlsx(2026-08-26) https://fine.fss.or.kr/fine/bbs/B0000392/view.do?nttId=63573&menuNo=900495 (첨부 전자금융업 등록 및 말소 현황_20260826_게시용.xlsx); 수집일 2026-09-18; 등록업종: 선불/PG; 등록일 2007-04-19
fin_meioasiseu,메이오아시스,전자금융,메이오아시스,출처: 파인 전자금융업 등록현황 xlsx(2026-08-26) https://fine.fss.or.kr/fine/bbs/B0000392/view.do?nttId=63573&menuNo=900495 (첨부 전자금융업 등록 및 말소 현황_20260826_게시용.xlsx); 수집일 2026-09-18; 등록업종: 선불/PG/ESCROW; 등록일 2016-09-13
fin_misopaeseu,미소패스,전자금융,미소패스,출처: 파인 전자금융업 등록현황 xlsx(2026-08-26) https://fine.fss.or.kr/fine/bbs/B0000392/view.do?nttId=63573&menuNo=900495 (첨부 전자금융업 등록 및 말소 현황_20260826_게시용.xlsx); 수집일 2026-09-18; 등록업종: PG; 등록일 2024-07-19
fin_moateuri,모아트리,전자금융,모아트리,출처: 파인 전자금융업 등록현황 xlsx(2026-08-26) https://fine.fss.or.kr/fine/bbs/B0000392/view.do?nttId=63573&menuNo=900495 (첨부 전자금융업 등록 및 말소 현황_20260826_게시용.xlsx); 수집일 2026-09-18; 등록업종: PG; 등록일 2021-12-15
fin_moin,모인,전자금융,,출처: 파인 전자금융업 등록현황 xlsx(2026-08-26) https://fine.fss.or.kr/fine/bbs/B0000392/view.do?nttId=63573&menuNo=900495 (첨부 전자금융업 등록 및 말소 현황_20260826_게시용.xlsx); 수집일 2026-09-18; 등록업종: 선불/직불/PG; 등록일 2021-01-26
fin_moseuteupi_n_eseu,모스트피앤에스,전자금융,모스트피앤에스,출처: 파인 전자금융업 등록현황 xlsx(2026-08-26) https://fine.fss.or.kr/fine/bbs/B0000392/view.do?nttId=63573&menuNo=900495 (첨부 전자금융업 등록 및 말소 현황_20260826_게시용.xlsx); 수집일 2026-09-18; 등록업종: PG; 등록일 2024-12-18
fin_musinsa_payments,무신사페이먼츠,전자금융,무신사페이먼츠,출처: 파인 전자금융업 등록현황 xlsx(2026-08-26) https://fine.fss.or.kr/fine/bbs/B0000392/view.do?nttId=63573&menuNo=900495 (첨부 전자금융업 등록 및 말소 현황_20260826_게시용.xlsx); 수집일 2026-09-18; 등록업종: 선불/PG; 등록일 2021-10-20
fin_naiseu_ict,나이스정보통신,전자금융,나이스정보통신,출처: 파인 전자금융업 등록현황 xlsx(2026-08-26) https://fine.fss.or.kr/fine/bbs/B0000392/view.do?nttId=63573&menuNo=900495 (첨부 전자금융업 등록 및 말소 현황_20260826_게시용.xlsx); 수집일 2026-09-18; 등록업종: 선불/직불/PG/ESCROW; 등록일 2007-06-28
fin_naver,네이버파이낸셜,전자금융,네이버파이낸셜,출처: 파인 전자금융업 등록현황 xlsx(2026-08-26) https://fine.fss.or.kr/fine/bbs/B0000392/view.do?nttId=63573&menuNo=900495 (첨부 전자금융업 등록 및 말소 현황_20260826_게시용.xlsx); 수집일 2026-09-18; 등록업종: 선불/직불/PG/ESCROW/EBPP; 등록일 2019-11-01
fin_nhnkcp,NHN KCP,전자금융,NHN KCP|NHNKCP|NHN한국사이버결제|엔에이치엔케이씨피|한국사이버결제,출처: 파인 전자금융업 등록현황 xlsx(2026-08-26) https://fine.fss.or.kr/fine/bbs/B0000392/view.do?nttId=63573&menuNo=900495 (첨부 전자금융업 등록 및 말소 현황_20260826_게시용.xlsx); 수집일 2026-09-18; 등록업종: 선불/PG/ESCROW; 등록일 2007-06-29; 기존메모: 2023년 3월 사명변경
fin_nicepayments,나이스페이먼츠,전자금융,나이스페이먼츠,"출처: 기존 명부; 수집일 2026-09-18; 파인 2026-08-26 전자금융업 등록현황 xlsx에 없음. 파인 게시판에 ""나이스페이먼츠 주식회사 전자금융업 등록 말소 사실 공고""(https://fine.fss.or.kr/fine/bbs/B0000392/view.do?nttId=219254&menuNo=900495) 있음 — 말소 회사로 취급, 과거 거래 조회용으로만 유지"
fin_nijeu_pay,니즈페이,전자금융,니즈페이,출처: 파인 전자금융업 등록현황 xlsx(2026-08-26) https://fine.fss.or.kr/fine/bbs/B0000392/view.do?nttId=63573&menuNo=900495 (첨부 전자금융업 등록 및 말소 현황_20260826_게시용.xlsx); 수집일 2026-09-18; 등록업종: 선불; 등록일 2024-12-18
fin_nolyunibeoseu,놀유니버스,전자금융,놀유니버스,출처: 파인 전자금융업 등록현황 xlsx(2026-08-26) https://fine.fss.or.kr/fine/bbs/B0000392/view.do?nttId=63573&menuNo=900495 (첨부 전자금융업 등록 및 말소 현황_20260826_게시용.xlsx); 수집일 2026-09-18; 등록업종: 선불/PG/ESCROW; 등록일 2022-04-01
fin_okei_invest_partners,오케이인베스트먼트파트너스,전자금융,오케이인베스트먼트파트너스,출처: 파인 전자금융업 등록현황 xlsx(2026-08-26) https://fine.fss.or.kr/fine/bbs/B0000392/view.do?nttId=63573&menuNo=900495 (첨부 전자금융업 등록 및 말소 현황_20260826_게시용.xlsx); 수집일 2026-09-18; 등록업종: 선불; 등록일 2019-09-30
fin_oneuluijip_pay,오늘의집페이,전자금융,오늘의집페이,출처: 파인 전자금융업 등록현황 xlsx(2026-08-26) https://fine.fss.or.kr/fine/bbs/B0000392/view.do?nttId=63573&menuNo=900495 (첨부 전자금융업 등록 및 말소 현황_20260826_게시용.xlsx); 수집일 2026-09-18; 등록업종: 선불/PG; 등록일 2025-05-29
fin_onopeu_korea,온오프코리아,전자금융,온오프코리아,출처: 파인 전자금융업 등록현황 xlsx(2026-08-26) https://fine.fss.or.kr/fine/bbs/B0000392/view.do?nttId=63573&menuNo=900495 (첨부 전자금융업 등록 및 말소 현황_20260826_게시용.xlsx); 수집일 2026-09-18; 등록업종: PG; 등록일 2018-02-05
fin_opeun_asset,오픈에셋,전자금융,오픈에셋,출처: 파인 전자금융업 등록현황 xlsx(2026-08-26) https://fine.fss.or.kr/fine/bbs/B0000392/view.do?nttId=63573&menuNo=900495 (첨부 전자금융업 등록 및 말소 현황_20260826_게시용.xlsx); 수집일 2026-09-18; 등록업종: 선불/PG; 등록일 2024-12-24
fin_optaum_platform,옵타움플랫폼,전자금융,옵타움플랫폼,출처: 파인 전자금융업 등록현황 xlsx(2026-08-26) https://fine.fss.or.kr/fine/bbs/B0000392/view.do?nttId=63573&menuNo=900495 (첨부 전자금융업 등록 및 말소 현황_20260826_게시용.xlsx); 수집일 2026-09-18; 등록업종: PG; 등록일 2019-03-04
fin_orenjiseukweeo,오렌지스퀘어,전자금융,오렌지스퀘어,출처: 파인 전자금융업 등록현황 xlsx(2026-08-26) https://fine.fss.or.kr/fine/bbs/B0000392/view.do?nttId=63573&menuNo=900495 (첨부 전자금융업 등록 및 말소 현황_20260826_게시용.xlsx); 수집일 2026-09-18; 등록업종: 선불; 등록일 2018-01-08
fin_pay_beo,페이버,전자금융,페이버,출처: 파인 전자금융업 등록현황 xlsx(2026-08-26) https://fine.fss.or.kr/fine/bbs/B0000392/view.do?nttId=63573&menuNo=900495 (첨부 전자금융업 등록 및 말소 현황_20260826_게시용.xlsx); 수집일 2026-09-18; 등록업종: PG; 등록일 2025-08-01
fin_pay_beurikseu,페이브릭스,전자금융,페이브릭스,출처: 파인 전자금융업 등록현황 xlsx(2026-08-26) https://fine.fss.or.kr/fine/bbs/B0000392/view.do?nttId=63573&menuNo=900495 (첨부 전자금융업 등록 및 말소 현황_20260826_게시용.xlsx); 수집일 2026-09-18; 등록업종: PG; 등록일 2024-04-25
fin_pay_eop,페이업,전자금융,페이업,출처: 파인 전자금융업 등록현황 xlsx(2026-08-26) https://fine.fss.or.kr/fine/bbs/B0000392/view.do?nttId=63573&menuNo=900495 (첨부 전자금융업 등록 및 말소 현황_20260826_게시용.xlsx); 수집일 2026-09-18; 등록업종: PG; 등록일 2019-08-22
fin_pay_geiteu,페이게이트,전자금융,페이게이트,출처: 파인 전자금융업 등록현황 xlsx(2026-08-26) https://fine.fss.or.kr/fine/bbs/B0000392/view.do?nttId=63573&menuNo=900495 (첨부 전자금융업 등록 및 말소 현황_20260826_게시용.xlsx); 수집일 2026-09-18; 등록업종: PG/ESCROW; 등록일 2007-06-29
fin_pay_heobeu,페이허브,전자금융,페이허브,출처: 파인 전자금융업 등록현황 xlsx(2026-08-26) https://fine.fss.or.kr/fine/bbs/B0000392/view.do?nttId=63573&menuNo=900495 (첨부 전자금융업 등록 및 말소 현황_20260826_게시용.xlsx); 수집일 2026-09-18; 등록업종: PG; 등록일 2020-06-19
fin_pay_jeubuk_n_raipeu,페이즈북앤라이프,전자금융,페이즈북앤라이프,출처: 파인 전자금융업 등록현황 xlsx(2026-08-26) https://fine.fss.or.kr/fine/bbs/B0000392/view.do?nttId=63573&menuNo=900495 (첨부 전자금융업 등록 및 말소 현황_20260826_게시용.xlsx); 수집일 2026-09-18; 등록업종: 선불; 등록일 2024-12-09
fin_pay_jeum,페이즘,전자금융,페이즘,출처: 파인 전자금융업 등록현황 xlsx(2026-08-26) https://fine.fss.or.kr/fine/bbs/B0000392/view.do?nttId=63573&menuNo=900495 (첨부 전자금융업 등록 및 말소 현황_20260826_게시용.xlsx); 수집일 2026-09-18; 등록업종: PG; 등록일 2023-12-21
fin_pay_neseuteu,페이네스트,전자금융,페이네스트,출처: 파인 전자금융업 등록현황 xlsx(2026-08-26) https://fine.fss.or.kr/fine/bbs/B0000392/view.do?nttId=63573&menuNo=900495 (첨부 전자금융업 등록 및 말소 현황_20260826_게시용.xlsx); 수집일 2026-09-18; 등록업종: 선불/PG; 등록일 2022-05-09
fin_pay_peul,페이플,전자금융,페이플,출처: 파인 전자금융업 등록현황 xlsx(2026-08-26) https://fine.fss.or.kr/fine/bbs/B0000392/view.do?nttId=63573&menuNo=900495 (첨부 전자금융업 등록 및 말소 현황_20260826_게시용.xlsx); 수집일 2026-09-18; 등록업종: PG; 등록일 2019-07-29
fin_pay_reteo,페이레터,전자금융,페이레터,출처: 파인 전자금융업 등록현황 xlsx(2026-08-26) https://fine.fss.or.kr/fine/bbs/B0000392/view.do?nttId=63573&menuNo=900495 (첨부 전자금융업 등록 및 말소 현황_20260826_게시용.xlsx); 수집일 2026-09-18; 등록업종: 직불/PG/ESCROW; 등록일 2008-03-18
fin_pay_seuteisyeon,페이스테이션,전자금융,페이스테이션,출처: 파인 전자금융업 등록현황 xlsx(2026-08-26) https://fine.fss.or.kr/fine/bbs/B0000392/view.do?nttId=63573&menuNo=900495 (첨부 전자금융업 등록 및 말소 현황_20260826_게시용.xlsx); 수집일 2026-09-18; 등록업종: PG; 등록일 2017-12-15
fin_pay_seutoeo,페이스토어,전자금융,페이스토어,출처: 파인 전자금융업 등록현황 xlsx(2026-08-26) https://fine.fss.or.kr/fine/bbs/B0000392/view.do?nttId=63573&menuNo=900495 (첨부 전자금융업 등록 및 말소 현황_20260826_게시용.xlsx); 수집일 2026-09-18; 등록업종: PG; 등록일 2024-07-19
fin_pay_seutori,페이스토리,전자금융,페이스토리,출처: 파인 전자금융업 등록현황 xlsx(2026-08-26) https://fine.fss.or.kr/fine/bbs/B0000392/view.do?nttId=63573&menuNo=900495 (첨부 전자금융업 등록 및 말소 현황_20260826_게시용.xlsx); 수집일 2026-09-18; 등록업종: PG; 등록일 2021-08-06
fin_pay_siseu,페이시스,전자금융,페이시스,출처: 파인 전자금융업 등록현황 xlsx(2026-08-26) https://fine.fss.or.kr/fine/bbs/B0000392/view.do?nttId=63573&menuNo=900495 (첨부 전자금융업 등록 및 말소 현황_20260826_게시용.xlsx); 수집일 2026-09-18; 등록업종: 선불/PG; 등록일 2023-07-04
fin_pay_solruseu,페이솔루스,전자금융,페이솔루스,출처: 파인 전자금융업 등록현황 xlsx(2026-08-26) https://fine.fss.or.kr/fine/bbs/B0000392/view.do?nttId=63573&menuNo=900495 (첨부 전자금융업 등록 및 말소 현황_20260826_게시용.xlsx); 수집일 2026-09-18; 등록업종: 선불; 등록일 2011-08-01
fin_pay_taraep,페이타랩,전자금융,페이타랩,출처: 파인 전자금융업 등록현황 xlsx(2026-08-26) https://fine.fss.or.kr/fine/bbs/B0000392/view.do?nttId=63573&menuNo=900495 (첨부 전자금융업 등록 및 말소 현황_20260826_게시용.xlsx); 수집일 2026-09-18; 등록업종: 선불/PG; 등록일 2025-07-17
fin_pay_wochi_korea,페이워치코리아,전자금융,페이워치코리아,출처: 파인 전자금융업 등록현황 xlsx(2026-08-26) https://fine.fss.or.kr/fine/bbs/B0000392/view.do?nttId=63573&menuNo=900495 (첨부 전자금융업 등록 및 말소 현황_20260826_게시용.xlsx); 수집일 2026-09-18; 등록업종: 선불/ESCROW; 등록일 2022-11-02
fin_payco,NHN페이코,전자금융,NHN페이코|엔에이치엔페이코|페이코,출처: 파인 전자금융업 등록현황 xlsx(2026-08-26) https://fine.fss.or.kr/fine/bbs/B0000392/view.do?nttId=63573&menuNo=900495 (첨부 전자금융업 등록 및 말소 현황_20260826_게시용.xlsx); 수집일 2026-09-18; 등록업종: 선불/직불/PG/ESCROW/EBPP; 등록일 2017-04-11
fin_pinggeo,핑거,전자금융,,출처: 파인 전자금융업 등록현황 xlsx(2026-08-26) https://fine.fss.or.kr/fine/bbs/B0000392/view.do?nttId=63573&menuNo=900495 (첨부 전자금융업 등록 및 말소 현황_20260826_게시용.xlsx); 수집일 2026-09-18; 등록업종: PG; 등록일 2017-03-24
fin_pinkeu,핀크,전자금융,,출처: 파인 전자금융업 등록현황 xlsx(2026-08-26) https://fine.fss.or.kr/fine/bbs/B0000392/view.do?nttId=63573&menuNo=900495 (첨부 전자금융업 등록 및 말소 현황_20260826_게시용.xlsx); 수집일 2026-09-18; 등록업종: 선불; 등록일 2017-05-17
fin_pinsyat,핀샷,전자금융,,출처: 파인 전자금융업 등록현황 xlsx(2026-08-26) https://fine.fss.or.kr/fine/bbs/B0000392/view.do?nttId=63573&menuNo=900495 (첨부 전자금융업 등록 및 말소 현황_20260826_게시용.xlsx); 수집일 2026-09-18; 등록업종: 선불/PG; 등록일 2019-09-05
fin_pinteuriniti,핀트리니티,전자금융,핀트리니티,출처: 파인 전자금융업 등록현황 xlsx(2026-08-26) https://fine.fss.or.kr/fine/bbs/B0000392/view.do?nttId=63573&menuNo=900495 (첨부 전자금융업 등록 및 말소 현황_20260826_게시용.xlsx); 수집일 2026-09-18; 등록업종: PG; 등록일 2023-11-13
fin_poriseujiepeueseu_korea_rimitideu,포리스지에프에스코리아리미티드,전자금융,포리스지에프에스코리아리미티드,출처: 파인 전자금융업 등록현황 xlsx(2026-08-26) https://fine.fss.or.kr/fine/bbs/B0000392/view.do?nttId=63573&menuNo=900495 (첨부 전자금융업 등록 및 말소 현황_20260826_게시용.xlsx); 수집일 2026-09-18; 등록업종: 선불/PG; 등록일 2019-06-26
fin_poteuwon_solution_seu,포트원솔루션스,전자금융,포트원솔루션스,출처: 파인 전자금융업 등록현황 xlsx(2026-08-26) https://fine.fss.or.kr/fine/bbs/B0000392/view.do?nttId=63573&menuNo=900495 (첨부 전자금융업 등록 및 말소 현황_20260826_게시용.xlsx); 수집일 2026-09-18; 등록업종: 선불/직불/PG; 등록일 2019-04-08
fin_remon_payments,레몬페이먼츠,전자금융,레몬페이먼츠,출처: 파인 전자금융업 등록현황 xlsx(2026-08-26) https://fine.fss.or.kr/fine/bbs/B0000392/view.do?nttId=63573&menuNo=900495 (첨부 전자금융업 등록 및 말소 현황_20260826_게시용.xlsx); 수집일 2026-09-18; 등록업종: 선불/PG; 등록일 2023-06-21
fin_remonteuri,레몬트리,전자금융,레몬트리,출처: 파인 전자금융업 등록현황 xlsx(2026-08-26) https://fine.fss.or.kr/fine/bbs/B0000392/view.do?nttId=63573&menuNo=900495 (첨부 전자금융업 등록 및 말소 현황_20260826_게시용.xlsx); 수집일 2026-09-18; 등록업종: 선불; 등록일 2022-12-05
fin_ringkeu_payment,링크페이먼트,전자금융,링크페이먼트,출처: 파인 전자금융업 등록현황 xlsx(2026-08-26) https://fine.fss.or.kr/fine/bbs/B0000392/view.do?nttId=63573&menuNo=900495 (첨부 전자금융업 등록 및 말소 현황_20260826_게시용.xlsx); 수집일 2026-09-18; 등록업종: PG; 등록일 2023-06-15
fin_rodeu_system,로드시스템,전자금융,로드시스템,출처: 파인 전자금융업 등록현황 xlsx(2026-08-26) https://fine.fss.or.kr/fine/bbs/B0000392/view.do?nttId=63573&menuNo=900495 (첨부 전자금융업 등록 및 말소 현황_20260826_게시용.xlsx); 수집일 2026-09-18; 등록업종: 선불/PG; 등록일 2018-10-05
fin_rotdemembeoseu,롯데멤버스,전자금융,롯데멤버스,출처: 파인 전자금융업 등록현황 xlsx(2026-08-26) https://fine.fss.or.kr/fine/bbs/B0000392/view.do?nttId=63573&menuNo=900495 (첨부 전자금융업 등록 및 말소 현황_20260826_게시용.xlsx); 수집일 2026-09-18; 등록업종: 선불/직불/PG/ESCROW; 등록일 2015-05-22
fin_rotdesyoping,롯데쇼핑,전자금융,롯데쇼핑,출처: 파인 전자금융업 등록현황 xlsx(2026-08-26) https://fine.fss.or.kr/fine/bbs/B0000392/view.do?nttId=63573&menuNo=900495 (첨부 전자금융업 등록 및 말소 현황_20260826_게시용.xlsx); 수집일 2026-09-18; 등록업종: PG/ESCROW; 등록일 2020-12-31
fin_rumen_payments,루멘페이먼츠,전자금융,루멘페이먼츠,출처: 파인 전자금융업 등록현황 xlsx(2026-08-26) https://fine.fss.or.kr/fine/bbs/B0000392/view.do?nttId=63573&menuNo=900495 (첨부 전자금융업 등록 및 말소 현황_20260826_게시용.xlsx); 수집일 2026-09-18; 등록업종: PG; 등록일 2021-05-10
fin_rusi_payments,루시페이먼츠,전자금융,루시페이먼츠,출처: 파인 전자금융업 등록현황 xlsx(2026-08-26) https://fine.fss.or.kr/fine/bbs/B0000392/view.do?nttId=63573&menuNo=900495 (첨부 전자금융업 등록 및 말소 현황_20260826_게시용.xlsx); 수집일 2026-09-18; 등록업종: PG; 등록일 2020-11-02
fin_sairekseu_pay,사이렉스페이,전자금융,사이렉스페이,출처: 파인 전자금융업 등록현황 xlsx(2026-08-26) https://fine.fss.or.kr/fine/bbs/B0000392/view.do?nttId=63573&menuNo=900495 (첨부 전자금융업 등록 및 말소 현황_20260826_게시용.xlsx); 수집일 2026-09-18; 등록업종: PG; 등록일 2016-02-04
fin_sektanain,섹타나인,전자금융,섹타나인,출처: 파인 전자금융업 등록현황 xlsx(2026-08-26) https://fine.fss.or.kr/fine/bbs/B0000392/view.do?nttId=63573&menuNo=900495 (첨부 전자금융업 등록 및 말소 현황_20260826_게시용.xlsx); 수집일 2026-09-18; 등록업종: 선불/PG/ESCROW; 등록일 2018-06-29
fin_sendeu_pay,센드페이,전자금융,센드페이,출처: 파인 전자금융업 등록현황 xlsx(2026-08-26) https://fine.fss.or.kr/fine/bbs/B0000392/view.do?nttId=63573&menuNo=900495 (첨부 전자금융업 등록 및 말소 현황_20260826_게시용.xlsx); 수집일 2026-09-18; 등록업종: 선불; 등록일 2019-07-29
fin_senteubi,센트비,전자금융,센트비,출처: 파인 전자금융업 등록현황 xlsx(2026-08-26) https://fine.fss.or.kr/fine/bbs/B0000392/view.do?nttId=63573&menuNo=900495 (첨부 전자금융업 등록 및 말소 현황_20260826_게시용.xlsx); 수집일 2026-09-18; 등록업종: 선불/PG; 등록일 2019-12-30
fin_seumail_payments,스마일페이먼츠,전자금융,스마일페이먼츠,출처: 파인 전자금융업 등록현황 xlsx(2026-08-26) https://fine.fss.or.kr/fine/bbs/B0000392/view.do?nttId=63573&menuNo=900495 (첨부 전자금융업 등록 및 말소 현황_20260826_게시용.xlsx); 수집일 2026-09-18; 등록업종: 선불/PG; 등록일 2025-11-01
fin_seupin,스핀,전자금융,,출처: 파인 전자금융업 등록현황 xlsx(2026-08-26) https://fine.fss.or.kr/fine/bbs/B0000392/view.do?nttId=63573&menuNo=900495 (첨부 전자금융업 등록 및 말소 현황_20260826_게시용.xlsx); 수집일 2026-09-18; 등록업종: PG; 등록일 2026-05-22
fin_seupun,스푼,전자금융,,출처: 파인 전자금융업 등록현황 xlsx(2026-08-26) https://fine.fss.or.kr/fine/bbs/B0000392/view.do?nttId=63573&menuNo=900495 (첨부 전자금융업 등록 및 말소 현황_20260826_게시용.xlsx); 수집일 2026-09-18; 등록업종: 선불; 등록일 2025-01-03
fin_seutaendadeu_networks,스탠다드네트웍스,전자금융,스탠다드네트웍스,출처: 파인 전자금융업 등록현황 xlsx(2026-08-26) https://fine.fss.or.kr/fine/bbs/B0000392/view.do?nttId=63573&menuNo=900495 (첨부 전자금융업 등록 및 말소 현황_20260826_게시용.xlsx); 수집일 2026-09-18; 등록업종: PG; 등록일 2010-08-19
fin_seutobeu_pay,스토브페이,전자금융,스토브페이,출처: 파인 전자금융업 등록현황 xlsx(2026-08-26) https://fine.fss.or.kr/fine/bbs/B0000392/view.do?nttId=63573&menuNo=900495 (첨부 전자금융업 등록 및 말소 현황_20260826_게시용.xlsx); 수집일 2026-09-18; 등록업종: 선불/PG; 등록일 2025-03-14
fin_seutori_ict,스토리정보통신,전자금융,스토리정보통신,출처: 파인 전자금융업 등록현황 xlsx(2026-08-26) https://fine.fss.or.kr/fine/bbs/B0000392/view.do?nttId=63573&menuNo=900495 (첨부 전자금융업 등록 및 말소 현황_20260826_게시용.xlsx); 수집일 2026-09-18; 등록업종: PG; 등록일 2018-12-10
fin_seutyudiossieseu,스튜디오씨에스,전자금융,스튜디오씨에스,출처: 파인 전자금융업 등록현황 xlsx(2026-08-26) https://fine.fss.or.kr/fine/bbs/B0000392/view.do?nttId=63573&menuNo=900495 (첨부 전자금융업 등록 및 말소 현황_20260826_게시용.xlsx); 수집일 2026-09-18; 등록업종: PG; 등록일 2024-12-27
fin_sipilbeonga,십일번가,전자금융,십일번가,출처: 파인 전자금융업 등록현황 xlsx(2026-08-26) https://fine.fss.or.kr/fine/bbs/B0000392/view.do?nttId=63573&menuNo=900495 (첨부 전자금융업 등록 및 말소 현황_20260826_게시용.xlsx); 수집일 2026-09-18; 등록업종: 선불/PG/ESCROW; 등록일 2018-09-10
fin_sirujeongbo,시루정보,전자금융,시루정보,출처: 파인 전자금융업 등록현황 xlsx(2026-08-26) https://fine.fss.or.kr/fine/bbs/B0000392/view.do?nttId=63573&menuNo=900495 (첨부 전자금융업 등록 및 말소 현황_20260826_게시용.xlsx); 수집일 2026-09-18; 등록업종: PG; 등록일 2019-05-20
fin_smartro,스마트로,전자금융,스마트로,출처: 파인 전자금융업 등록현황 xlsx(2026-08-26) https://fine.fss.or.kr/fine/bbs/B0000392/view.do?nttId=63573&menuNo=900495 (첨부 전자금융업 등록 및 말소 현황_20260826_게시용.xlsx); 수집일 2026-09-18; 등록업종: 선불/직불/PG/ESCROW/EBPP; 등록일 2011-09-30
fin_sopeuteumeonteu,소프트먼트,전자금융,소프트먼트,출처: 파인 전자금융업 등록현황 xlsx(2026-08-26) https://fine.fss.or.kr/fine/bbs/B0000392/view.do?nttId=63573&menuNo=900495 (첨부 전자금융업 등록 및 말소 현황_20260826_게시용.xlsx); 수집일 2026-09-18; 등록업종: PG; 등록일 2024-12-24
fin_ssideu_fin,씨드파이낸셜,전자금융,씨드파이낸셜,출처: 파인 전자금융업 등록현황 xlsx(2026-08-26) https://fine.fss.or.kr/fine/bbs/B0000392/view.do?nttId=63573&menuNo=900495 (첨부 전자금융업 등록 및 말소 현황_20260826_게시용.xlsx); 수집일 2026-09-18; 등록업종: 선불/PG; 등록일 2022-12-26
fin_ssieseu_fin,씨에스파이낸셜,전자금융,씨에스파이낸셜,출처: 파인 전자금융업 등록현황 xlsx(2026-08-26) https://fine.fss.or.kr/fine/bbs/B0000392/view.do?nttId=63573&menuNo=900495 (첨부 전자금융업 등록 및 말소 현황_20260826_게시용.xlsx); 수집일 2026-09-18; 등록업종: PG; 등록일 2023-09-14
fin_ssijeiolribeu_networks,씨제이올리브네트웍스,전자금융,씨제이올리브네트웍스,출처: 파인 전자금융업 등록현황 xlsx(2026-08-26) https://fine.fss.or.kr/fine/bbs/B0000392/view.do?nttId=63573&menuNo=900495 (첨부 전자금융업 등록 및 말소 현황_20260826_게시용.xlsx); 수집일 2026-09-18; 등록업종: 선불/PG; 등록일 2007-06-29
fin_ssiraendeu,씨랜드,전자금융,씨랜드,출처: 파인 전자금융업 등록현황 xlsx(2026-08-26) https://fine.fss.or.kr/fine/bbs/B0000392/view.do?nttId=63573&menuNo=900495 (첨부 전자금융업 등록 및 말소 현황_20260826_게시용.xlsx); 수집일 2026-09-18; 등록업종: PG; 등록일 2020-06-25
fin_tara_finance,타라파이낸스,전자금융,타라파이낸스,출처: 파인 전자금융업 등록현황 xlsx(2026-08-26) https://fine.fss.or.kr/fine/bbs/B0000392/view.do?nttId=63573&menuNo=900495 (첨부 전자금융업 등록 및 말소 현황_20260826_게시용.xlsx); 수집일 2026-09-18; 등록업종: PG; 등록일 2025-06-19
fin_teuraebeulpateuneoikseucheinji_korea,트래블파트너익스체인지코리아,전자금융,트래블파트너익스체인지코리아,출처: 파인 전자금융업 등록현황 xlsx(2026-08-26) https://fine.fss.or.kr/fine/bbs/B0000392/view.do?nttId=63573&menuNo=900495 (첨부 전자금융업 등록 및 말소 현황_20260826_게시용.xlsx); 수집일 2026-09-18; 등록업종: PG; 등록일 2019-06-13
fin_teuraebeulwolret,트래블월렛,전자금융,트래블월렛,출처: 파인 전자금융업 등록현황 xlsx(2026-08-26) https://fine.fss.or.kr/fine/bbs/B0000392/view.do?nttId=63573&menuNo=900495 (첨부 전자금융업 등록 및 말소 현황_20260826_게시용.xlsx); 수집일 2026-09-18; 등록업종: 선불/직불/PG; 등록일 2020-01-03
fin_ti_money,티머니,전자금융,티머니,출처: 파인 전자금융업 등록현황 xlsx(2026-08-26) https://fine.fss.or.kr/fine/bbs/B0000392/view.do?nttId=63573&menuNo=900495 (첨부 전자금융업 등록 및 말소 현황_20260826_게시용.xlsx); 수집일 2026-09-18; 등록업종: 선불/PG; 등록일 2007-06-20
fin_ti_money_mobilriti,티머니모빌리티,전자금융,티머니모빌리티,출처: 파인 전자금융업 등록현황 xlsx(2026-08-26) https://fine.fss.or.kr/fine/bbs/B0000392/view.do?nttId=63573&menuNo=900495 (첨부 전자금융업 등록 및 말소 현황_20260826_게시용.xlsx); 수집일 2026-09-18; 등록업종: 선불/PG/EBPP; 등록일 2025-04-01
fin_tiepeuji,티에프지,전자금융,티에프지,출처: 파인 전자금융업 등록현황 xlsx(2026-08-26) https://fine.fss.or.kr/fine/bbs/B0000392/view.do?nttId=63573&menuNo=900495 (첨부 전자금융업 등록 및 말소 현황_20260826_게시용.xlsx); 수집일 2026-09-18; 등록업종: PG; 등록일 2025-12-18
fin_timonet,티모넷,전자금융,티모넷,출처: 파인 전자금융업 등록현황 xlsx(2026-08-26) https://fine.fss.or.kr/fine/bbs/B0000392/view.do?nttId=63573&menuNo=900495 (첨부 전자금융업 등록 및 말소 현황_20260826_게시용.xlsx); 수집일 2026-09-18; 등록업종: PG; 등록일 2008-12-26
fin_tisaieontipik,티사이언티픽,전자금융,티사이언티픽,출처: 파인 전자금융업 등록현황 xlsx(2026-08-26) https://fine.fss.or.kr/fine/bbs/B0000392/view.do?nttId=63573&menuNo=900495 (첨부 전자금융업 등록 및 말소 현황_20260826_게시용.xlsx); 수집일 2026-09-18; 등록업종: 선불; 등록일 2025-03-14
fin_tomato_pay,토마토페이,전자금융,토마토페이,출처: 파인 전자금융업 등록현황 xlsx(2026-08-26) https://fine.fss.or.kr/fine/bbs/B0000392/view.do?nttId=63573&menuNo=900495 (첨부 전자금융업 등록 및 말소 현황_20260826_게시용.xlsx); 수집일 2026-09-18; 등록업종: PG; 등록일 2015-05-04
fin_toss,비바리퍼블리카,전자금융,비바리퍼블리카,출처: 파인 전자금융업 등록현황 xlsx(2026-08-26) https://fine.fss.or.kr/fine/bbs/B0000392/view.do?nttId=63573&menuNo=900495 (첨부 전자금융업 등록 및 말소 현황_20260826_게시용.xlsx); 수집일 2026-09-18; 등록업종: 선불/직불/PG/ESCROW/EBPP; 등록일 2015-01-07; 기존메모: 토스 브랜드 운영사
fin_tosspayments,토스페이먼츠,전자금융,토스페이먼츠,출처: 파인 전자금융업 등록현황 xlsx(2026-08-26) https://fine.fss.or.kr/fine/bbs/B0000392/view.do?nttId=63573&menuNo=900495 (첨부 전자금융업 등록 및 말소 현황_20260826_게시용.xlsx); 수집일 2026-09-18; 등록업종: 직불/PG/ESCROW; 등록일 2020-08-03
fin_uahanhyeongjedeul,우아한형제들,전자금융,우아한형제들,출처: 파인 전자금융업 등록현황 xlsx(2026-08-26) https://fine.fss.or.kr/fine/bbs/B0000392/view.do?nttId=63573&menuNo=900495 (첨부 전자금융업 등록 및 말소 현황_20260826_게시용.xlsx); 수집일 2026-09-18; 등록업종: 선불/PG; 등록일 2016-04-19
fin_waieobaalri,와이어바알리,전자금융,와이어바알리,출처: 파인 전자금융업 등록현황 xlsx(2026-08-26) https://fine.fss.or.kr/fine/bbs/B0000392/view.do?nttId=63573&menuNo=900495 (첨부 전자금융업 등록 및 말소 현황_20260826_게시용.xlsx); 수집일 2026-09-18; 등록업종: 선불/PG; 등록일 2021-04-16
fin_waijeukeeo,와이즈케어,전자금융,와이즈케어,출처: 파인 전자금융업 등록현황 xlsx(2026-08-26) https://fine.fss.or.kr/fine/bbs/B0000392/view.do?nttId=63573&menuNo=900495 (첨부 전자금융업 등록 및 말소 현황_20260826_게시용.xlsx); 수집일 2026-09-18; 등록업종: PG; 등록일 2015-07-30
fin_weieop,웨이업,전자금융,웨이업,출처: 파인 전자금융업 등록현황 xlsx(2026-08-26) https://fine.fss.or.kr/fine/bbs/B0000392/view.do?nttId=63573&menuNo=900495 (첨부 전자금융업 등록 및 말소 현황_20260826_게시용.xlsx); 수집일 2026-09-18; 등록업종: PG; 등록일 2023-03-15
fin_welkeom_payments,웰컴페이먼츠,전자금융,웰컴페이먼츠,출처: 파인 전자금융업 등록현황 xlsx(2026-08-26) https://fine.fss.or.kr/fine/bbs/B0000392/view.do?nttId=63573&menuNo=900495 (첨부 전자금융업 등록 및 말소 현황_20260826_게시용.xlsx); 수집일 2026-09-18; 등록업종: 선불/PG/ESCROW/EBPP; 등록일 2017-10-27
fin_widaehansangsang,위대한상상,전자금융,위대한상상,출처: 파인 전자금융업 등록현황 xlsx(2026-08-26) https://fine.fss.or.kr/fine/bbs/B0000392/view.do?nttId=63573&menuNo=900495 (첨부 전자금융업 등록 및 말소 현황_20260826_게시용.xlsx); 수집일 2026-09-18; 등록업종: 선불/PG; 등록일 2019-08-13
fin_wijion,위지온,전자금융,위지온,출처: 파인 전자금융업 등록현황 xlsx(2026-08-26) https://fine.fss.or.kr/fine/bbs/B0000392/view.do?nttId=63573&menuNo=900495 (첨부 전자금융업 등록 및 말소 현황_20260826_게시용.xlsx); 수집일 2026-09-18; 등록업종: PG/ESCROW; 등록일 2025-04-30
fin_wimepeu,위메프,전자금융,위메프,출처: 파인 전자금융업 등록현황 xlsx(2026-08-26) https://fine.fss.or.kr/fine/bbs/B0000392/view.do?nttId=63573&menuNo=900495 (첨부 전자금융업 등록 및 말소 현황_20260826_게시용.xlsx); 수집일 2026-09-18; 등록업종: PG; 등록일 2019-04-04
fin_wingeulrobeol_pay,윈글로벌페이,전자금융,윈글로벌페이,출처: 파인 전자금융업 등록현황 xlsx(2026-08-26) https://fine.fss.or.kr/fine/bbs/B0000392/view.do?nttId=63573&menuNo=900495 (첨부 전자금융업 등록 및 말소 현황_20260826_게시용.xlsx); 수집일 2026-09-18; 등록업종: PG; 등록일 2017-02-02
fin_winkyubeumaketing,윈큐브마케팅,전자금융,윈큐브마케팅,출처: 파인 전자금융업 등록현황 xlsx(2026-08-26) https://fine.fss.or.kr/fine/bbs/B0000392/view.do?nttId=63573&menuNo=900495 (첨부 전자금융업 등록 및 말소 현황_20260826_게시용.xlsx); 수집일 2026-09-18; 등록업종: 선불/PG; 등록일 2025-03-14
fin_wiruteu_fin,위루트파이낸셜,전자금융,위루트파이낸셜,출처: 파인 전자금융업 등록현황 xlsx(2026-08-26) https://fine.fss.or.kr/fine/bbs/B0000392/view.do?nttId=63573&menuNo=900495 (첨부 전자금융업 등록 및 말소 현황_20260826_게시용.xlsx); 수집일 2026-09-18; 등록업종: PG; 등록일 2021-09-30
fin_woneo_payments,워너페이먼츠,전자금융,워너페이먼츠,출처: 파인 전자금융업 등록현황 xlsx(2026-08-26) https://fine.fss.or.kr/fine/bbs/B0000392/view.do?nttId=63573&menuNo=900495 (첨부 전자금융업 등록 및 말소 현황_20260826_게시용.xlsx); 수집일 2026-09-18; 등록업종: PG; 등록일 2020-12-22
fin_wonnet,원넷,전자금융,,출처: 파인 전자금융업 등록현황 xlsx(2026-08-26) https://fine.fss.or.kr/fine/bbs/B0000392/view.do?nttId=63573&menuNo=900495 (첨부 전자금융업 등록 및 말소 현황_20260826_게시용.xlsx); 수집일 2026-09-18; 등록업종: PG; 등록일 2016-04-07
fin_wonseong_payments,원성페이먼츠,전자금융,원성페이먼츠,출처: 파인 전자금융업 등록현황 xlsx(2026-08-26) https://fine.fss.or.kr/fine/bbs/B0000392/view.do?nttId=63573&menuNo=900495 (첨부 전자금융업 등록 및 말소 현황_20260826_게시용.xlsx); 수집일 2026-09-18; 등록업종: PG; 등록일 2024-02-19
fin_wonseutoeo,원스토어,전자금융,원스토어,출처: 파인 전자금융업 등록현황 xlsx(2026-08-26) https://fine.fss.or.kr/fine/bbs/B0000392/view.do?nttId=63573&menuNo=900495 (첨부 전자금융업 등록 및 말소 현황_20260826_게시용.xlsx); 수집일 2026-09-18; 등록업종: 선불/PG; 등록일 2016-03-02
fin_yu_fintech_heobeu,유핀테크허브,전자금융,유핀테크허브,출처: 파인 전자금융업 등록현황 xlsx(2026-08-26) https://fine.fss.or.kr/fine/bbs/B0000392/view.do?nttId=63573&menuNo=900495 (첨부 전자금융업 등록 및 말소 현황_20260826_게시용.xlsx); 수집일 2026-09-18; 등록업종: 선불/PG/ESCROW; 등록일 2020-12-21
fin_yudiaidi,유디아이디,전자금융,유디아이디,출처: 파인 전자금융업 등록현황 xlsx(2026-08-26) https://fine.fss.or.kr/fine/bbs/B0000392/view.do?nttId=63573&menuNo=900495 (첨부 전자금융업 등록 및 말소 현황_20260826_게시용.xlsx); 수집일 2026-09-18; 등록업종: PG/ESCROW; 등록일 2016-04-25
fin_yuniwil,유니윌,전자금융,유니윌,출처: 파인 전자금융업 등록현황 xlsx(2026-08-26) https://fine.fss.or.kr/fine/bbs/B0000392/view.do?nttId=63573&menuNo=900495 (첨부 전자금융업 등록 및 말소 현황_20260826_게시용.xlsx); 수집일 2026-09-18; 등록업종: PG/ESCROW; 등록일 2015-04-08
p2p_aepsolbeuteureoseuteu,앱솔브트러스트,온라인투자연계,앱솔브트러스트,출처: 파인(온라인투자연계금융업자) https://fine.fss.or.kr/fine/fncco/systemFncCo/list.do?menuNo=900038&searchTyin=온라인투자연계금융업자; 수집일 2026-09-18
p2p_benepitsosyeol,베네핏소셜,온라인투자연계,베네핏소셜,출처: 파인(온라인투자연계금융업자) https://fine.fss.or.kr/fine/fncco/systemFncCo/list.do?menuNo=900038&searchTyin=온라인투자연계금융업자; 수집일 2026-09-18
p2p_beui_fintech,브이핀테크,온라인투자연계,브이핀테크,출처: 파인(온라인투자연계금융업자) https://fine.fss.or.kr/fine/fncco/systemFncCo/list.do?menuNo=900038&searchTyin=온라인투자연계금융업자; 수집일 2026-09-18
p2p_bipeulreoseu,비플러스,온라인투자연계,비플러스,출처: 파인(온라인투자연계금융업자) https://fine.fss.or.kr/fine/fncco/systemFncCo/list.do?menuNo=900038&searchTyin=온라인투자연계금융업자; 수집일 2026-09-18
p2p_daon_fintech,다온핀테크,온라인투자연계,다온핀테크,출처: 파인(온라인투자연계금융업자) https://fine.fss.or.kr/fine/fncco/systemFncCo/list.do?menuNo=900038&searchTyin=온라인투자연계금융업자; 수집일 2026-09-18
p2p_deilri_funding,데일리펀딩,온라인투자연계,데일리펀딩,출처: 파인(온라인투자연계금융업자) https://fine.fss.or.kr/fine/fncco/systemFncCo/list.do?menuNo=900038&searchTyin=온라인투자연계금융업자; 수집일 2026-09-18
p2p_di_asset_fintech,디에셋핀테크,온라인투자연계,디에셋핀테크,출처: 파인(온라인투자연계금융업자) https://fine.fss.or.kr/fine/fncco/systemFncCo/list.do?menuNo=900038&searchTyin=온라인투자연계금융업자; 수집일 2026-09-18
p2p_eipi_funding,에이피펀딩,온라인투자연계,에이피펀딩,출처: 파인(온라인투자연계금융업자) https://fine.fss.or.kr/fine/fncco/systemFncCo/list.do?menuNo=900038&searchTyin=온라인투자연계금융업자; 수집일 2026-09-18
p2p_eiseu_funding,에이스펀딩,온라인투자연계,에이스펀딩,출처: 파인(온라인투자연계금융업자) https://fine.fss.or.kr/fine/fncco/systemFncCo/list.do?menuNo=900038&searchTyin=온라인투자연계금융업자; 수집일 2026-09-18
p2p_eitpeosenteu,에잇퍼센트,온라인투자연계,에잇퍼센트,출처: 파인(온라인투자연계금융업자) https://fine.fss.or.kr/fine/fncco/systemFncCo/list.do?menuNo=900038&searchTyin=온라인투자연계금융업자; 수집일 2026-09-18
p2p_eoniseuteueiai,어니스트에이아이,온라인투자연계,어니스트에이아이,출처: 파인(온라인투자연계금융업자) https://fine.fss.or.kr/fine/fncco/systemFncCo/list.do?menuNo=900038&searchTyin=온라인투자연계금융업자; 수집일 2026-09-18
p2p_epeuem_funding,에프엠펀딩,온라인투자연계,에프엠펀딩,출처: 파인(온라인투자연계금융업자) https://fine.fss.or.kr/fine/fncco/systemFncCo/list.do?menuNo=900038&searchTyin=온라인투자연계금융업자; 수집일 2026-09-18
p2p_funding_119,펀딩119,온라인투자연계,펀딩119,출처: 파인(온라인투자연계금융업자) https://fine.fss.or.kr/fine/fncco/systemFncCo/list.do?menuNo=900038&searchTyin=온라인투자연계금융업자; 수집일 2026-09-18
p2p_geuraepeu_funding,그래프펀딩,온라인투자연계,그래프펀딩,출처: 파인(온라인투자연계금융업자) https://fine.fss.or.kr/fine/fncco/systemFncCo/list.do?menuNo=900038&searchTyin=온라인투자연계금융업자; 수집일 2026-09-18
p2p_hai_funding,하이펀딩,온라인투자연계,하이펀딩,출처: 파인(온라인투자연계금융업자) https://fine.fss.or.kr/fine/fncco/systemFncCo/list.do?menuNo=900038&searchTyin=온라인투자연계금융업자; 수집일 2026-09-18
p2p_helro_fintech,헬로핀테크,온라인투자연계,헬로핀테크,출처: 파인(온라인투자연계금융업자) https://fine.fss.or.kr/fine/fncco/systemFncCo/list.do?menuNo=900038&searchTyin=온라인투자연계금융업자; 수집일 2026-09-18
p2p_heobeu_fund,허브펀드,온라인투자연계,허브펀드,출처: 파인(온라인투자연계금융업자) https://fine.fss.or.kr/fine/fncco/systemFncCo/list.do?menuNo=900038&searchTyin=온라인투자연계금융업자; 수집일 2026-09-18
p2p_jeieichipeulreoseu,제이에이치플러스,온라인투자연계,제이에이치플러스,출처: 파인(온라인투자연계금융업자) https://fine.fss.or.kr/fine/fncco/systemFncCo/list.do?menuNo=900038&searchTyin=온라인투자연계금융업자; 수집일 2026-09-18
p2p_jum_fund,줌펀드,온라인투자연계,줌펀드,출처: 파인(온라인투자연계금융업자) https://fine.fss.or.kr/fine/fncco/systemFncCo/list.do?menuNo=900038&searchTyin=온라인투자연계금융업자; 수집일 2026-09-18
p2p_keuroseu_finance_korea,크로스파이낸스코리아,온라인투자연계,크로스파이낸스코리아,출처: 파인(온라인투자연계금융업자) https://fine.fss.or.kr/fine/fncco/systemFncCo/list.do?menuNo=900038&searchTyin=온라인투자연계금융업자; 수집일 2026-09-18
p2p_koko_funding,코코펀딩,온라인투자연계,코코펀딩,출처: 파인(온라인투자연계금융업자) https://fine.fss.or.kr/fine/fncco/systemFncCo/list.do?menuNo=900038&searchTyin=온라인투자연계금융업자; 수집일 2026-09-18
p2p_mirakeul_fintech,미라클핀테크,온라인투자연계,미라클핀테크,출처: 파인(온라인투자연계금융업자) https://fine.fss.or.kr/fine/fncco/systemFncCo/list.do?menuNo=900038&searchTyin=온라인투자연계금융업자; 수집일 2026-09-18
p2p_money_mubeu,머니무브,온라인투자연계,머니무브,출처: 파인(온라인투자연계금융업자) https://fine.fss.or.kr/fine/fncco/systemFncCo/list.do?menuNo=900038&searchTyin=온라인투자연계금융업자; 수집일 2026-09-18
p2p_mouda,모우다,온라인투자연계,모우다,출처: 파인(온라인투자연계금융업자) https://fine.fss.or.kr/fine/fncco/systemFncCo/list.do?menuNo=900038&searchTyin=온라인투자연계금융업자; 수집일 2026-09-18
p2p_naiseubijeuniseu_platform,나이스비즈니스플랫폼,온라인투자연계,나이스비즈니스플랫폼,출처: 파인(온라인투자연계금융업자) https://fine.fss.or.kr/fine/fncco/systemFncCo/list.do?menuNo=900038&searchTyin=온라인투자연계금융업자; 수집일 2026-09-18
p2p_namo_funding,나모펀딩,온라인투자연계,나모펀딩,출처: 파인(온라인투자연계금융업자) https://fine.fss.or.kr/fine/fncco/systemFncCo/list.do?menuNo=900038&searchTyin=온라인투자연계금융업자; 수집일 2026-09-18
p2p_nuri_funding,누리펀딩,온라인투자연계,누리펀딩,출처: 파인(온라인투자연계금융업자) https://fine.fss.or.kr/fine/fncco/systemFncCo/list.do?menuNo=900038&searchTyin=온라인투자연계금융업자; 수집일 2026-09-18
p2p_oasiseu_fund,오아시스펀드,온라인투자연계,오아시스펀드,출처: 파인(온라인투자연계금융업자) https://fine.fss.or.kr/fine/fncco/systemFncCo/list.do?menuNo=900038&searchTyin=온라인투자연계금융업자; 수집일 2026-09-18
p2p_osyeon_funding,오션펀딩,온라인투자연계,오션펀딩,출처: 파인(온라인투자연계금융업자) https://fine.fss.or.kr/fine/fncco/systemFncCo/list.do?menuNo=900038&searchTyin=온라인투자연계금융업자; 수집일 2026-09-18
p2p_peonda,펀다,온라인투자연계,,출처: 파인(온라인투자연계금융업자) https://fine.fss.or.kr/fine/fncco/systemFncCo/list.do?menuNo=900038&searchTyin=온라인투자연계금융업자; 수집일 2026-09-18
p2p_peoseuteuonrain_invfin,퍼스트온라인투자금융,온라인투자연계,퍼스트온라인투자금융,출처: 파인(온라인투자연계금융업자) https://fine.fss.or.kr/fine/fncco/systemFncCo/list.do?menuNo=900038&searchTyin=온라인투자연계금융업자; 수집일 2026-09-18
p2p_peuriseudak,프리스닥,온라인투자연계,프리스닥,출처: 파인(온라인투자연계금융업자) https://fine.fss.or.kr/fine/fncco/systemFncCo/list.do?menuNo=900038&searchTyin=온라인투자연계금융업자; 수집일 2026-09-18
p2p_peuropit,프로핏,온라인투자연계,프로핏,출처: 파인(온라인투자연계금융업자) https://fine.fss.or.kr/fine/fncco/systemFncCo/list.do?menuNo=900038&searchTyin=온라인투자연계금융업자; 수집일 2026-09-18
p2p_piepeussi_tech,피에프씨테크놀로지스,온라인투자연계,피에프씨테크놀로지스,출처: 파인(온라인투자연계금융업자) https://fine.fss.or.kr/fine/fncco/systemFncCo/list.do?menuNo=900038&searchTyin=온라인투자연계금융업자; 수집일 2026-09-18
p2p_redeuroket,레드로켓,온라인투자연계,레드로켓,출처: 파인(온라인투자연계금융업자) https://fine.fss.or.kr/fine/fncco/systemFncCo/list.do?menuNo=900038&searchTyin=온라인투자연계금융업자; 수집일 2026-09-18
p2p_rendit,렌딧,온라인투자연계,,출처: 파인(온라인투자연계금융업자) https://fine.fss.or.kr/fine/fncco/systemFncCo/list.do?menuNo=900038&searchTyin=온라인투자연계금융업자; 수집일 2026-09-18
p2p_ridingpeulreoseu,리딩플러스,온라인투자연계,리딩플러스,출처: 파인(온라인투자연계금융업자) https://fine.fss.or.kr/fine/fncco/systemFncCo/list.do?menuNo=900038&searchTyin=온라인투자연계금융업자; 수집일 2026-09-18
p2p_ronpointeu,론포인트,온라인투자연계,론포인트,출처: 파인(온라인투자연계금융업자) https://fine.fss.or.kr/fine/fncco/systemFncCo/list.do?menuNo=900038&searchTyin=온라인투자연계금융업자; 수집일 2026-09-18
p2p_ruteuinpeurageumyung,루트인프라금융,온라인투자연계,루트인프라금융,출처: 파인(온라인투자연계금융업자) https://fine.fss.or.kr/fine/fncco/systemFncCo/list.do?menuNo=900038&searchTyin=온라인투자연계금융업자; 수집일 2026-09-18
p2p_solrabeuriji,솔라브리지,온라인투자연계,솔라브리지,출처: 파인(온라인투자연계금융업자) https://fine.fss.or.kr/fine/fncco/systemFncCo/list.do?menuNo=900038&searchTyin=온라인투자연계금융업자; 수집일 2026-09-18
p2p_taitan_invest,타이탄인베스트,온라인투자연계,타이탄인베스트,출처: 파인(온라인투자연계금융업자) https://fine.fss.or.kr/fine/fncco/systemFncCo/list.do?menuNo=900038&searchTyin=온라인투자연계금융업자; 수집일 2026-09-18
p2p_tera_fintech,테라핀테크,온라인투자연계,테라핀테크,출처: 파인(온라인투자연계금융업자) https://fine.fss.or.kr/fine/fncco/systemFncCo/list.do?menuNo=900038&searchTyin=온라인투자연계금융업자; 수집일 2026-09-18
p2p_teurigeo_partners,트리거파트너스,온라인투자연계,트리거파트너스,출처: 파인(온라인투자연계금융업자) https://fine.fss.or.kr/fine/fncco/systemFncCo/list.do?menuNo=900038&searchTyin=온라인투자연계금융업자; 수집일 2026-09-18
p2p_tugedeoaepseu,투게더앱스,온라인투자연계,투게더앱스,출처: 파인(온라인투자연계금융업자) https://fine.fss.or.kr/fine/fncco/systemFncCo/list.do?menuNo=900038&searchTyin=온라인투자연계금융업자; 수집일 2026-09-18
p2p_wai_fund,와이펀드,온라인투자연계,와이펀드,출처: 파인(온라인투자연계금융업자) https://fine.fss.or.kr/fine/fncco/systemFncCo/list.do?menuNo=900038&searchTyin=온라인투자연계금융업자; 수집일 2026-09-18
p2p_wi_funding,위펀딩,온라인투자연계,위펀딩,출처: 파인(온라인투자연계금융업자) https://fine.fss.or.kr/fine/fncco/systemFncCo/list.do?menuNo=900038&searchTyin=온라인투자연계금융업자; 수집일 2026-09-18
p2p_wingkeuseuton_partners,윙크스톤파트너스,온라인투자연계,윙크스톤파트너스,출처: 파인(온라인투자연계금융업자) https://fine.fss.or.kr/fine/fncco/systemFncCo/list.do?menuNo=900038&searchTyin=온라인투자연계금융업자; 수집일 2026-09-18
