institution_id,display_name,category,aliases,note
loan_apro,아프로파이낸셜대부,대부,아프로파이낸셜대부|러시앤캐시|아프로파이낸셜,기존 config 유지(2023년 10월 대부업 등록 반납); https://fines.fss.or.kr/fines/plis/moneyLenderSearch/MoneyLenderSearch.getMoneyLenderList.do 2026-09-18 조회(등록기관 금융감독원·영업중) 시 미등재
loan_leadcorp,리드코프,대부,리드코프|(주)리드코프,"https://fines.fss.or.kr/fines/plis/moneyLenderSearch/MoneyLenderSearch.getMoneyLenderList.do 2026-09-18; 등록번호 2016-금감원-0003(대부업)/2020-금감원-0003(대부중개업); 사업내용 금전대부, 채권추심/대부중개; 법인번호 110111-0219398; 대부금융협회 회원번호 A00005 (https://www.clfa.or.kr/member/list 2026-09-18); 대부업과 석유유통업 겸영 상장사"
loan_welcome,웰컴크레디라인대부,대부,웰컴크레디라인대부|웰컴크레디라인,"기존 config 유지; https://fines.fss.or.kr/fines/plis/moneyLenderSearch/MoneyLenderSearch.getMoneyLenderList.do 2026-09-18 조회(등록기관 금융감독원·영업중) 시 미등재, https://www.clfa.or.kr/member/list 회원명단에도 없음 — 존속 여부 미확인"
loan_sanwa,산와대부,대부,산와대부|산와머니|산와대부(주),"https://fines.fss.or.kr/fines/plis/moneyLenderSearch/MoneyLenderSearch.getMoneyLenderList.do 2026-09-18; 등록번호 2016-금감원-0002(대부업); 사업내용 금전대부, 채권추심; 법인번호 110111-2595580; 대부금융협회 회원번호 A00002 (https://www.clfa.or.kr/member/list 2026-09-18)"
loan_baro,바로크레디트대부,대부,바로크레디트대부|바로크레디트|(주)바로크레디트대부,"https://fines.fss.or.kr/fines/plis/moneyLenderSearch/MoneyLenderSearch.getMoneyLenderList.do 2026-09-18; 등록번호 2016-금감원-0006(대부업)/2016-금감원-0006(대부중개업); 사업내용 금전대부, 채권추심/대부중개; 법인번호 110111-2569460; 대부금융협회 회원번호 A00007 (https://www.clfa.or.kr/member/list 2026-09-18)"
loan_fss0007,태강대부,대부,태강대부|(주)태강대부,"https://fines.fss.or.kr/fines/plis/moneyLenderSearch/MoneyLenderSearch.getMoneyLenderList.do 2026-09-18; 등록번호 2016-금감원-0007(대부업); 사업내용 금전대부, 채권추심; 법인번호 110111-0394009; 대부금융협회 회원번호 A00009 (https://www.clfa.or.kr/member/list 2026-09-18)"
loan_fss0008,그린씨앤에프대부,대부,그린씨앤에프대부|(주)그린씨앤에프대부,"https://fines.fss.or.kr/fines/plis/moneyLenderSearch/MoneyLenderSearch.getMoneyLenderList.do 2026-09-18; 등록번호 2016-금감원-0008(대부업); 사업내용 금전대부, 채권추심; 법인번호 110111-1199846; 대부금융협회 회원번호 A00247 (https://www.clfa.or.kr/member/list 2026-09-18)"
loan_fss0009,조이크레디트대부금융,대부,조이크레디트대부금융|(주)조이크레디트대부금융,"https://fines.fss.or.kr/fines/plis/moneyLenderSearch/MoneyLenderSearch.getMoneyLenderList.do 2026-09-18; 등록번호 2016-금감원-0009(대부업); 사업내용 금전대부, 채권추심; 법인번호 110111-3623306; 대부금융협회 회원번호 A00029 (https://www.clfa.or.kr/member/list 2026-09-18)"
loan_fss0011,오케이홀딩스대부,대부,오케이홀딩스대부|오케이홀딩스대부 주식회사,"https://fines.fss.or.kr/fines/plis/moneyLenderSearch/MoneyLenderSearch.getMoneyLenderList.do 2026-09-18; 등록번호 2016-금감원-0011(대부업); 사업내용 금전대부, 채권추심; 법인번호 110111-5402873; 대부금융협회 회원번호 A00509 (https://www.clfa.or.kr/member/list 2026-09-18)"
loan_fss0013,에이원대부캐피탈,대부,에이원대부캐피탈|(주)에이원대부캐피탈,"https://fines.fss.or.kr/fines/plis/moneyLenderSearch/MoneyLenderSearch.getMoneyLenderList.do 2026-09-18; 등록번호 2016-금감원-0013(대부업); 사업내용 금전대부, 채권추심; 법인번호 110111-2546137; 대부금융협회 회원번호 A00021 (https://www.clfa.or.kr/member/list 2026-09-18)"
loan_fss0014,스타크레디트대부,대부,스타크레디트대부|(주)스타크레디트대부,"https://fines.fss.or.kr/fines/plis/moneyLenderSearch/MoneyLenderSearch.getMoneyLenderList.do 2026-09-18; 등록번호 2016-금감원-0014(대부업)/2016-금감원-0014(대부중개업); 사업내용 금전대부, 채권추심/대부중개; 법인번호 110111-2611419; 대부금융협회 회원번호 A00015 (https://www.clfa.or.kr/member/list 2026-09-18)"
loan_fss0016,앤알캐피탈대부,대부,앤알캐피탈대부|앤알캐피탈대부(주),"https://fines.fss.or.kr/fines/plis/moneyLenderSearch/MoneyLenderSearch.getMoneyLenderList.do 2026-09-18; 등록번호 2016-금감원-0016(대부업); 사업내용 금전대부, 채권추심; 법인번호 110111-3333442; 대부금융협회 회원번호 A00030 (https://www.clfa.or.kr/member/list 2026-09-18)"
loan_fss0017,아프로에프앤아이대부,대부,아프로에프앤아이대부|아프로에프앤아이대부(주),"https://fines.fss.or.kr/fines/plis/moneyLenderSearch/MoneyLenderSearch.getMoneyLenderList.do 2026-09-18; 등록번호 2016-금감원-0017(대부업); 사업내용 금전대부, 채권추심; 법인번호 110111-2343343; 대부금융협회 회원번호 A00012 (https://www.clfa.or.kr/member/list 2026-09-18)"
loan_fss0018,유미캐피탈대부,대부,유미캐피탈대부|유미캐피탈대부 주식회사,"https://fines.fss.or.kr/fines/plis/moneyLenderSearch/MoneyLenderSearch.getMoneyLenderList.do 2026-09-18; 등록번호 2016-금감원-0018(대부업); 사업내용 금전대부, 채권추심; 법인번호 110111-5139301; 대부금융협회 회원번호 A00326 (https://www.clfa.or.kr/member/list 2026-09-18)"
loan_fss0020,넥스젠파이낸스대부,대부,넥스젠파이낸스대부|(주)넥스젠파이낸스대부,"https://fines.fss.or.kr/fines/plis/moneyLenderSearch/MoneyLenderSearch.getMoneyLenderList.do 2026-09-18; 등록번호 2016-금감원-0020(대부업); 사업내용 금전대부, 채권추심; 법인번호 110111-5211951; 대부금융협회 회원번호 A00332 (https://www.clfa.or.kr/member/list 2026-09-18)"
loan_fss0021,한국비즈니스금융대부,대부,한국비즈니스금융대부|(주)한국비즈니스금융대부,"https://fines.fss.or.kr/fines/plis/moneyLenderSearch/MoneyLenderSearch.getMoneyLenderList.do 2026-09-18; 등록번호 2016-금감원-0021(대부업); 사업내용 금전대부, 채권추심; 법인번호 110111-1209827; 대부금융협회 회원번호 A00213 (https://www.clfa.or.kr/member/list 2026-09-18)"
loan_fss0022,밀리언캐쉬대부,대부,밀리언캐쉬대부|(주)밀리언캐쉬대부,"https://fines.fss.or.kr/fines/plis/moneyLenderSearch/MoneyLenderSearch.getMoneyLenderList.do 2026-09-18; 등록번호 2016-금감원-0022(대부업)/2016-금감원-0022(대부중개업); 사업내용 금전대부, 채권추심/대부중개; 법인번호 180111-0504191; 대부금융협회 회원번호 A00017 (https://www.clfa.or.kr/member/list 2026-09-18)"
loan_fss0023,엘하비스트대부,대부,엘하비스트대부|(주)엘하비스트대부,"https://fines.fss.or.kr/fines/plis/moneyLenderSearch/MoneyLenderSearch.getMoneyLenderList.do 2026-09-18; 등록번호 2016-금감원-0023(대부업); 사업내용 금전대부, 채권추심; 법인번호 110111-3648627; 대부금융협회 회원번호 A00028 (https://www.clfa.or.kr/member/list 2026-09-18)"
loan_fss0024,골든캐피탈대부,대부,골든캐피탈대부|(주)골든캐피탈대부,"https://fines.fss.or.kr/fines/plis/moneyLenderSearch/MoneyLenderSearch.getMoneyLenderList.do 2026-09-18; 등록번호 2016-금감원-0024(대부업); 사업내용 금전대부, 채권추심; 법인번호 110111-5009918; 대부금융협회 회원번호 A00281 (https://www.clfa.or.kr/member/list 2026-09-18)"
loan_fss0025,미래크레디트대부,대부,미래크레디트대부|(주)미래크레디트대부,"https://fines.fss.or.kr/fines/plis/moneyLenderSearch/MoneyLenderSearch.getMoneyLenderList.do 2026-09-18; 등록번호 2016-금감원-0025(대부업)/2016-금감원-0025(대부중개업); 사업내용 금전대부, 채권추심/대부중개; 법인번호 110111-2621731; 대부금융협회 회원번호 A00020 (https://www.clfa.or.kr/member/list 2026-09-18)"
loan_fss0026,유아이크레디트대부,대부,유아이크레디트대부|(주)유아이크레디트대부,"https://fines.fss.or.kr/fines/plis/moneyLenderSearch/MoneyLenderSearch.getMoneyLenderList.do 2026-09-18; 등록번호 2016-금감원-0026(대부업)/2016-금감원-0026(대부중개업); 사업내용 금전대부, 채권추심/대부중개; 법인번호 110111-2556300; 대부금융협회 회원번호 A00016 (https://www.clfa.or.kr/member/list 2026-09-18)"
loan_fss0027,티에이자산관리대부,대부,티에이자산관리대부|티에이자산관리대부 주식회사,"https://fines.fss.or.kr/fines/plis/moneyLenderSearch/MoneyLenderSearch.getMoneyLenderList.do 2026-09-18; 등록번호 2016-금감원-0027(대부업); 사업내용 금전대부, 채권추심; 법인번호 110111-5983112; 대부금융협회 회원번호 A00004 (https://www.clfa.or.kr/member/list 2026-09-18)"
loan_fss0030,액트캐쉬대부,대부,액트캐쉬대부|(주)액트캐쉬대부,"https://fines.fss.or.kr/fines/plis/moneyLenderSearch/MoneyLenderSearch.getMoneyLenderList.do 2026-09-18; 등록번호 2016-금감원-0030(대부업); 사업내용 금전대부, 채권추심; 법인번호 110111-3246637; 대부금융협회 회원번호 A00023 (https://www.clfa.or.kr/member/list 2026-09-18)"
loan_fss0032,유앤아이대부,대부,유앤아이대부|유앤아이대부 유한회사,"https://fines.fss.or.kr/fines/plis/moneyLenderSearch/MoneyLenderSearch.getMoneyLenderList.do 2026-09-18; 등록번호 2016-금감원-0032(대부업); 사업내용 금전대부, 채권추심; 법인번호 110114-0090320; 대부금융협회 회원번호 A00245 (https://www.clfa.or.kr/member/list 2026-09-18)"
loan_fss0033,드림앤캐쉬대부,대부,드림앤캐쉬대부|(주)드림앤캐쉬대부,https://fines.fss.or.kr/fines/plis/moneyLenderSearch/MoneyLenderSearch.getMoneyLenderList.do 2026-09-18; 등록번호 2016-금감원-0033(대부업); 사업내용 금전대부; 법인번호 110111-4176552; 대부금융협회 회원번호 A00137 (https://www.clfa.or.kr/member/list 2026-09-18)
loan_fss0037,오케이파이낸셜대부,대부,오케이파이낸셜대부|(주)오케이파이낸셜대부,"https://fines.fss.or.kr/fines/plis/moneyLenderSearch/MoneyLenderSearch.getMoneyLenderList.do 2026-09-18; 등록번호 2016-금감원-0037(대부업)/2016-금감원-0037(대부중개업); 사업내용 금전대부, 채권추심/대부중개; 법인번호 110111-5589580; 대부금융협회 회원번호 A00395 (https://www.clfa.or.kr/member/list 2026-09-18)"
loan_fss0038,아이앤유크레디트대부,대부,아이앤유크레디트대부|아이앤유크레디트대부주식회사,"https://fines.fss.or.kr/fines/plis/moneyLenderSearch/MoneyLenderSearch.getMoneyLenderList.do 2026-09-18; 등록번호 2016-금감원-0038(대부업); 사업내용 금전대부, 채권추심; 법인번호 110111-4441757; 대부금융협회 회원번호 A00163 (https://www.clfa.or.kr/member/list 2026-09-18)"
loan_fss0039,대산대부,대부,대산대부|대산대부주식회사,https://fines.fss.or.kr/fines/plis/moneyLenderSearch/MoneyLenderSearch.getMoneyLenderList.do 2026-09-18; 등록번호 2016-금감원-0039(대부업); 사업내용 금전대부; 법인번호 110111-4260743; 대부금융협회 회원번호 A00184 (https://www.clfa.or.kr/member/list 2026-09-18)
loan_fss0040,하트캐싱대부,대부,하트캐싱대부|(주)하트캐싱대부,https://fines.fss.or.kr/fines/plis/moneyLenderSearch/MoneyLenderSearch.getMoneyLenderList.do 2026-09-18; 등록번호 2016-금감원-0040(대부업); 사업내용 금전대부; 법인번호 110111-2661860; 대부금융협회 회원번호 A00014 (https://www.clfa.or.kr/member/list 2026-09-18)
loan_fss0041,어드벤스대부,대부,어드벤스대부|(주)어드벤스대부,"https://fines.fss.or.kr/fines/plis/moneyLenderSearch/MoneyLenderSearch.getMoneyLenderList.do 2026-09-18; 등록번호 2016-금감원-0041(대부업); 사업내용 금전대부, 채권추심; 법인번호 110111-5287291; 대부금융협회 회원번호 A00447 (https://www.clfa.or.kr/member/list 2026-09-18)"
loan_fss0043,와이더블유,대부,와이더블유|와이더블유(주),"https://fines.fss.or.kr/fines/plis/moneyLenderSearch/MoneyLenderSearch.getMoneyLenderList.do 2026-09-18; 등록번호 2016-금감원-0043(대부업); 사업내용 금전대부, 채권추심; 법인번호 131111-0021699; 대부금융협회 회원번호 A00348 (https://www.clfa.or.kr/member/list 2026-09-18)"
loan_fss0045,테크메이트코리아대부,대부,테크메이트코리아대부|테크메이트코리아대부(주),"https://fines.fss.or.kr/fines/plis/moneyLenderSearch/MoneyLenderSearch.getMoneyLenderList.do 2026-09-18; 등록번호 2016-금감원-0045(대부업); 사업내용 금전대부, 채권추심; 법인번호 110111-4244094; 대부금융협회 회원번호 A00144 (https://www.clfa.or.kr/member/list 2026-09-18)"
loan_fss0046,동그라미파이낸스대부,대부,동그라미파이낸스대부|주식회사 동그라미파이낸스대부,https://fines.fss.or.kr/fines/plis/moneyLenderSearch/MoneyLenderSearch.getMoneyLenderList.do 2026-09-18; 등록번호 2016-금감원-0046(대부업); 사업내용 금전대부; 법인번호 110111-4421733; 대부금융협회 회원번호 A00159 (https://www.clfa.or.kr/member/list 2026-09-18)
loan_fss0047,강남캐피탈대부,대부,강남캐피탈대부|주식회사강남캐피탈대부,https://fines.fss.or.kr/fines/plis/moneyLenderSearch/MoneyLenderSearch.getMoneyLenderList.do 2026-09-18; 등록번호 2016-금감원-0047(대부업)/2026-금감원-0047(대부중개업); 사업내용 금전대부/대부중개; 법인번호 110111-1525504; 대부금융협회 회원번호 A00027 (https://www.clfa.or.kr/member/list 2026-09-18)
loan_fss0049,마리모대부,대부,마리모대부|(주)마리모대부,"https://fines.fss.or.kr/fines/plis/moneyLenderSearch/MoneyLenderSearch.getMoneyLenderList.do 2026-09-18; 등록번호 2016-금감원-0049(대부업); 사업내용 금전대부, 채권추심; 법인번호 110111-2578958; 대부금융협회 회원번호 A00019 (https://www.clfa.or.kr/member/list 2026-09-18)"
loan_fss0054,안전대부,대부,안전대부|주식회사 안전대부,"https://fines.fss.or.kr/fines/plis/moneyLenderSearch/MoneyLenderSearch.getMoneyLenderList.do 2026-09-18; 등록번호 2016-금감원-0054(대부업); 사업내용 금전대부, 채권추심; 법인번호 285011-0210083; 대부금융협회 회원번호 A00274 (https://www.clfa.or.kr/member/list 2026-09-18)"
loan_fss0055,유노스프레스티지대부,대부,유노스프레스티지대부|(주)유노스프레스티지대부,"https://fines.fss.or.kr/fines/plis/moneyLenderSearch/MoneyLenderSearch.getMoneyLenderList.do 2026-09-18; 등록번호 2016-금감원-0055(대부업); 사업내용 금전대부, 채권추심; 법인번호 110111-4138560; 대부금융협회 회원번호 A00202 (https://www.clfa.or.kr/member/list 2026-09-18)"
loan_fss0058,나라대부금융,대부,나라대부금융|나라대부금융(주),"https://fines.fss.or.kr/fines/plis/moneyLenderSearch/MoneyLenderSearch.getMoneyLenderList.do 2026-09-18; 등록번호 2016-금감원-0058(대부업)/2016-금감원-0058(대부중개업); 사업내용 금전대부, 채권추심/대부중개; 법인번호 110111-3018367; 대부금융협회 회원번호 A00055 (https://www.clfa.or.kr/member/list 2026-09-18)"
loan_fss0063,베스트캐피탈대부,대부,베스트캐피탈대부|베스트캐피탈대부(주),"https://fines.fss.or.kr/fines/plis/moneyLenderSearch/MoneyLenderSearch.getMoneyLenderList.do 2026-09-18; 등록번호 2016-금감원-0063(대부업)/2023-금감원-0063(대부중개업); 사업내용 금전대부, 채권추심/대부중개; 법인번호 110111-3723263; 대부금융협회 회원번호 A00077 (https://www.clfa.or.kr/member/list 2026-09-18)"
loan_fss0067,케이아이코아즈대부,대부,케이아이코아즈대부|(주)케이아이코아즈대부,"https://fines.fss.or.kr/fines/plis/moneyLenderSearch/MoneyLenderSearch.getMoneyLenderList.do 2026-09-18; 등록번호 2016-금감원-0067(대부업); 사업내용 금전대부, 채권추심; 법인번호 110111-3787293; 대부금융협회 회원번호 A00045 (https://www.clfa.or.kr/member/list 2026-09-18)"
loan_fss0068,시스코시스템즈캐피탈코리아대부,대부,시스코시스템즈캐피탈코리아대부|시스코시스템즈캐피탈코리아대부(유),"https://fines.fss.or.kr/fines/plis/moneyLenderSearch/MoneyLenderSearch.getMoneyLenderList.do 2026-09-18; 등록번호 2016-금감원-0068(대부업); 사업내용 금전대부, 채권추심; 법인번호 110114-0130051; 대부금융협회 회원번호 A00111 (https://www.clfa.or.kr/member/list 2026-09-18)"
loan_fss0069,로제캐피탈대부,대부,로제캐피탈대부|(주)로제캐피탈대부,"https://fines.fss.or.kr/fines/plis/moneyLenderSearch/MoneyLenderSearch.getMoneyLenderList.do 2026-09-18; 등록번호 2016-금감원-0069(대부업); 사업내용 금전대부, 채권추심; 법인번호 110111-5224847; 대부금융협회 회원번호 A00532 (https://www.clfa.or.kr/member/list 2026-09-18)"
loan_fss0070,뉴아리원대부,대부,뉴아리원대부|(주)뉴아리원대부,"https://fines.fss.or.kr/fines/plis/moneyLenderSearch/MoneyLenderSearch.getMoneyLenderList.do 2026-09-18; 등록번호 2016-금감원-0070(대부업); 사업내용 금전대부, 채권추심; 법인번호 110111-4887274; 대부금융협회 회원번호 A00320 (https://www.clfa.or.kr/member/list 2026-09-18)"
loan_fss0075,비컴콜렉션대부,대부,비컴콜렉션대부|(주)비컴콜렉션대부,"https://fines.fss.or.kr/fines/plis/moneyLenderSearch/MoneyLenderSearch.getMoneyLenderList.do 2026-09-18; 등록번호 2016-금감원-0075(대부업); 사업내용 금전대부, 채권추심; 법인번호 110111-3420900; 대부금융협회 회원번호 A00042 (https://www.clfa.or.kr/member/list 2026-09-18)"
loan_fss0080,두루드림대부,대부,두루드림대부|주식회사 두루드림대부,"https://fines.fss.or.kr/fines/plis/moneyLenderSearch/MoneyLenderSearch.getMoneyLenderList.do 2026-09-18; 등록번호 2016-금감원-0080(대부업); 사업내용 금전대부, 채권추심; 법인번호 110111-5268192; 대부금융협회 회원번호 A00523 (https://www.clfa.or.kr/member/list 2026-09-18)"
loan_fss0090,에이코리아대부,대부,에이코리아대부|(주)에이코리아대부,"https://fines.fss.or.kr/fines/plis/moneyLenderSearch/MoneyLenderSearch.getMoneyLenderList.do 2026-09-18; 등록번호 2016-금감원-0090(대부업); 사업내용 금전대부, 채권추심; 법인번호 180111-0704139; 대부금융협회 회원번호 A01153 (https://www.clfa.or.kr/member/list 2026-09-18)"
loan_fss0094,에스엠에이엠씨투자대부,대부,에스엠에이엠씨투자대부|에스엠에이엠씨투자대부(주),"https://fines.fss.or.kr/fines/plis/moneyLenderSearch/MoneyLenderSearch.getMoneyLenderList.do 2026-09-18; 등록번호 2016-금감원-0094(대부업); 사업내용 금전대부, 채권추심; 법인번호 110111-2217423; 대부금융협회 회원번호 A00234 (https://www.clfa.or.kr/member/list 2026-09-18)"
loan_fss0095,인더스코대부,대부,인더스코대부|주식회사 인더스코대부,"https://fines.fss.or.kr/fines/plis/moneyLenderSearch/MoneyLenderSearch.getMoneyLenderList.do 2026-09-18; 등록번호 2016-금감원-0095(대부업); 사업내용 금전대부, 채권추심; 법인번호 110111-4305846; 대부금융협회 회원번호 A00371 (https://www.clfa.or.kr/member/list 2026-09-18)"
loan_fss0105,유진대부금융,대부,유진대부금융|주식회사유진대부금융,https://fines.fss.or.kr/fines/plis/moneyLenderSearch/MoneyLenderSearch.getMoneyLenderList.do 2026-09-18; 등록번호 2016-금감원-0105(대부업); 사업내용 금전대부; 법인번호 110111-4708363; 대부금융협회 회원번호 A00335 (https://www.clfa.or.kr/member/list 2026-09-18)
loan_fss0117,케이엠에셋대부,대부,케이엠에셋대부|(주)케이엠에셋대부,https://fines.fss.or.kr/fines/plis/moneyLenderSearch/MoneyLenderSearch.getMoneyLenderList.do 2026-09-18; 등록번호 2016-금감원-0117(대부업); 사업내용 채권추심; 법인번호 110111-5287936; 대부금융협회 회원번호 A00502 (https://www.clfa.or.kr/member/list 2026-09-18)
loan_fss0124,모두론대부,대부,모두론대부|(주)모두론대부,"https://fines.fss.or.kr/fines/plis/moneyLenderSearch/MoneyLenderSearch.getMoneyLenderList.do 2026-09-18; 등록번호 2016-금감원-0124(대부업)/2016-금감원-0124(대부중개업); 사업내용 금전대부, 채권추심/대부중개; 법인번호 110111-3840174; 대부금융협회 회원번호 A01560 (https://www.clfa.or.kr/member/list 2026-09-18)"
loan_fss0129,브라보캐피탈앤드대부,대부,브라보캐피탈앤드대부|브라보캐피탈앤드대부(주)|브라보캐피탈앤드대부㈜,"https://fines.fss.or.kr/fines/plis/moneyLenderSearch/MoneyLenderSearch.getMoneyLenderList.do 2026-09-18; 등록번호 2016-금감원-0129(대부업); 사업내용 금전대부, 채권추심; 법인번호 110111-2896368; 대부금융협회 회원번호 A00533 (https://www.clfa.or.kr/member/list 2026-09-18)"
loan_fss0141,한빛자산관리대부,대부,한빛자산관리대부|(주)한빛자산관리대부,https://fines.fss.or.kr/fines/plis/moneyLenderSearch/MoneyLenderSearch.getMoneyLenderList.do 2026-09-18; 등록번호 2016-금감원-0141(대부업); 사업내용 채권추심; 법인번호 110111-5079549; 대부금융협회 회원번호 A00352 (https://www.clfa.or.kr/member/list 2026-09-18)
loan_fss0143,웰릭스에프앤아이대부,대부,웰릭스에프앤아이대부|웰릭스에프앤아이대부(주),https://fines.fss.or.kr/fines/plis/moneyLenderSearch/MoneyLenderSearch.getMoneyLenderList.do 2026-09-18; 등록번호 2016-금감원-0143(대부업); 사업내용 채권추심; 법인번호 110111-3468611; 대부금융협회 회원번호 A00183 (https://www.clfa.or.kr/member/list 2026-09-18)
loan_fss0144,엠메이드대부,대부,엠메이드대부|엠메이드대부(유),https://fines.fss.or.kr/fines/plis/moneyLenderSearch/MoneyLenderSearch.getMoneyLenderList.do 2026-09-18; 등록번호 2016-금감원-0144(대부업); 사업내용 채권추심; 법인번호 110114-0069846; 대부금융협회 회원번호 A00264 (https://www.clfa.or.kr/member/list 2026-09-18)
loan_fss0145,와이앤케이파트너스대부,대부,와이앤케이파트너스대부|와이앤케이파트너스대부 주식회사,https://fines.fss.or.kr/fines/plis/moneyLenderSearch/MoneyLenderSearch.getMoneyLenderList.do 2026-09-18; 등록번호 2016-금감원-0145(대부업); 사업내용 채권추심; 법인번호 180111-0771576; 대부금융협회 회원번호 A00299 (https://www.clfa.or.kr/member/list 2026-09-18)
loan_fss0151,프라미스대부,대부,프라미스대부|(주)프라미스대부,"https://fines.fss.or.kr/fines/plis/moneyLenderSearch/MoneyLenderSearch.getMoneyLenderList.do 2026-09-18; 등록번호 2016-금감원-0151(대부업); 사업내용 금전대부, 채권추심; 법인번호 110111-4695718; 대부금융협회 회원번호 A00365 (https://www.clfa.or.kr/member/list 2026-09-18)"
loan_fss0152,엘케이파트너스대부,대부,엘케이파트너스대부|엘케이파트너스대부 유한회사,"https://fines.fss.or.kr/fines/plis/moneyLenderSearch/MoneyLenderSearch.getMoneyLenderList.do 2026-09-18; 등록번호 2025-금감원-0152(대부업); 사업내용 금전대부, 채권추심; 법인번호 110114-0112463; 대부금융협회 회원번호 A04630 (https://www.clfa.or.kr/member/list 2026-09-18)"
loan_fss0156,강엔터프라이즈코리아대부,대부,강엔터프라이즈코리아대부|주식회사 강엔터프라이즈코리아대부,"https://fines.fss.or.kr/fines/plis/moneyLenderSearch/MoneyLenderSearch.getMoneyLenderList.do 2026-09-18; 등록번호 2025-금감원-0156(대부업); 사업내용 금전대부, 채권추심; 법인번호 160111-0334419; 대부금융협회 회원번호 A04590 (https://www.clfa.or.kr/member/list 2026-09-18)"
loan_fss0158,신현대부실자산관리,대부,신현대부실자산관리|(주)신현대부실자산관리,https://fines.fss.or.kr/fines/plis/moneyLenderSearch/MoneyLenderSearch.getMoneyLenderList.do 2026-09-18; 등록번호 2016-금감원-0158(대부업); 사업내용 채권추심; 법인번호 110111-3147182; 대부금융협회 회원번호 A00360 (https://www.clfa.or.kr/member/list 2026-09-18)
loan_fss0161,아이엠에셋대부,대부,아이엠에셋대부|(주)아이엠에셋대부,"https://fines.fss.or.kr/fines/plis/moneyLenderSearch/MoneyLenderSearch.getMoneyLenderList.do 2026-09-18; 등록번호 2016-금감원-0161(대부업); 사업내용 금전대부, 채권추심; 법인번호 110111-3476292; 대부금융협회 회원번호 A00292 (https://www.clfa.or.kr/member/list 2026-09-18)"
loan_fss0162,아이엔비자산관리대부,대부,아이엔비자산관리대부|(주)아이엔비자산관리대부,"https://fines.fss.or.kr/fines/plis/moneyLenderSearch/MoneyLenderSearch.getMoneyLenderList.do 2026-09-18; 등록번호 2016-금감원-0162(대부업); 사업내용 금전대부, 채권추심; 법인번호 134111-0154950; 대부금융협회 회원번호 A00246 (https://www.clfa.or.kr/member/list 2026-09-18)"
loan_fss0163,제니스자산관리대부,대부,제니스자산관리대부|(주)제니스자산관리대부,"https://fines.fss.or.kr/fines/plis/moneyLenderSearch/MoneyLenderSearch.getMoneyLenderList.do 2026-09-18; 등록번호 2016-금감원-0163(대부업); 사업내용 금전대부, 채권추심; 법인번호 110111-4825357; 대부금융협회 회원번호 A00472 (https://www.clfa.or.kr/member/list 2026-09-18)"
loan_fss0164,피엘씨대부,대부,피엘씨대부|피엘씨대부(주),"https://fines.fss.or.kr/fines/plis/moneyLenderSearch/MoneyLenderSearch.getMoneyLenderList.do 2026-09-18; 등록번호 2016-금감원-0164(대부업); 사업내용 금전대부, 채권추심; 법인번호 110111-5277044; 대부금융협회 회원번호 A00401 (https://www.clfa.or.kr/member/list 2026-09-18)"
loan_fss0166,유니애대부,대부,유니애대부|유니애대부유한회사,https://fines.fss.or.kr/fines/plis/moneyLenderSearch/MoneyLenderSearch.getMoneyLenderList.do 2026-09-18; 등록번호 2016-금감원-0166(대부업); 사업내용 채권추심; 법인번호 110114-0085636; 대부금융협회 회원번호 A00257 (https://www.clfa.or.kr/member/list 2026-09-18)
loan_fss0173,해진에셋대부,대부,해진에셋대부|해진에셋대부(유),https://fines.fss.or.kr/fines/plis/moneyLenderSearch/MoneyLenderSearch.getMoneyLenderList.do 2026-09-18; 등록번호 2016-금감원-0173(대부업); 사업내용 채권추심; 법인번호 284214-0000451; 대부금융협회 회원번호 A00353 (https://www.clfa.or.kr/member/list 2026-09-18)
loan_fss0174,신안어소시에이츠대부,대부,신안어소시에이츠대부|(주)신안어소시에이츠대부,https://fines.fss.or.kr/fines/plis/moneyLenderSearch/MoneyLenderSearch.getMoneyLenderList.do 2026-09-18; 등록번호 2016-금감원-0174(대부업); 사업내용 채권추심; 법인번호 110111-4542365; 대부금융협회 회원번호 A00424 (https://www.clfa.or.kr/member/list 2026-09-18)
loan_fss0175,디에스엔피엘인베스트먼트대부,대부,디에스엔피엘인베스트먼트대부|디에스엔피엘인베스트먼트대부 주식회사,"https://fines.fss.or.kr/fines/plis/moneyLenderSearch/MoneyLenderSearch.getMoneyLenderList.do 2026-09-18; 등록번호 2016-금감원-0175(대부업); 사업내용 금전대부, 채권추심; 법인번호 110111-5638311; 대부금융협회 회원번호 A00525 (https://www.clfa.or.kr/member/list 2026-09-18)"
loan_fss0176,씨더블유쓰리파트너스대부,대부,씨더블유쓰리파트너스대부|씨더블유쓰리파트너스대부(유),"https://fines.fss.or.kr/fines/plis/moneyLenderSearch/MoneyLenderSearch.getMoneyLenderList.do 2026-09-18; 등록번호 2016-금감원-0176(대부업); 사업내용 금전대부, 채권추심; 법인번호 110114-0103785; 대부금융협회 회원번호 A00402 (https://www.clfa.or.kr/member/list 2026-09-18)"
loan_fss0180,제일호더블류홀딩스자산대부,대부,제일호더블류홀딩스자산대부|제일호더블류홀딩스자산대부(주),"https://fines.fss.or.kr/fines/plis/moneyLenderSearch/MoneyLenderSearch.getMoneyLenderList.do 2026-09-18; 등록번호 2016-금감원-0180(대부업); 사업내용 금전대부, 채권추심; 법인번호 110111-4822585; 대부금융협회 회원번호 A00504 (https://www.clfa.or.kr/member/list 2026-09-18)"
loan_fss0182,엠씨아이대부,대부,엠씨아이대부|엠씨아이대부주식회사,"https://fines.fss.or.kr/fines/plis/moneyLenderSearch/MoneyLenderSearch.getMoneyLenderList.do 2026-09-18; 등록번호 2016-금감원-0182(대부업); 사업내용 금전대부, 채권추심; 법인번호 110111-5198232; 대부금융협회 회원번호 A00375 (https://www.clfa.or.kr/member/list 2026-09-18)"
loan_fss0184,에이원자산대부관리,대부,에이원자산대부관리|에이원자산대부관리 유한회사,"https://fines.fss.or.kr/fines/plis/moneyLenderSearch/MoneyLenderSearch.getMoneyLenderList.do 2026-09-18; 등록번호 2016-금감원-0184(대부업); 사업내용 금전대부, 채권추심; 법인번호 110114-0068509; 대부금융협회 회원번호 A00351 (https://www.clfa.or.kr/member/list 2026-09-18)"
loan_fss0186,엔에스에셋대부,대부,엔에스에셋대부|엔에스에셋대부 유한회사,"https://fines.fss.or.kr/fines/plis/moneyLenderSearch/MoneyLenderSearch.getMoneyLenderList.do 2026-09-18; 등록번호 2016-금감원-0186(대부업); 사업내용 금전대부, 채권추심; 법인번호 110114-0104600; 대부금융협회 회원번호 A00309 (https://www.clfa.or.kr/member/list 2026-09-18)"
loan_fss0188,희망1자산대부관리,대부,희망1자산대부관리|희망1자산대부관리(유),"https://fines.fss.or.kr/fines/plis/moneyLenderSearch/MoneyLenderSearch.getMoneyLenderList.do 2026-09-18; 등록번호 2016-금감원-0188(대부업); 사업내용 금전대부, 채권추심; 법인번호 110114-0092318; 대부금융협회 회원번호 A00306 (https://www.clfa.or.kr/member/list 2026-09-18)"
loan_fss0195,바리움홀딩스대부,대부,바리움홀딩스대부|(주)바리움홀딩스대부,https://fines.fss.or.kr/fines/plis/moneyLenderSearch/MoneyLenderSearch.getMoneyLenderList.do 2026-09-18; 등록번호 2016-금감원-0195(대부업); 사업내용 채권추심; 법인번호 110111-4075027; 대부금융협회 회원번호 A00298 (https://www.clfa.or.kr/member/list 2026-09-18)
loan_fss0198,씨씨콜렉션대부,대부,씨씨콜렉션대부|(주)씨씨콜렉션대부,https://fines.fss.or.kr/fines/plis/moneyLenderSearch/MoneyLenderSearch.getMoneyLenderList.do 2026-09-18; 등록번호 2016-금감원-0198(대부업); 사업내용 채권추심; 법인번호 110111-3407891; 대부금융협회 회원번호 A00189 (https://www.clfa.or.kr/member/list 2026-09-18)
loan_fss0200,씨엔에스대부,대부,씨엔에스대부|(주)씨엔에스대부,"https://fines.fss.or.kr/fines/plis/moneyLenderSearch/MoneyLenderSearch.getMoneyLenderList.do 2026-09-18; 등록번호 2016-금감원-0200(대부업); 사업내용 금전대부, 채권추심; 법인번호 110111-3704677; 대부금융협회 회원번호 A00450 (https://www.clfa.or.kr/member/list 2026-09-18)"
loan_fss0206,칸에셋대부,대부,칸에셋대부|(유)칸에셋대부,https://fines.fss.or.kr/fines/plis/moneyLenderSearch/MoneyLenderSearch.getMoneyLenderList.do 2026-09-18; 등록번호 2016-금감원-0206(대부업); 사업내용 채권추심; 법인번호 110114-0129492; 대부금융협회 회원번호 A01518 (https://www.clfa.or.kr/member/list 2026-09-18)
loan_fss0209,유니버셜대부,대부,유니버셜대부|(유)유니버셜대부,https://fines.fss.or.kr/fines/plis/moneyLenderSearch/MoneyLenderSearch.getMoneyLenderList.do 2026-09-18; 등록번호 2016-금감원-0209(대부업); 사업내용 채권추심; 법인번호 110114-0108826; 대부금융협회 회원번호 A00329 (https://www.clfa.or.kr/member/list 2026-09-18)
loan_fss0210,엠엔에스대부,대부,엠엔에스대부|(유)엠엔에스대부,https://fines.fss.or.kr/fines/plis/moneyLenderSearch/MoneyLenderSearch.getMoneyLenderList.do 2026-09-18; 등록번호 2016-금감원-0210(대부업)/2024-금감원-0210(대부중개업); 사업내용 대부중개/채권추심; 법인번호 285014-0000994; 대부금융협회 회원번호 A00609 (https://www.clfa.or.kr/member/list 2026-09-18)
loan_fss0211,비케이자산관리대부,대부,비케이자산관리대부|비케이자산관리대부(주),https://fines.fss.or.kr/fines/plis/moneyLenderSearch/MoneyLenderSearch.getMoneyLenderList.do 2026-09-18; 등록번호 2016-금감원-0211(대부업); 사업내용 채권추심; 법인번호 110111-4716754; 대부금융협회 회원번호 A00444 (https://www.clfa.or.kr/member/list 2026-09-18)
loan_fss0214,한국에셋채권대부,대부,한국에셋채권대부|한국에셋채권대부(주),https://fines.fss.or.kr/fines/plis/moneyLenderSearch/MoneyLenderSearch.getMoneyLenderList.do 2026-09-18; 등록번호 2016-금감원-0214(대부업); 사업내용 채권추심; 법인번호 110111-4419019; 대부금융협회 회원번호 A00507 (https://www.clfa.or.kr/member/list 2026-09-18)
loan_fss0218,한일에셋대부,대부,한일에셋대부|(주)한일에셋대부,https://fines.fss.or.kr/fines/plis/moneyLenderSearch/MoneyLenderSearch.getMoneyLenderList.do 2026-09-18; 등록번호 2016-금감원-0218(대부업); 사업내용 채권추심; 법인번호 110111-3076646; 대부금융협회 회원번호 A00513 (https://www.clfa.or.kr/member/list 2026-09-18)
loan_fss0219,페어컬렉션대부,대부,페어컬렉션대부|(주)페어컬렉션대부,https://fines.fss.or.kr/fines/plis/moneyLenderSearch/MoneyLenderSearch.getMoneyLenderList.do 2026-09-18; 등록번호 2016-금감원-0219(대부업); 사업내용 채권추심; 법인번호 110111-4484872; 대부금융협회 회원번호 A00178 (https://www.clfa.or.kr/member/list 2026-09-18)
loan_fss0220,에이파이브자산대부관리,대부,에이파이브자산대부관리|에이파이브자산대부관리 유한회사,"https://fines.fss.or.kr/fines/plis/moneyLenderSearch/MoneyLenderSearch.getMoneyLenderList.do 2026-09-18; 등록번호 2016-금감원-0220(대부업); 사업내용 금전대부, 채권추심; 법인번호 110114-0084753; 대부금융협회 회원번호 A00467 (https://www.clfa.or.kr/member/list 2026-09-18)"
loan_fss0222,캐시트리대부,대부,캐시트리대부|(주)캐시트리대부,"https://fines.fss.or.kr/fines/plis/moneyLenderSearch/MoneyLenderSearch.getMoneyLenderList.do 2026-09-18; 등록번호 2016-금감원-0222(대부업); 사업내용 금전대부, 채권추심; 법인번호 110111-3893280; 대부금융협회 회원번호 A00520 (https://www.clfa.or.kr/member/list 2026-09-18)"
loan_fss0227,러키캐피탈대부,대부,러키캐피탈대부|(주)러키캐피탈대부,"https://fines.fss.or.kr/fines/plis/moneyLenderSearch/MoneyLenderSearch.getMoneyLenderList.do 2026-09-18; 등록번호 2016-금감원-0227(대부업); 사업내용 금전대부, 채권추심; 법인번호 110111-5739747; 대부금융협회 회원번호 A00521 (https://www.clfa.or.kr/member/list 2026-09-18)"
loan_fss0231,신영자산관리대부,대부,신영자산관리대부|신영자산관리대부유한회사,https://fines.fss.or.kr/fines/plis/moneyLenderSearch/MoneyLenderSearch.getMoneyLenderList.do 2026-09-18; 등록번호 2016-금감원-0231(대부업); 사업내용 채권추심; 법인번호 110114-0082492; 대부금융협회 회원번호 A00449 (https://www.clfa.or.kr/member/list 2026-09-18)
loan_fss0238,아이엔케이자산관리대부,대부,아이엔케이자산관리대부|아이엔케이자산관리대부(주),"https://fines.fss.or.kr/fines/plis/moneyLenderSearch/MoneyLenderSearch.getMoneyLenderList.do 2026-09-18; 등록번호 2016-금감원-0238(대부업); 사업내용 금전대부, 채권추심; 법인번호 110111-4675702; 대부금융협회 회원번호 A00423 (https://www.clfa.or.kr/member/list 2026-09-18)"
loan_fss0240,비케이에셋대부,대부,비케이에셋대부|비케이에셋대부(주),https://fines.fss.or.kr/fines/plis/moneyLenderSearch/MoneyLenderSearch.getMoneyLenderList.do 2026-09-18; 등록번호 2016-금감원-0240(대부업); 사업내용 채권추심; 법인번호 110111-3514688; 대부금융협회 회원번호 A00515 (https://www.clfa.or.kr/member/list 2026-09-18)
loan_fss0241,피엔케이에이엠씨대부,대부,피엔케이에이엠씨대부|(주)피엔케이에이엠씨대부,https://fines.fss.or.kr/fines/plis/moneyLenderSearch/MoneyLenderSearch.getMoneyLenderList.do 2026-09-18; 등록번호 2016-금감원-0241(대부업); 사업내용 채권추심; 법인번호 120111-0634809; 대부금융협회 회원번호 A00442 (https://www.clfa.or.kr/member/list 2026-09-18)
loan_fss0242,아이씨엘대부,대부,아이씨엘대부|아이씨엘대부(주),https://fines.fss.or.kr/fines/plis/moneyLenderSearch/MoneyLenderSearch.getMoneyLenderList.do 2026-09-18; 등록번호 2016-금감원-0242(대부업); 사업내용 채권추심; 법인번호 135511-0232096; 대부금융협회 회원번호 A00778 (https://www.clfa.or.kr/member/list 2026-09-18)
loan_fss0244,인케어파트너스대부,대부,인케어파트너스대부|주식회사 인케어파트너스대부,https://fines.fss.or.kr/fines/plis/moneyLenderSearch/MoneyLenderSearch.getMoneyLenderList.do 2026-09-18; 등록번호 2016-금감원-0244(대부업); 사업내용 채권추심; 법인번호 110111-5616549; 대부금융협회 회원번호 A00405 (https://www.clfa.or.kr/member/list 2026-09-18)
loan_fss0246,와이엘대부,대부,와이엘대부|주식회사 와이엘대부,"https://fines.fss.or.kr/fines/plis/moneyLenderSearch/MoneyLenderSearch.getMoneyLenderList.do 2026-09-18; 등록번호 2016-금감원-0246(대부업); 사업내용 금전대부, 채권추심; 법인번호 194211-0092859; 대부금융협회 회원번호 A00441 (https://www.clfa.or.kr/member/list 2026-09-18)"
loan_fss0248,히어로비케이대부,대부,히어로비케이대부|(주)히어로비케이대부,https://fines.fss.or.kr/fines/plis/moneyLenderSearch/MoneyLenderSearch.getMoneyLenderList.do 2026-09-18; 등록번호 2016-금감원-0248(대부업); 사업내용 채권추심; 법인번호 110111-3908659; 대부금융협회 회원번호 A00514 (https://www.clfa.or.kr/member/list 2026-09-18)
loan_fss0251,케이앤에스에이엠씨대부,대부,케이앤에스에이엠씨대부|케이앤에스에이엠씨대부(주),"https://fines.fss.or.kr/fines/plis/moneyLenderSearch/MoneyLenderSearch.getMoneyLenderList.do 2026-09-18; 등록번호 2016-금감원-0251(대부업); 사업내용 금전대부, 채권추심; 법인번호 110111-5030830; 대부금융협회 회원번호 A00431 (https://www.clfa.or.kr/member/list 2026-09-18)"
loan_fss0252,대주씨플러스대부,대부,대주씨플러스대부|대주씨플러스대부(유),"https://fines.fss.or.kr/fines/plis/moneyLenderSearch/MoneyLenderSearch.getMoneyLenderList.do 2026-09-18; 등록번호 2016-금감원-0252(대부업); 사업내용 금전대부, 채권추심; 법인번호 110114-0077344; 대부금융협회 회원번호 A00488 (https://www.clfa.or.kr/member/list 2026-09-18)"
loan_fss0254,핀메이트대부,대부,핀메이트대부|(주)핀메이트대부,https://fines.fss.or.kr/fines/plis/moneyLenderSearch/MoneyLenderSearch.getMoneyLenderList.do 2026-09-18; 등록번호 2016-금감원-0254(대부업); 사업내용 채권추심; 법인번호 110111-4014976; 대부금융협회 회원번호 A00563 (https://www.clfa.or.kr/member/list 2026-09-18)
loan_fss0256,레드에프앤아이대부,대부,레드에프앤아이대부|주식회사 레드에프앤아이대부,"https://fines.fss.or.kr/fines/plis/moneyLenderSearch/MoneyLenderSearch.getMoneyLenderList.do 2026-09-18; 등록번호 2016-금감원-0256(대부업); 사업내용 금전대부, 채권추심; 법인번호 110111-5761344; 대부금융협회 회원번호 A00531 (https://www.clfa.or.kr/member/list 2026-09-18)"
loan_fss0259,대부원,대부,대부원|대부원 유한회사,https://fines.fss.or.kr/fines/plis/moneyLenderSearch/MoneyLenderSearch.getMoneyLenderList.do 2026-09-18; 등록번호 2016-금감원-0259(대부업); 사업내용 채권추심; 법인번호 110114-0099348; 대부금융협회 회원번호 A00486 (https://www.clfa.or.kr/member/list 2026-09-18)
loan_fss0263,한별에셋대부,대부,한별에셋대부|한별에셋대부(주),https://fines.fss.or.kr/fines/plis/moneyLenderSearch/MoneyLenderSearch.getMoneyLenderList.do 2026-09-18; 등록번호 2016-금감원-0263(대부업); 사업내용 채권추심; 법인번호 110111-4916247; 대부금융협회 회원번호 A00470 (https://www.clfa.or.kr/member/list 2026-09-18)
loan_fss0267,그린씨엔에스자산관리대부,대부,그린씨엔에스자산관리대부|그린씨엔에스자산관리대부 (주),"https://fines.fss.or.kr/fines/plis/moneyLenderSearch/MoneyLenderSearch.getMoneyLenderList.do 2026-09-18; 등록번호 2016-금감원-0267(대부업); 사업내용 금전대부, 채권추심; 법인번호 200111-0320708; 대부금융협회 회원번호 A00564 (https://www.clfa.or.kr/member/list 2026-09-18)"
loan_fss0272,그로우잉대부,대부,그로우잉대부|(주)그로우잉대부,https://fines.fss.or.kr/fines/plis/moneyLenderSearch/MoneyLenderSearch.getMoneyLenderList.do 2026-09-18; 등록번호 2016-금감원-0272(대부업); 사업내용 채권추심; 법인번호 110111-4077734; 대부금융협회 회원번호 A00512 (https://www.clfa.or.kr/member/list 2026-09-18)
loan_fss0276,금융연합자산관리대부,대부,금융연합자산관리대부|금융연합자산관리대부(주),https://fines.fss.or.kr/fines/plis/moneyLenderSearch/MoneyLenderSearch.getMoneyLenderList.do 2026-09-18; 등록번호 2016-금감원-0276(대부업); 사업내용 채권추심; 법인번호 110111-5873727; 대부금융협회 회원번호 A01440 (https://www.clfa.or.kr/member/list 2026-09-18)
loan_fss0280,제이에셋대부,대부,제이에셋대부|제이에셋대부(주),https://fines.fss.or.kr/fines/plis/moneyLenderSearch/MoneyLenderSearch.getMoneyLenderList.do 2026-09-18; 등록번호 2016-금감원-0280(대부업); 사업내용 채권추심; 법인번호 110111-5143584; 대부금융협회 회원번호 A00511 (https://www.clfa.or.kr/member/list 2026-09-18)
loan_fss0282,씨에프자산관리대부,대부,씨에프자산관리대부|씨에프자산관리대부(주),https://fines.fss.or.kr/fines/plis/moneyLenderSearch/MoneyLenderSearch.getMoneyLenderList.do 2026-09-18; 등록번호 2016-금감원-0282(대부업); 사업내용 채권추심; 법인번호 110111-4958512; 대부금융협회 회원번호 A00305 (https://www.clfa.or.kr/member/list 2026-09-18)
loan_fss0285,한국자산대부,대부,한국자산대부|한국자산대부주식회사,https://fines.fss.or.kr/fines/plis/moneyLenderSearch/MoneyLenderSearch.getMoneyLenderList.do 2026-09-18; 등록번호 2016-금감원-0285(대부업)/2016-금감원-0285(대부중개업); 사업내용 대부중개/채권추심; 법인번호 110111-4658584; 대부금융협회 회원번호 A00522 (https://www.clfa.or.kr/member/list 2026-09-18)
loan_fss0293,케이엠자산대부,대부,케이엠자산대부|(주)케이엠자산대부,https://fines.fss.or.kr/fines/plis/moneyLenderSearch/MoneyLenderSearch.getMoneyLenderList.do 2026-09-18; 등록번호 2016-금감원-0293(대부업); 사업내용 채권추심; 법인번호 110111-5877232; 대부금융협회 회원번호 A00585 (https://www.clfa.or.kr/member/list 2026-09-18)
loan_fss0296,대성인베스트자산관리대부,대부,대성인베스트자산관리대부|대성인베스트자산관리대부(주),"https://fines.fss.or.kr/fines/plis/moneyLenderSearch/MoneyLenderSearch.getMoneyLenderList.do 2026-09-18; 등록번호 2016-금감원-0296(대부업)/2019-금감원-0296(대부중개업); 사업내용 금전대부, 채권추심/대부중개; 법인번호 110111-5777656; 대부금융협회 회원번호 A00559 (https://www.clfa.or.kr/member/list 2026-09-18)"
loan_fss0304,글로벌북성,대부,글로벌북성|글로벌북성주식회사,https://fines.fss.or.kr/fines/plis/moneyLenderSearch/MoneyLenderSearch.getMoneyLenderList.do 2026-09-18; 등록번호 2016-금감원-0304(대부업); 사업내용 채권추심; 법인번호 110111-4649369; 대부금융협회 회원번호 A00857 (https://www.clfa.or.kr/member/list 2026-09-18)
loan_fss0307,한울대부자산관리,대부,한울대부자산관리|한울대부자산관리주식회사,https://fines.fss.or.kr/fines/plis/moneyLenderSearch/MoneyLenderSearch.getMoneyLenderList.do 2026-09-18; 등록번호 2016-금감원-0307(대부업); 사업내용 채권추심; 법인번호 110111-3774703; 대부금융협회 회원번호 A00461 (https://www.clfa.or.kr/member/list 2026-09-18)
loan_fss0308,씨엔와이자산관리대부,대부,씨엔와이자산관리대부|(주)씨엔와이자산관리대부,https://fines.fss.or.kr/fines/plis/moneyLenderSearch/MoneyLenderSearch.getMoneyLenderList.do 2026-09-18; 등록번호 2016-금감원-0308(대부업); 사업내용 채권추심; 법인번호 134111-0373914; 대부금융협회 회원번호 A05238 (https://www.clfa.or.kr/member/list 2026-09-18)
loan_fss0309,벤투라인베스트먼트대부,대부,벤투라인베스트먼트대부|(주)벤투라인베스트먼트대부,https://fines.fss.or.kr/fines/plis/moneyLenderSearch/MoneyLenderSearch.getMoneyLenderList.do 2026-09-18; 등록번호 2016-금감원-0309(대부업); 사업내용 채권추심; 법인번호 110111-5606574; 대부금융협회 회원번호 A00561 (https://www.clfa.or.kr/member/list 2026-09-18)
loan_fss0310,지비자산관리대부,대부,지비자산관리대부|(주)지비자산관리대부,"https://fines.fss.or.kr/fines/plis/moneyLenderSearch/MoneyLenderSearch.getMoneyLenderList.do 2026-09-18; 등록번호 2016-금감원-0310(대부업)/2016-금감원-0310(대부중개업); 사업내용 금전대부, 채권추심/대부중개; 법인번호 180111-0899013; 대부금융협회 회원번호 A00953 (https://www.clfa.or.kr/member/list 2026-09-18)"
loan_fss0313,제이티대부,대부,제이티대부|제이티대부(주),https://fines.fss.or.kr/fines/plis/moneyLenderSearch/MoneyLenderSearch.getMoneyLenderList.do 2026-09-18; 등록번호 2016-금감원-0313(대부업); 사업내용 채권추심; 법인번호 110111-4308113; 대부금융협회 회원번호 A01222 (https://www.clfa.or.kr/member/list 2026-09-18)
loan_fss0318,영일자산관리대부,대부,영일자산관리대부|영일자산관리대부(유),https://fines.fss.or.kr/fines/plis/moneyLenderSearch/MoneyLenderSearch.getMoneyLenderList.do 2026-09-18; 등록번호 2016-금감원-0318(대부업); 사업내용 채권추심; 법인번호 110114-0144945; 대부금융협회 회원번호 A00553 (https://www.clfa.or.kr/member/list 2026-09-18)
loan_fss0325,트리플에이엠씨대부,대부,트리플에이엠씨대부|트리플에이엠씨대부 주식회사,"https://fines.fss.or.kr/fines/plis/moneyLenderSearch/MoneyLenderSearch.getMoneyLenderList.do 2026-09-18; 등록번호 2016-금감원-0325(대부업); 사업내용 금전대부, 채권추심; 법인번호 110111-2697013; 대부금융협회 회원번호 A00725 (https://www.clfa.or.kr/member/list 2026-09-18)"
loan_fss0340,케이제이자산관리대부,대부,케이제이자산관리대부|케이제이자산관리대부(주),https://fines.fss.or.kr/fines/plis/moneyLenderSearch/MoneyLenderSearch.getMoneyLenderList.do 2026-09-18; 등록번호 2016-금감원-0340(대부업); 사업내용 채권추심; 법인번호 200111-0336614; 대부금융협회 회원번호 A00589 (https://www.clfa.or.kr/member/list 2026-09-18)
loan_fss0363,동양자산관리대부,대부,동양자산관리대부|동양자산관리대부 (주),https://fines.fss.or.kr/fines/plis/moneyLenderSearch/MoneyLenderSearch.getMoneyLenderList.do 2026-09-18; 등록번호 2016-금감원-0363(대부업); 사업내용 채권추심; 법인번호 110111-5903665; 대부금융협회 회원번호 A00527 (https://www.clfa.or.kr/member/list 2026-09-18)
loan_fss0370,신성자산대부관리,대부,신성자산대부관리|신성자산대부관리 유한회사,https://fines.fss.or.kr/fines/plis/moneyLenderSearch/MoneyLenderSearch.getMoneyLenderList.do 2026-09-18; 등록번호 2016-금감원-0370(대부업); 사업내용 채권추심; 법인번호 110114-0161056; 대부금융협회 회원번호 A00540 (https://www.clfa.or.kr/member/list 2026-09-18)
loan_fss0372,코인캐피탈대부,대부,코인캐피탈대부|(주)코인캐피탈대부,"https://fines.fss.or.kr/fines/plis/moneyLenderSearch/MoneyLenderSearch.getMoneyLenderList.do 2026-09-18; 등록번호 2016-금감원-0372(대부업); 사업내용 금전대부, 채권추심; 법인번호 110111-5312569; 대부금융협회 회원번호 A00742 (https://www.clfa.or.kr/member/list 2026-09-18)"
loan_fss0391,한국퀵대부,대부,한국퀵대부|(주)한국퀵대부,"https://fines.fss.or.kr/fines/plis/moneyLenderSearch/MoneyLenderSearch.getMoneyLenderList.do 2026-09-18; 등록번호 2016-금감원-0391(대부업); 사업내용 금전대부, 채권추심; 법인번호 110111-4858910; 대부금융협회 회원번호 A00578 (https://www.clfa.or.kr/member/list 2026-09-18)"
loan_fss0397,에이치엠자산관리대부,대부,에이치엠자산관리대부|에이치엠자산관리대부 주식회사,https://fines.fss.or.kr/fines/plis/moneyLenderSearch/MoneyLenderSearch.getMoneyLenderList.do 2026-09-18; 등록번호 2016-금감원-0397(대부업); 사업내용 채권추심; 법인번호 110111-5594779; 대부금융협회 회원번호 A00538 (https://www.clfa.or.kr/member/list 2026-09-18)
loan_fss0403,삼원전국엔피엘대부금융,대부,삼원전국엔피엘대부금융|삼원전국엔피엘대부금융 주식회사,"https://fines.fss.or.kr/fines/plis/moneyLenderSearch/MoneyLenderSearch.getMoneyLenderList.do 2026-09-18; 등록번호 2016-금감원-0403(대부업); 사업내용 금전대부, 채권추심; 법인번호 110111-5880483; 대부금융협회 회원번호 A01426 (https://www.clfa.or.kr/member/list 2026-09-18)"
loan_fss0406,신한이엔씨,대부,신한이엔씨|(주)신한이엔씨,https://fines.fss.or.kr/fines/plis/moneyLenderSearch/MoneyLenderSearch.getMoneyLenderList.do 2026-09-18; 등록번호 2016-금감원-0406(대부업); 사업내용 채권추심; 법인번호 110111-1236200; 대부금융협회 회원번호 A01693 (https://www.clfa.or.kr/member/list 2026-09-18)
loan_fss0412,진영자산관리대부,대부,진영자산관리대부|진영자산관리대부(유),https://fines.fss.or.kr/fines/plis/moneyLenderSearch/MoneyLenderSearch.getMoneyLenderList.do 2026-09-18; 등록번호 2016-금감원-0412(대부업); 사업내용 채권추심; 법인번호 110114-0316891; 대부금융협회 회원번호 A00528 (https://www.clfa.or.kr/member/list 2026-09-18)
loan_fss0433,지에이자산관리대부,대부,지에이자산관리대부|지에이자산관리대부주식회사,"https://fines.fss.or.kr/fines/plis/moneyLenderSearch/MoneyLenderSearch.getMoneyLenderList.do 2026-09-18; 등록번호 2016-금감원-0433(대부업); 사업내용 금전대부, 채권추심; 법인번호 200111-0426514; 대부금융협회 회원번호 A00555 (https://www.clfa.or.kr/member/list 2026-09-18)"
loan_fss0434,서울엔피엘대부,대부,서울엔피엘대부|주식회사 서울엔피엘대부,"https://fines.fss.or.kr/fines/plis/moneyLenderSearch/MoneyLenderSearch.getMoneyLenderList.do 2026-09-18; 등록번호 2016-금감원-0434(대부업); 사업내용 금전대부, 채권추심; 법인번호 110111-5384302; 대부금융협회 회원번호 A00591 (https://www.clfa.or.kr/member/list 2026-09-18)"
loan_fss0443,엠에스아이대부,대부,엠에스아이대부|엠에스아이대부(주),"https://fines.fss.or.kr/fines/plis/moneyLenderSearch/MoneyLenderSearch.getMoneyLenderList.do 2026-09-18; 등록번호 2016-금감원-0443(대부업); 사업내용 금전대부, 채권추심; 법인번호 110111-5765586; 대부금융협회 회원번호 A00427 (https://www.clfa.or.kr/member/list 2026-09-18)"
loan_fss0445,스탠다드스타에이엠씨,대부,스탠다드스타에이엠씨|주식회사 스탠다드스타에이엠씨,"https://fines.fss.or.kr/fines/plis/moneyLenderSearch/MoneyLenderSearch.getMoneyLenderList.do 2026-09-18; 등록번호 2016-금감원-0445(대부업); 사업내용 금전대부, 채권추심; 법인번호 180111-0751908; 대부금융협회 회원번호 A01845 (https://www.clfa.or.kr/member/list 2026-09-18)"
loan_fss0454,아고라에이엠씨대부,대부,아고라에이엠씨대부|아고라에이엠씨대부(주),https://fines.fss.or.kr/fines/plis/moneyLenderSearch/MoneyLenderSearch.getMoneyLenderList.do 2026-09-18; 등록번호 2016-금감원-0454(대부업); 사업내용 채권추심; 법인번호 110111-5632793; 대부금융협회 회원번호 A00601 (https://www.clfa.or.kr/member/list 2026-09-18)
loan_fss0462,더블유솔루션대부,대부,더블유솔루션대부|(주)더블유솔루션대부,https://fines.fss.or.kr/fines/plis/moneyLenderSearch/MoneyLenderSearch.getMoneyLenderList.do 2026-09-18; 등록번호 2016-금감원-0462(대부업); 사업내용 채권추심; 법인번호 110111-5409986; 대부금융협회 회원번호 A00714 (https://www.clfa.or.kr/member/list 2026-09-18)
loan_fss0463,비콜렉트대부,대부,비콜렉트대부|비콜렉트대부(주),https://fines.fss.or.kr/fines/plis/moneyLenderSearch/MoneyLenderSearch.getMoneyLenderList.do 2026-09-18; 등록번호 2016-금감원-0463(대부업); 사업내용 채권추심; 법인번호 110111-5942572; 대부금융협회 회원번호 A00616 (https://www.clfa.or.kr/member/list 2026-09-18)
loan_fss0472,에이스자산관리대부,대부,에이스자산관리대부|에이스자산관리대부(주),https://fines.fss.or.kr/fines/plis/moneyLenderSearch/MoneyLenderSearch.getMoneyLenderList.do 2026-09-18; 등록번호 2016-금감원-0472(대부업); 사업내용 채권추심; 법인번호 141211-0079090; 대부금융협회 회원번호 A01414 (https://www.clfa.or.kr/member/list 2026-09-18)
loan_fss0480,평산대부,대부,평산대부|평산대부(주),"https://fines.fss.or.kr/fines/plis/moneyLenderSearch/MoneyLenderSearch.getMoneyLenderList.do 2026-09-18; 등록번호 2016-금감원-0480(대부업)/2016-금감원-0480(대부중개업); 사업내용 금전대부, 채권추심/대부중개; 법인번호 134111-0443577; 대부금융협회 회원번호 A00632 (https://www.clfa.or.kr/member/list 2026-09-18)"
loan_fss0481,해밀자산관리대부,대부,해밀자산관리대부|해밀자산관리대부(유),https://fines.fss.or.kr/fines/plis/moneyLenderSearch/MoneyLenderSearch.getMoneyLenderList.do 2026-09-18; 등록번호 2016-금감원-0481(대부업); 사업내용 채권추심; 법인번호 110114-0112009; 대부금융협회 회원번호 A00463 (https://www.clfa.or.kr/member/list 2026-09-18)
loan_fss0506,진성자산관리대부,대부,진성자산관리대부|진성자산관리대부 주식회사,"https://fines.fss.or.kr/fines/plis/moneyLenderSearch/MoneyLenderSearch.getMoneyLenderList.do 2026-09-18; 등록번호 2016-금감원-0506(대부업)/2018-금감원-0506(대부중개업); 사업내용 금전대부, 채권추심/대부중개; 법인번호 115211-0033238; 대부금융협회 회원번호 A00670 (https://www.clfa.or.kr/member/list 2026-09-18)"
loan_fss0513,채움자산관리대부,대부,채움자산관리대부|채움자산관리대부(주),"https://fines.fss.or.kr/fines/plis/moneyLenderSearch/MoneyLenderSearch.getMoneyLenderList.do 2026-09-18; 등록번호 2016-금감원-0513(대부업); 사업내용 금전대부, 채권추심; 법인번호 150111-0219259; 대부금융협회 회원번호 A01614 (https://www.clfa.or.kr/member/list 2026-09-18)"
loan_fss0516,모재에이엠씨대부,대부,모재에이엠씨대부|주식회사 모재에이엠씨대부,"https://fines.fss.or.kr/fines/plis/moneyLenderSearch/MoneyLenderSearch.getMoneyLenderList.do 2026-09-18; 등록번호 2016-금감원-0516(대부업); 사업내용 금전대부, 채권추심; 법인번호 110111-4983816; 대부금융협회 회원번호 A01615 (https://www.clfa.or.kr/member/list 2026-09-18)"
loan_fss0537,비젼에이엠씨대부,대부,비젼에이엠씨대부|주식회사 비젼에이엠씨대부,"https://fines.fss.or.kr/fines/plis/moneyLenderSearch/MoneyLenderSearch.getMoneyLenderList.do 2026-09-18; 등록번호 2016-금감원-0537(대부업)/2016-금감원-0537(대부중개업); 사업내용 금전대부, 채권추심/대부중개; 법인번호 110111-6027068; 대부금융협회 회원번호 A01631 (https://www.clfa.or.kr/member/list 2026-09-18)"
loan_fss0545,한미자산대부업,대부,한미자산대부업|한미자산대부업 주식회사,"https://fines.fss.or.kr/fines/plis/moneyLenderSearch/MoneyLenderSearch.getMoneyLenderList.do 2026-09-18; 등록번호 2016-금감원-0545(대부업)/2016-금감원-0545(대부중개업); 사업내용 금전대부, 채권추심/대부중개; 법인번호 195511-0198626; 대부금융협회 회원번호 A01634 (https://www.clfa.or.kr/member/list 2026-09-18)"
loan_fss0549,한강자산관리대부,대부,한강자산관리대부|주식회사 한강자산관리대부,"https://fines.fss.or.kr/fines/plis/moneyLenderSearch/MoneyLenderSearch.getMoneyLenderList.do 2026-09-18; 등록번호 2016-금감원-0549(대부업); 사업내용 금전대부, 채권추심; 법인번호 121111-0311696; 대부금융협회 회원번호 A01613 (https://www.clfa.or.kr/member/list 2026-09-18)"
loan_fss0556,형지대부,대부,형지대부|주식회사 형지대부,"https://fines.fss.or.kr/fines/plis/moneyLenderSearch/MoneyLenderSearch.getMoneyLenderList.do 2026-09-18; 등록번호 2016-금감원-0556(대부업)/2016-금감원-0556(대부중개업); 사업내용 금전대부, 채권추심/대부중개; 법인번호 285011-0333752; 대부금융협회 회원번호 A00776 (https://www.clfa.or.kr/member/list 2026-09-18)"
loan_fss0568,이엘에셋대부,대부,이엘에셋대부|이엘에셋대부 유한회사,"https://fines.fss.or.kr/fines/plis/moneyLenderSearch/MoneyLenderSearch.getMoneyLenderList.do 2026-09-18; 등록번호 2016-금감원-0568(대부업); 사업내용 금전대부, 채권추심; 법인번호 110114-0188662; 대부금융협회 회원번호 A01717 (https://www.clfa.or.kr/member/list 2026-09-18)"
loan_fss0593,엘엠케이자산관리대부(LMKInc.),대부,엘엠케이자산관리대부(LMKInc.)|주식회사 엘엠케이자산관리대부 (LMK Inc.),"https://fines.fss.or.kr/fines/plis/moneyLenderSearch/MoneyLenderSearch.getMoneyLenderList.do 2026-09-18; 등록번호 2016-금감원-0593(대부업); 사업내용 금전대부, 채권추심; 법인번호 194211-0236803; 대부금융협회 회원번호 A00732 (https://www.clfa.or.kr/member/list 2026-09-18)"
loan_fss0608,선한자산관리대부,대부,선한자산관리대부|선한자산관리대부 주식회사,https://fines.fss.or.kr/fines/plis/moneyLenderSearch/MoneyLenderSearch.getMoneyLenderList.do 2026-09-18; 등록번호 2016-금감원-0608(대부업); 사업내용 채권추심; 법인번호 110111-5071230; 대부금융협회 회원번호 A01653 (https://www.clfa.or.kr/member/list 2026-09-18)
loan_fss0613,고려에셋대부,대부,고려에셋대부|주식회사 고려에셋대부,"https://fines.fss.or.kr/fines/plis/moneyLenderSearch/MoneyLenderSearch.getMoneyLenderList.do 2026-09-18; 등록번호 2016-금감원-0613(대부업); 사업내용 금전대부, 채권추심; 법인번호 121111-0315789; 대부금융협회 회원번호 A01640 (https://www.clfa.or.kr/member/list 2026-09-18)"
loan_fss0614,한림대부개발,대부,한림대부개발|한림대부개발 주식회사,https://fines.fss.or.kr/fines/plis/moneyLenderSearch/MoneyLenderSearch.getMoneyLenderList.do 2026-09-18; 등록번호 2016-금감원-0614(대부업); 사업내용 채권추심; 법인번호 194211-0248353; 대부금융협회 회원번호 A01649 (https://www.clfa.or.kr/member/list 2026-09-18)
loan_fss0620,엑스포대부금융,대부,엑스포대부금융|주식회사 엑스포대부금융,"https://fines.fss.or.kr/fines/plis/moneyLenderSearch/MoneyLenderSearch.getMoneyLenderList.do 2026-09-18; 등록번호 2016-금감원-0620(대부업); 사업내용 금전대부, 채권추심; 법인번호 206211-0043005; 대부금융협회 회원번호 A01636 (https://www.clfa.or.kr/member/list 2026-09-18)"
loan_fss0631,굿모닝대부투자,대부,굿모닝대부투자|굿모닝대부투자 주식회사,"https://fines.fss.or.kr/fines/plis/moneyLenderSearch/MoneyLenderSearch.getMoneyLenderList.do 2026-09-18; 등록번호 2016-금감원-0631(대부업); 사업내용 금전대부, 채권추심; 법인번호 110111-6196988; 대부금융협회 회원번호 A01691 (https://www.clfa.or.kr/member/list 2026-09-18)"
loan_fss0658,씨에이치에셋대부,대부,씨에이치에셋대부|씨에이치에셋대부 유한회사,https://fines.fss.or.kr/fines/plis/moneyLenderSearch/MoneyLenderSearch.getMoneyLenderList.do 2026-09-18; 등록번호 2016-금감원-0658(대부업); 사업내용 채권추심; 법인번호 134114-0005579; 대부금융협회 회원번호 A00739 (https://www.clfa.or.kr/member/list 2026-09-18)
loan_fss0659,샤인캐피탈대부,대부,샤인캐피탈대부|(주)샤인캐피탈대부,"https://fines.fss.or.kr/fines/plis/moneyLenderSearch/MoneyLenderSearch.getMoneyLenderList.do 2026-09-18; 등록번호 2016-금감원-0659(대부업); 사업내용 금전대부, 채권추심; 법인번호 110111-4967836; 대부금융협회 회원번호 A00272 (https://www.clfa.or.kr/member/list 2026-09-18)"
loan_fss0664,넥서스엔피엘대부,대부,넥서스엔피엘대부|주식회사 넥서스엔피엘대부,"https://fines.fss.or.kr/fines/plis/moneyLenderSearch/MoneyLenderSearch.getMoneyLenderList.do 2026-09-18; 등록번호 2016-금감원-0664(대부업); 사업내용 금전대부, 채권추심; 법인번호 164711-0062808; 대부금융협회 회원번호 A00733 (https://www.clfa.or.kr/member/list 2026-09-18)"
loan_fss0689,상은대부컴퍼니,대부,상은대부컴퍼니|유한책임회사 상은대부컴퍼니,"https://fines.fss.or.kr/fines/plis/moneyLenderSearch/MoneyLenderSearch.getMoneyLenderList.do 2026-09-18; 등록번호 2016-금감원-0689(대부업)/2016-금감원-0689(대부중개업); 사업내용 금전대부, 채권추심/대부중개; 법인번호 194215-0000127; 대부금융협회 회원번호 A01680 (https://www.clfa.or.kr/member/list 2026-09-18)"
loan_fss0691,동문산업개발,대부,동문산업개발|동문산업개발 주식회사,https://fines.fss.or.kr/fines/plis/moneyLenderSearch/MoneyLenderSearch.getMoneyLenderList.do 2026-09-18; 등록번호 2016-금감원-0691(대부업); 사업내용 채권추심; 법인번호 180111-0794239; 대부금융협회 회원번호 A00770 (https://www.clfa.or.kr/member/list 2026-09-18)
loan_fss0701,엘에스에이엠씨대부,대부,엘에스에이엠씨대부|주식회사엘에스에이엠씨대부,"https://fines.fss.or.kr/fines/plis/moneyLenderSearch/MoneyLenderSearch.getMoneyLenderList.do 2026-09-18; 등록번호 2016-금감원-0701(대부업); 사업내용 금전대부, 채권추심; 법인번호 110111-6193710; 대부금융협회 회원번호 A01740 (https://www.clfa.or.kr/member/list 2026-09-18)"
loan_fss0712,한국팜대부,대부,한국팜대부|한국팜대부 주식회사,"https://fines.fss.or.kr/fines/plis/moneyLenderSearch/MoneyLenderSearch.getMoneyLenderList.do 2026-09-18; 등록번호 2016-금감원-0712(대부업)/2016-금감원-0712(대부중개업); 사업내용 금전대부, 채권추심/대부중개; 법인번호 110111-6232013; 대부금융협회 회원번호 A01711 (https://www.clfa.or.kr/member/list 2026-09-18)"
loan_fss0732,테라에셋대부,대부,테라에셋대부|유한회사 테라에셋대부,https://fines.fss.or.kr/fines/plis/moneyLenderSearch/MoneyLenderSearch.getMoneyLenderList.do 2026-09-18; 등록번호 2017-금감원-0732(대부업); 사업내용 채권추심; 법인번호 110114-0127222; 대부금융협회 회원번호 A01723 (https://www.clfa.or.kr/member/list 2026-09-18)
loan_fss0743,피데스자산관리대부,대부,피데스자산관리대부|피데스자산관리대부 주식회사,"https://fines.fss.or.kr/fines/plis/moneyLenderSearch/MoneyLenderSearch.getMoneyLenderList.do 2026-09-18; 등록번호 2017-금감원-0743(대부업); 사업내용 금전대부, 채권추심; 법인번호 110111-6241238; 대부금융협회 회원번호 A01699 (https://www.clfa.or.kr/member/list 2026-09-18)"
loan_fss0745,밸리온,대부,밸리온|주식회사 밸리온,"https://fines.fss.or.kr/fines/plis/moneyLenderSearch/MoneyLenderSearch.getMoneyLenderList.do 2026-09-18; 등록번호 2017-금감원-0745(대부업); 사업내용 금전대부, 채권추심; 법인번호 110111-4650598; 대부금융협회 회원번호 A01223 (https://www.clfa.or.kr/member/list 2026-09-18)"
loan_fss0750,코리아캐피탈대부,대부,코리아캐피탈대부|코리아캐피탈대부 주식회사,"https://fines.fss.or.kr/fines/plis/moneyLenderSearch/MoneyLenderSearch.getMoneyLenderList.do 2026-09-18; 등록번호 2017-금감원-0750(대부업); 사업내용 금전대부, 채권추심; 법인번호 180111-1065209; 대부금융협회 회원번호 A00741 (https://www.clfa.or.kr/member/list 2026-09-18)"
loan_fss0783,씨에스에이엠대부,대부,씨에스에이엠대부|유한회사 씨에스에이엠대부,"https://fines.fss.or.kr/fines/plis/moneyLenderSearch/MoneyLenderSearch.getMoneyLenderList.do 2026-09-18; 등록번호 2017-금감원-0783(대부업)/2021-금감원-0783(대부중개업); 사업내용 금전대부, 채권추심/대부중개; 법인번호 110114-0195758; 대부금융협회 회원번호 A00904 (https://www.clfa.or.kr/member/list 2026-09-18)"
loan_fss0785,엘림자산관리대부,대부,엘림자산관리대부|(주)엘림자산관리대부,"https://fines.fss.or.kr/fines/plis/moneyLenderSearch/MoneyLenderSearch.getMoneyLenderList.do 2026-09-18; 등록번호 2017-금감원-0785(대부업); 사업내용 금전대부, 채권추심; 법인번호 110111-5872836; 대부금융협회 회원번호 A01750 (https://www.clfa.or.kr/member/list 2026-09-18)"
loan_fss0787,에이클래스대부,대부,에이클래스대부|에이클래스대부 주식회사,"https://fines.fss.or.kr/fines/plis/moneyLenderSearch/MoneyLenderSearch.getMoneyLenderList.do 2026-09-18; 등록번호 2017-금감원-0787(대부업)/2017-금감원-0787(대부중개업); 사업내용 금전대부, 채권추심/대부중개; 법인번호 110111-6273801; 대부금융협회 회원번호 A01743 (https://www.clfa.or.kr/member/list 2026-09-18)"
loan_fss0798,필야에셋대부,대부,필야에셋대부|필야에셋대부 주식회사,"https://fines.fss.or.kr/fines/plis/moneyLenderSearch/MoneyLenderSearch.getMoneyLenderList.do 2026-09-18; 등록번호 2017-금감원-0798(대부업); 사업내용 금전대부, 채권추심; 법인번호 134211-0184781; 대부금융협회 회원번호 A00743 (https://www.clfa.or.kr/member/list 2026-09-18)"
loan_fss0802,다인사모대부,대부,다인사모대부|주식회사 다인사모대부,"https://fines.fss.or.kr/fines/plis/moneyLenderSearch/MoneyLenderSearch.getMoneyLenderList.do 2026-09-18; 등록번호 2017-금감원-0802(대부업); 사업내용 금전대부, 채권추심; 법인번호 280211-0162334; 대부금융협회 회원번호 A01757 (https://www.clfa.or.kr/member/list 2026-09-18)"
loan_fss0813,오렌지대부,대부,오렌지대부|오렌지대부 주식회사,"https://fines.fss.or.kr/fines/plis/moneyLenderSearch/MoneyLenderSearch.getMoneyLenderList.do 2026-09-18; 등록번호 2017-금감원-0813(대부업); 사업내용 금전대부, 채권추심; 법인번호 110111-5533834; 대부금융협회 회원번호 A00736 (https://www.clfa.or.kr/member/list 2026-09-18)"
loan_fss0815,람코대부,대부,람코대부|람코대부 주식회사,"https://fines.fss.or.kr/fines/plis/moneyLenderSearch/MoneyLenderSearch.getMoneyLenderList.do 2026-09-18; 등록번호 2017-금감원-0815(대부업); 사업내용 금전대부, 채권추심; 법인번호 134811-0240101; 대부금융협회 회원번호 A00735 (https://www.clfa.or.kr/member/list 2026-09-18)"
loan_fss0826,랜드홀릭대부금융,대부,랜드홀릭대부금융|주식회사 랜드홀릭대부금융,"https://fines.fss.or.kr/fines/plis/moneyLenderSearch/MoneyLenderSearch.getMoneyLenderList.do 2026-09-18; 등록번호 2017-금감원-0826(대부업)/2017-금감원-0826(대부중개업); 사업내용 금전대부, 채권추심/대부중개; 법인번호 110111-6303591; 대부금융협회 회원번호 A01713 (https://www.clfa.or.kr/member/list 2026-09-18)"
loan_fss0827,유아이에셋관리대부,대부,유아이에셋관리대부|주식회사 유아이에셋관리대부,"https://fines.fss.or.kr/fines/plis/moneyLenderSearch/MoneyLenderSearch.getMoneyLenderList.do 2026-09-18; 등록번호 2017-금감원-0827(대부업)/2025-금감원-0827(대부중개업); 사업내용 금전대부, 채권추심/대부중개; 법인번호 110111-6275394; 대부금융협회 회원번호 A01786 (https://www.clfa.or.kr/member/list 2026-09-18)"
loan_fss0835,제이희망드림대부,대부,제이희망드림대부|주식회사 제이희망드림대부,https://fines.fss.or.kr/fines/plis/moneyLenderSearch/MoneyLenderSearch.getMoneyLenderList.do 2026-09-18; 등록번호 2017-금감원-0835(대부업); 사업내용 채권추심; 법인번호 131411-0339533; 대부금융협회 회원번호 A01742 (https://www.clfa.or.kr/member/list 2026-09-18)
loan_fss0849,오누리인터내셔날대부,대부,오누리인터내셔날대부|주식회사 오누리인터내셔날대부,https://fines.fss.or.kr/fines/plis/moneyLenderSearch/MoneyLenderSearch.getMoneyLenderList.do 2026-09-18; 등록번호 2017-금감원-0849(대부업); 사업내용 채권추심; 법인번호 110111-3236555; 대부금융협회 회원번호 A00727 (https://www.clfa.or.kr/member/list 2026-09-18)
loan_fss0861,가교에이엠씨대부,대부,가교에이엠씨대부|가교에이엠씨대부 주식회사,https://fines.fss.or.kr/fines/plis/moneyLenderSearch/MoneyLenderSearch.getMoneyLenderList.do 2026-09-18; 등록번호 2017-금감원-0861(대부업); 사업내용 채권추심; 법인번호 110111-3422716; 대부금융협회 회원번호 A00496 (https://www.clfa.or.kr/member/list 2026-09-18)
loan_fss0866,와이엠투자대부,대부,와이엠투자대부|주식회사 와이엠투자대부,"https://fines.fss.or.kr/fines/plis/moneyLenderSearch/MoneyLenderSearch.getMoneyLenderList.do 2026-09-18; 등록번호 2017-금감원-0866(대부업); 사업내용 금전대부, 채권추심; 법인번호 110111-6324274; 대부금융협회 회원번호 A01770 (https://www.clfa.or.kr/member/list 2026-09-18)"
loan_fss0868,대명에이엠씨대부,대부,대명에이엠씨대부|대명에이엠씨대부 주식회사,https://fines.fss.or.kr/fines/plis/moneyLenderSearch/MoneyLenderSearch.getMoneyLenderList.do 2026-09-18; 등록번호 2017-금감원-0868(대부업); 사업내용 채권추심; 법인번호 180111-0833996; 대부금융협회 회원번호 A01807 (https://www.clfa.or.kr/member/list 2026-09-18)
loan_fss0876,보경엠에프대부,대부,보경엠에프대부|주식회사 보경엠에프대부,"https://fines.fss.or.kr/fines/plis/moneyLenderSearch/MoneyLenderSearch.getMoneyLenderList.do 2026-09-18; 등록번호 2023-금감원-0876(대부업)/2023-금감원-0876(대부중개업); 사업내용 금전대부, 채권추심/대부중개; 법인번호 110111-5540102; 대부금융협회 회원번호 A01779 (https://www.clfa.or.kr/member/list 2026-09-18)"
loan_fss0882,온나라에이엠씨대부,대부,온나라에이엠씨대부|주식회사 온나라에이엠씨대부,"https://fines.fss.or.kr/fines/plis/moneyLenderSearch/MoneyLenderSearch.getMoneyLenderList.do 2026-09-18; 등록번호 2017-금감원-0882(대부업); 사업내용 금전대부, 채권추심; 법인번호 141211-0082564; 대부금융협회 회원번호 A01796 (https://www.clfa.or.kr/member/list 2026-09-18)"
loan_fss0909,신대부홀딩스,대부,신대부홀딩스|주식회사신대부홀딩스,"https://fines.fss.or.kr/fines/plis/moneyLenderSearch/MoneyLenderSearch.getMoneyLenderList.do 2026-09-18; 등록번호 2017-금감원-0909(대부업); 사업내용 금전대부, 채권추심; 법인번호 110111-6340486; 대부금융협회 회원번호 A01806 (https://www.clfa.or.kr/member/list 2026-09-18)"
loan_fss0920,지아이투자대부,대부,지아이투자대부|지아이투자대부 주식회사,"https://fines.fss.or.kr/fines/plis/moneyLenderSearch/MoneyLenderSearch.getMoneyLenderList.do 2026-09-18; 등록번호 2017-금감원-0920(대부업); 사업내용 금전대부, 채권추심; 법인번호 110111-6331188; 대부금융협회 회원번호 A01355 (https://www.clfa.or.kr/member/list 2026-09-18)"
loan_fss0922,린파이낸싱대부,대부,린파이낸싱대부|린파이낸싱대부 주식회사,"https://fines.fss.or.kr/fines/plis/moneyLenderSearch/MoneyLenderSearch.getMoneyLenderList.do 2026-09-18; 등록번호 2017-금감원-0922(대부업); 사업내용 금전대부, 채권추심; 법인번호 110111-5160588; 대부금융협회 회원번호 A01824 (https://www.clfa.or.kr/member/list 2026-09-18)"
loan_fss0942,엠케이자산관리앤대부,대부,엠케이자산관리앤대부|주식회사엠케이자산관리앤대부,"https://fines.fss.or.kr/fines/plis/moneyLenderSearch/MoneyLenderSearch.getMoneyLenderList.do 2026-09-18; 등록번호 2017-금감원-0942(대부업); 사업내용 금전대부, 채권추심; 법인번호 110111-6359544; 대부금융협회 회원번호 A00856 (https://www.clfa.or.kr/member/list 2026-09-18)"
loan_fss0948,세이트카림대부,대부,세이트카림대부|주식회사 세이트카림대부,https://fines.fss.or.kr/fines/plis/moneyLenderSearch/MoneyLenderSearch.getMoneyLenderList.do 2026-09-18; 등록번호 2017-금감원-0948(대부업); 사업내용 채권추심; 법인번호 200111-0492127; 대부금융협회 회원번호 A01827 (https://www.clfa.or.kr/member/list 2026-09-18)
loan_fss0960,제우스자산관리대부,대부,제우스자산관리대부|제우스자산관리대부 유한회사,"https://fines.fss.or.kr/fines/plis/moneyLenderSearch/MoneyLenderSearch.getMoneyLenderList.do 2026-09-18; 등록번호 2017-금감원-0960(대부업); 사업내용 금전대부, 채권추심; 법인번호 110114-0199974; 대부금융협회 회원번호 A00838 (https://www.clfa.or.kr/member/list 2026-09-18)"
loan_fss0969,노바에셋대부,대부,노바에셋대부|노바에셋대부 주식회사,"https://fines.fss.or.kr/fines/plis/moneyLenderSearch/MoneyLenderSearch.getMoneyLenderList.do 2026-09-18; 등록번호 2017-금감원-0969(대부업); 사업내용 금전대부, 채권추심; 법인번호 234111-0034002; 대부금융협회 회원번호 A01849 (https://www.clfa.or.kr/member/list 2026-09-18)"
loan_fss0971,론펀딩대부,대부,론펀딩대부|주식회사 론펀딩대부,"https://fines.fss.or.kr/fines/plis/moneyLenderSearch/MoneyLenderSearch.getMoneyLenderList.do 2026-09-18; 등록번호 2024-금감원-0971(대부업)/2024-금감원-0971(대부중개업); 사업내용 금전대부, 채권추심/대부중개; 법인번호 180111-1087659; 대부금융협회 회원번호 A01834 (https://www.clfa.or.kr/member/list 2026-09-18)"
loan_fss0975,해방새대부,대부,해방새대부|주식회사 해방새대부,https://fines.fss.or.kr/fines/plis/moneyLenderSearch/MoneyLenderSearch.getMoneyLenderList.do 2026-09-18; 등록번호 2017-금감원-0975(대부업); 사업내용 금전대부; 법인번호 110111-3405837; 대부금융협회 회원번호 A00116 (https://www.clfa.or.kr/member/list 2026-09-18)
loan_fss0976,베리타스자산대부,대부,베리타스자산대부|(주)베리타스자산대부,"https://fines.fss.or.kr/fines/plis/moneyLenderSearch/MoneyLenderSearch.getMoneyLenderList.do 2026-09-18; 등록번호 2017-금감원-0976(대부업); 사업내용 금전대부, 채권추심; 법인번호 110111-4352863; 대부금융협회 회원번호 A01792 (https://www.clfa.or.kr/member/list 2026-09-18)"
loan_fss0977,나은에프앤아이대부,대부,나은에프앤아이대부|주식회사나은에프앤아이대부,https://fines.fss.or.kr/fines/plis/moneyLenderSearch/MoneyLenderSearch.getMoneyLenderList.do 2026-09-18; 등록번호 2017-금감원-0977(대부업); 사업내용 채권추심; 법인번호 110111-6368248; 대부금융협회 회원번호 A00771 (https://www.clfa.or.kr/member/list 2026-09-18)
loan_fss0984,알레스구테대부,대부,알레스구테대부|주식회사 알레스구테대부,https://fines.fss.or.kr/fines/plis/moneyLenderSearch/MoneyLenderSearch.getMoneyLenderList.do 2026-09-18; 등록번호 2017-금감원-0984(대부업); 사업내용 채권추심; 법인번호 110111-6311586; 대부금융협회 회원번호 A01846 (https://www.clfa.or.kr/member/list 2026-09-18)
loan_fss0993,솔림헬프자산관리대부,대부,솔림헬프자산관리대부|주식회사 솔림헬프자산관리대부,https://fines.fss.or.kr/fines/plis/moneyLenderSearch/MoneyLenderSearch.getMoneyLenderList.do 2026-09-18; 등록번호 2017-금감원-0993(대부업); 사업내용 채권추심; 법인번호 200111-0490668; 대부금융협회 회원번호 A01651 (https://www.clfa.or.kr/member/list 2026-09-18)
loan_fss1009,도깨비자산관리대부,대부,도깨비자산관리대부|주식회사 도깨비자산관리대부,"https://fines.fss.or.kr/fines/plis/moneyLenderSearch/MoneyLenderSearch.getMoneyLenderList.do 2026-09-18; 등록번호 2017-금감원-1009(대부업); 사업내용 금전대부, 채권추심; 법인번호 110111-6382496; 대부금융협회 회원번호 A01869 (https://www.clfa.or.kr/member/list 2026-09-18)"
loan_fss1015,이화에이엠씨대부,대부,이화에이엠씨대부|주식회사 이화에이엠씨대부,"https://fines.fss.or.kr/fines/plis/moneyLenderSearch/MoneyLenderSearch.getMoneyLenderList.do 2026-09-18; 등록번호 2017-금감원-1015(대부업)/2019-금감원-1015(대부중개업); 사업내용 금전대부, 채권추심/대부중개; 법인번호 131411-0390064; 대부금융협회 회원번호 A01510 (https://www.clfa.or.kr/member/list 2026-09-18)"
loan_fss1020,알차대부금융,대부,알차대부금융|주식회사 알차대부금융,"https://fines.fss.or.kr/fines/plis/moneyLenderSearch/MoneyLenderSearch.getMoneyLenderList.do 2026-09-18; 등록번호 2017-금감원-1020(대부업); 사업내용 금전대부, 채권추심; 법인번호 161511-0206411; 대부금융협회 회원번호 A01551 (https://www.clfa.or.kr/member/list 2026-09-18)"
loan_fss1038,아라한금융대부,대부,아라한금융대부|아라한금융대부 주식회사,"https://fines.fss.or.kr/fines/plis/moneyLenderSearch/MoneyLenderSearch.getMoneyLenderList.do 2026-09-18; 등록번호 2017-금감원-1038(대부업); 사업내용 금전대부, 채권추심; 법인번호 280211-0165750; 대부금융협회 회원번호 A01892 (https://www.clfa.or.kr/member/list 2026-09-18)"
loan_fss1058,대한와이디대부,대부,대한와이디대부|대한와이디대부 주식회사,"https://fines.fss.or.kr/fines/plis/moneyLenderSearch/MoneyLenderSearch.getMoneyLenderList.do 2026-09-18; 등록번호 2017-금감원-1058(대부업); 사업내용 금전대부, 채권추심; 법인번호 134111-0218657; 대부금융협회 회원번호 A00524 (https://www.clfa.or.kr/member/list 2026-09-18)"
loan_fss1064,하나더자산관리대부,대부,하나더자산관리대부|주식회사 하나더자산관리대부,"https://fines.fss.or.kr/fines/plis/moneyLenderSearch/MoneyLenderSearch.getMoneyLenderList.do 2026-09-18; 등록번호 2017-금감원-1064(대부업); 사업내용 금전대부, 채권추심; 법인번호 110111-6438976; 대부금융협회 회원번호 A01859 (https://www.clfa.or.kr/member/list 2026-09-18)"
loan_fss1073,강남파이낸셜대부,대부,강남파이낸셜대부|주식회사 강남파이낸셜대부,"https://fines.fss.or.kr/fines/plis/moneyLenderSearch/MoneyLenderSearch.getMoneyLenderList.do 2026-09-18; 등록번호 2017-금감원-1073(대부업); 사업내용 금전대부, 채권추심; 법인번호 110111-6450524; 대부금융협회 회원번호 A01891 (https://www.clfa.or.kr/member/list 2026-09-18)"
loan_fss1076,비타대부,대부,비타대부|비타대부 주식회사,"https://fines.fss.or.kr/fines/plis/moneyLenderSearch/MoneyLenderSearch.getMoneyLenderList.do 2026-09-18; 등록번호 2017-금감원-1076(대부업); 사업내용 금전대부, 채권추심; 법인번호 124411-0193938; 대부금융협회 회원번호 A01989 (https://www.clfa.or.kr/member/list 2026-09-18)"
loan_fss1077,드림하이파트너스대부,대부,드림하이파트너스대부|드림하이파트너스대부 주식회사,https://fines.fss.or.kr/fines/plis/moneyLenderSearch/MoneyLenderSearch.getMoneyLenderList.do 2026-09-18; 등록번호 2017-금감원-1077(대부업); 사업내용 채권추심; 법인번호 135811-0256595; 대부금융협회 회원번호 A01894 (https://www.clfa.or.kr/member/list 2026-09-18)
loan_fss1090,대한채권관리대부,대부,대한채권관리대부|주식회사 대한채권관리대부,"https://fines.fss.or.kr/fines/plis/moneyLenderSearch/MoneyLenderSearch.getMoneyLenderList.do 2026-09-18; 등록번호 2017-금감원-1090(대부업); 사업내용 금전대부, 채권추심; 법인번호 110111-6461547; 대부금융협회 회원번호 A00783 (https://www.clfa.or.kr/member/list 2026-09-18)"
loan_fss1131,이엘자산관리대부,대부,이엘자산관리대부|이엘자산관리대부 유한회사,https://fines.fss.or.kr/fines/plis/moneyLenderSearch/MoneyLenderSearch.getMoneyLenderList.do 2026-09-18; 등록번호 2017-금감원-1131(대부업); 사업내용 채권추심; 법인번호 110114-0206802; 대부금융협회 회원번호 A00817 (https://www.clfa.or.kr/member/list 2026-09-18)
loan_fss1147,더드림자산관리대부,대부,더드림자산관리대부|주식회사 더드림자산관리대부,"https://fines.fss.or.kr/fines/plis/moneyLenderSearch/MoneyLenderSearch.getMoneyLenderList.do 2026-09-18; 등록번호 2017-금감원-1147(대부업)/2017-금감원-1147(대부중개업); 사업내용 금전대부, 채권추심/대부중개; 법인번호 110111-6491114; 대부금융협회 회원번호 A00833 (https://www.clfa.or.kr/member/list 2026-09-18)"
loan_fss1155,나무에셋대부,대부,나무에셋대부|나무에셋대부 주식회사,"https://fines.fss.or.kr/fines/plis/moneyLenderSearch/MoneyLenderSearch.getMoneyLenderList.do 2026-09-18; 등록번호 2017-금감원-1155(대부업)/2017-금감원-1155(대부중개업); 사업내용 금전대부, 채권추심/대부중개; 법인번호 110114-0209088; 대부금융협회 회원번호 A00858 (https://www.clfa.or.kr/member/list 2026-09-18)"
loan_fss1165,케이알자산관리대부,대부,케이알자산관리대부|주식회사 케이알자산관리대부,"https://fines.fss.or.kr/fines/plis/moneyLenderSearch/MoneyLenderSearch.getMoneyLenderList.do 2026-09-18; 등록번호 2017-금감원-1165(대부업)/2017-금감원-1165(대부중개업); 사업내용 금전대부, 채권추심/대부중개; 법인번호 110111-6512168; 대부금융협회 회원번호 A00870 (https://www.clfa.or.kr/member/list 2026-09-18)"
loan_fss1174,에스앤아이자산관리대부,대부,에스앤아이자산관리대부|에스앤아이자산관리대부 주식회사,"https://fines.fss.or.kr/fines/plis/moneyLenderSearch/MoneyLenderSearch.getMoneyLenderList.do 2026-09-18; 등록번호 2017-금감원-1174(대부업); 사업내용 금전대부, 채권추심; 법인번호 110111-6493425; 대부금융협회 회원번호 A00892 (https://www.clfa.or.kr/member/list 2026-09-18)"
loan_fss1177,유에셋대부,대부,유에셋대부|유에셋대부 주식회사,"https://fines.fss.or.kr/fines/plis/moneyLenderSearch/MoneyLenderSearch.getMoneyLenderList.do 2026-09-18; 등록번호 2017-금감원-1177(대부업); 사업내용 금전대부, 채권추심; 법인번호 110111-6474996; 대부금융협회 회원번호 A00875 (https://www.clfa.or.kr/member/list 2026-09-18)"
loan_fss1189,씨앤씨인베스트먼트자산관리대부,대부,씨앤씨인베스트먼트자산관리대부|주식회사 씨앤씨인베스트먼트자산관리대부,https://fines.fss.or.kr/fines/plis/moneyLenderSearch/MoneyLenderSearch.getMoneyLenderList.do 2026-09-18; 등록번호 2017-금감원-1189(대부업); 사업내용 채권추심; 법인번호 110111-6512605; 대부금융협회 회원번호 A00901 (https://www.clfa.or.kr/member/list 2026-09-18)
loan_fss1190,중원파트너스대부,대부,중원파트너스대부|중원파트너스대부 주식회사,https://fines.fss.or.kr/fines/plis/moneyLenderSearch/MoneyLenderSearch.getMoneyLenderList.do 2026-09-18; 등록번호 2017-금감원-1190(대부업); 사업내용 채권추심; 법인번호 110111-5459197; 대부금융협회 회원번호 A00899 (https://www.clfa.or.kr/member/list 2026-09-18)
loan_fss1192,더플러스대부,대부,더플러스대부|더플러스대부 주식회사,"https://fines.fss.or.kr/fines/plis/moneyLenderSearch/MoneyLenderSearch.getMoneyLenderList.do 2026-09-18; 등록번호 2017-금감원-1192(대부업)/2017-금감원-1192(대부중개업); 사업내용 금전대부, 채권추심/대부중개; 법인번호 284211-0083693; 대부금융협회 회원번호 A00917 (https://www.clfa.or.kr/member/list 2026-09-18)"
loan_fss1223,권율자산관리대부,대부,권율자산관리대부|주식회사 권율자산관리대부,"https://fines.fss.or.kr/fines/plis/moneyLenderSearch/MoneyLenderSearch.getMoneyLenderList.do 2026-09-18; 등록번호 2017-금감원-1223(대부업); 사업내용 금전대부, 채권추심; 법인번호 180111-1091105; 대부금융협회 회원번호 A00952 (https://www.clfa.or.kr/member/list 2026-09-18)"
loan_fss1247,지앤비에이엠씨대부,대부,지앤비에이엠씨대부|주식회사 지앤비에이엠씨대부,"https://fines.fss.or.kr/fines/plis/moneyLenderSearch/MoneyLenderSearch.getMoneyLenderList.do 2026-09-18; 등록번호 2017-금감원-1247(대부업); 사업내용 금전대부, 채권추심; 법인번호 110111-6553477; 대부금융협회 회원번호 A00993 (https://www.clfa.or.kr/member/list 2026-09-18)"
loan_fss1250,로얄에셋금융대부,대부,로얄에셋금융대부|주식회사 로얄에셋금융대부,"https://fines.fss.or.kr/fines/plis/moneyLenderSearch/MoneyLenderSearch.getMoneyLenderList.do 2026-09-18; 등록번호 2024-금감원-1250(대부업)/2024-금감원-1250(대부중개업); 사업내용 금전대부, 채권추심/대부중개; 법인번호 120111-0902652; 대부금융협회 회원번호 A04359 (https://www.clfa.or.kr/member/list 2026-09-18)"
loan_fss1261,유비어스에이엠씨대부,대부,유비어스에이엠씨대부|주식회사 유비어스에이엠씨대부,https://fines.fss.or.kr/fines/plis/moneyLenderSearch/MoneyLenderSearch.getMoneyLenderList.do 2026-09-18; 등록번호 2017-금감원-1261(대부업); 사업내용 채권추심; 법인번호 131311-0188750; 대부금융협회 회원번호 A01033 (https://www.clfa.or.kr/member/list 2026-09-18)
loan_fss1267,골드에셋파트너스,대부,골드에셋파트너스|골드에셋파트너스 주식회사,"https://fines.fss.or.kr/fines/plis/moneyLenderSearch/MoneyLenderSearch.getMoneyLenderList.do 2026-09-18; 등록번호 2017-금감원-1267(대부업)/2017-금감원-1267(대부중개업); 사업내용 금전대부, 채권추심/대부중개; 법인번호 110111-1774375; 대부금융협회 회원번호 A01031 (https://www.clfa.or.kr/member/list 2026-09-18)"
loan_fss1277,리얼토피아대부,대부,리얼토피아대부|리얼토피아대부 주식회사,"https://fines.fss.or.kr/fines/plis/moneyLenderSearch/MoneyLenderSearch.getMoneyLenderList.do 2026-09-18; 등록번호 2020-금감원-1277(대부업); 사업내용 금전대부, 채권추심; 법인번호 110111-6563278; 대부금융협회 회원번호 A01034 (https://www.clfa.or.kr/member/list 2026-09-18)"
loan_fss1303,두리에이엠씨대부,대부,두리에이엠씨대부|두리에이엠씨대부 주식회사,"https://fines.fss.or.kr/fines/plis/moneyLenderSearch/MoneyLenderSearch.getMoneyLenderList.do 2026-09-18; 등록번호 2018-금감원-1303(대부업); 사업내용 금전대부, 채권추심; 법인번호 110111-6591427; 대부금융협회 회원번호 A01077 (https://www.clfa.or.kr/member/list 2026-09-18)"
loan_fss1310,다음에이엠씨대부,대부,다음에이엠씨대부|주식회사 다음에이엠씨대부,"https://fines.fss.or.kr/fines/plis/moneyLenderSearch/MoneyLenderSearch.getMoneyLenderList.do 2026-09-18; 등록번호 2018-금감원-1310(대부업)/2018-금감원-1310(대부중개업); 사업내용 금전대부, 채권추심/대부중개; 법인번호 110111-6563666; 대부금융협회 회원번호 A01074 (https://www.clfa.or.kr/member/list 2026-09-18)"
loan_fss1384,희즈에셋,대부,희즈에셋|희즈에셋주식회사,https://fines.fss.or.kr/fines/plis/moneyLenderSearch/MoneyLenderSearch.getMoneyLenderList.do 2026-09-18; 등록번호 2018-금감원-1384(대부업); 사업내용 채권추심; 법인번호 120111-0890443; 대부금융협회 회원번호 A01141 (https://www.clfa.or.kr/member/list 2026-09-18)
loan_fss1391,더자산관리대부,대부,더자산관리대부|주식회사 더자산관리대부,"https://fines.fss.or.kr/fines/plis/moneyLenderSearch/MoneyLenderSearch.getMoneyLenderList.do 2026-09-18; 등록번호 2018-금감원-1391(대부업)/2021-금감원-1391(대부중개업); 사업내용 금전대부, 채권추심/대부중개; 법인번호 110111-6583416; 대부금융협회 회원번호 A01136 (https://www.clfa.or.kr/member/list 2026-09-18)"
loan_fss1412,우정엔피엘대부,대부,우정엔피엘대부|우정엔피엘대부 주식회사,https://fines.fss.or.kr/fines/plis/moneyLenderSearch/MoneyLenderSearch.getMoneyLenderList.do 2026-09-18; 등록번호 2018-금감원-1412(대부업); 사업내용 채권추심; 법인번호 194211-0278889; 대부금융협회 회원번호 A01174 (https://www.clfa.or.kr/member/list 2026-09-18)
loan_fss1436,스타엔피엘대부,대부,스타엔피엘대부|스타엔피엘대부 주식회사,"https://fines.fss.or.kr/fines/plis/moneyLenderSearch/MoneyLenderSearch.getMoneyLenderList.do 2026-09-18; 등록번호 2018-금감원-1436(대부업)/2021-금감원-1436(대부중개업); 사업내용 금전대부, 채권추심/대부중개; 법인번호 120111-0919532; 대부금융협회 회원번호 A01199 (https://www.clfa.or.kr/member/list 2026-09-18)"
loan_fss1438,웰스파트너스대부,대부,웰스파트너스대부|주식회사 웰스파트너스대부,"https://fines.fss.or.kr/fines/plis/moneyLenderSearch/MoneyLenderSearch.getMoneyLenderList.do 2026-09-18; 등록번호 2018-금감원-1438(대부업); 사업내용 금전대부, 채권추심; 법인번호 131411-0272642; 대부금융협회 회원번호 A01192 (https://www.clfa.or.kr/member/list 2026-09-18)"
loan_fss1443,우리자산관리대부,대부,우리자산관리대부|우리자산관리대부 주식회사,"https://fines.fss.or.kr/fines/plis/moneyLenderSearch/MoneyLenderSearch.getMoneyLenderList.do 2026-09-18; 등록번호 2018-금감원-1443(대부업); 사업내용 금전대부, 채권추심; 법인번호 131111-0507756; 대부금융협회 회원번호 A01200 (https://www.clfa.or.kr/member/list 2026-09-18)"
loan_fss1449,펜타엔피엘렙대부,대부,펜타엔피엘렙대부|펜타엔피엘렙대부 주식회사,https://fines.fss.or.kr/fines/plis/moneyLenderSearch/MoneyLenderSearch.getMoneyLenderList.do 2026-09-18; 등록번호 2025-금감원-1449(대부업); 사업내용 채권추심; 법인번호 110111-6624327; 대부금융협회 회원번호 A01208 (https://www.clfa.or.kr/member/list 2026-09-18)
loan_fss1461,윈즈에프앤아이대부,대부,윈즈에프앤아이대부|주식회사 윈즈에프앤아이대부,"https://fines.fss.or.kr/fines/plis/moneyLenderSearch/MoneyLenderSearch.getMoneyLenderList.do 2026-09-18; 등록번호 2018-금감원-1461(대부업)/2018-금감원-1461(대부중개업); 사업내용 금전대부, 채권추심/대부중개; 법인번호 110111-6658392; 대부금융협회 회원번호 A01234 (https://www.clfa.or.kr/member/list 2026-09-18)"
loan_fss1497,파워네트워크대부,대부,파워네트워크대부|주식회사 파워네트워크대부,https://fines.fss.or.kr/fines/plis/moneyLenderSearch/MoneyLenderSearch.getMoneyLenderList.do 2026-09-18; 등록번호 2018-금감원-1497(대부업); 사업내용 채권추심; 법인번호 110111-4283399; 대부금융협회 회원번호 A01253 (https://www.clfa.or.kr/member/list 2026-09-18)
loan_fss1508,나눔대부자산,대부,나눔대부자산|나눔대부자산 주식회사,"https://fines.fss.or.kr/fines/plis/moneyLenderSearch/MoneyLenderSearch.getMoneyLenderList.do 2026-09-18; 등록번호 2018-금감원-1508(대부업); 사업내용 금전대부, 채권추심; 법인번호 180111-1143956; 대부금융협회 회원번호 A01261 (https://www.clfa.or.kr/member/list 2026-09-18)"
loan_fss1510,새한파트너스대부,대부,새한파트너스대부|새한파트너스대부 주식회사,"https://fines.fss.or.kr/fines/plis/moneyLenderSearch/MoneyLenderSearch.getMoneyLenderList.do 2026-09-18; 등록번호 2025-금감원-1510(대부업)/2025-금감원-1510(대부중개업); 사업내용 금전대부, 채권추심/대부중개; 법인번호 110111-6671295; 대부금융협회 회원번호 A01264 (https://www.clfa.or.kr/member/list 2026-09-18)"
loan_fss1521,어프로치대부,대부,어프로치대부|주식회사 어프로치대부,https://fines.fss.or.kr/fines/plis/moneyLenderSearch/MoneyLenderSearch.getMoneyLenderList.do 2026-09-18; 등록번호 2018-금감원-1521(대부업); 사업내용 금전대부; 법인번호 110111-4264563; 대부금융협회 회원번호 A00158 (https://www.clfa.or.kr/member/list 2026-09-18)
loan_fss1535,부금엔피엘대부,대부,부금엔피엘대부|주식회사 부금엔피엘대부,https://fines.fss.or.kr/fines/plis/moneyLenderSearch/MoneyLenderSearch.getMoneyLenderList.do 2026-09-18; 등록번호 2025-금감원-1535(대부업); 사업내용 채권추심; 법인번호 110111-6596146; 대부금융협회 회원번호 A01272 (https://www.clfa.or.kr/member/list 2026-09-18)
loan_fss1551,리노파트너스대부,대부,리노파트너스대부|주식회사 리노파트너스대부,"https://fines.fss.or.kr/fines/plis/moneyLenderSearch/MoneyLenderSearch.getMoneyLenderList.do 2026-09-18; 등록번호 2018-금감원-1551(대부업)/2018-금감원-1551(대부중개업); 사업내용 금전대부, 채권추심/대부중개; 법인번호 110111-5458941; 대부금융협회 회원번호 A01309 (https://www.clfa.or.kr/member/list 2026-09-18)"
loan_fss1552,가온소셜대부,대부,가온소셜대부|주식회사 가온소셜대부,"https://fines.fss.or.kr/fines/plis/moneyLenderSearch/MoneyLenderSearch.getMoneyLenderList.do 2026-09-18; 등록번호 2018-금감원-1552(대부업)/2018-금감원-1552(대부중개업); 사업내용 금전대부, 채권추심/대부중개; 법인번호 200111-0259311; 대부금융협회 회원번호 A01305 (https://www.clfa.or.kr/member/list 2026-09-18)"
loan_fss1564,바론자산관리대부,대부,바론자산관리대부|주식회사 바론자산관리대부,"https://fines.fss.or.kr/fines/plis/moneyLenderSearch/MoneyLenderSearch.getMoneyLenderList.do 2026-09-18; 등록번호 2018-금감원-1564(대부업); 사업내용 금전대부, 채권추심; 법인번호 280211-0177648; 대부금융협회 회원번호 A01308 (https://www.clfa.or.kr/member/list 2026-09-18)"
loan_fss1580,지인파이낸스대부,대부,지인파이낸스대부|주식회사 지인파이낸스대부,"https://fines.fss.or.kr/fines/plis/moneyLenderSearch/MoneyLenderSearch.getMoneyLenderList.do 2026-09-18; 등록번호 2018-금감원-1580(대부업); 사업내용 금전대부, 채권추심; 법인번호 110111-4479518; 대부금융협회 회원번호 A01256 (https://www.clfa.or.kr/member/list 2026-09-18)"
loan_fss1612,여해자산관리대부,대부,여해자산관리대부|여해자산관리대부 유한회사,https://fines.fss.or.kr/fines/plis/moneyLenderSearch/MoneyLenderSearch.getMoneyLenderList.do 2026-09-18; 등록번호 2018-금감원-1612(대부업); 사업내용 채권추심; 법인번호 110114-0225315; 대부금융협회 회원번호 A01364 (https://www.clfa.or.kr/member/list 2026-09-18)
loan_fss1614,초이자산관리대부,대부,초이자산관리대부|주식회사 초이자산관리대부,"https://fines.fss.or.kr/fines/plis/moneyLenderSearch/MoneyLenderSearch.getMoneyLenderList.do 2026-09-18; 등록번호 2024-금감원-1614(대부업); 사업내용 금전대부, 채권추심; 법인번호 131411-0410565; 대부금융협회 회원번호 A01362 (https://www.clfa.or.kr/member/list 2026-09-18)"
loan_fss1615,뉴로드에셋대부,대부,뉴로드에셋대부|주식회사 뉴로드에셋대부,"https://fines.fss.or.kr/fines/plis/moneyLenderSearch/MoneyLenderSearch.getMoneyLenderList.do 2026-09-18; 등록번호 2018-금감원-1615(대부업)/2018-금감원-1615(대부중개업); 사업내용 금전대부, 채권추심/대부중개; 법인번호 110111-6759851; 대부금융협회 회원번호 A01361 (https://www.clfa.or.kr/member/list 2026-09-18)"
loan_fss1629,현진투자대부,대부,현진투자대부|현진투자대부 주식회사,https://fines.fss.or.kr/fines/plis/moneyLenderSearch/MoneyLenderSearch.getMoneyLenderList.do 2026-09-18; 등록번호 2018-금감원-1629(대부업); 사업내용 금전대부; 법인번호 110111-6731338; 대부금융협회 회원번호 A01326 (https://www.clfa.or.kr/member/list 2026-09-18)
loan_fss1631,공경대부,대부,공경대부|주식회사 공경대부,"https://fines.fss.or.kr/fines/plis/moneyLenderSearch/MoneyLenderSearch.getMoneyLenderList.do 2026-09-18; 등록번호 2018-금감원-1631(대부업)/2018-금감원-1631(대부중개업); 사업내용 금전대부, 채권추심/대부중개; 법인번호 110111-6820470; 대부금융협회 회원번호 A01380 (https://www.clfa.or.kr/member/list 2026-09-18)"
loan_fss1659,동부에셋자산관리대부,대부,동부에셋자산관리대부|주식회사 동부에셋자산관리대부,https://fines.fss.or.kr/fines/plis/moneyLenderSearch/MoneyLenderSearch.getMoneyLenderList.do 2026-09-18; 등록번호 2018-금감원-1659(대부업); 사업내용 채권추심; 법인번호 110111-6848373; 대부금융협회 회원번호 A01407 (https://www.clfa.or.kr/member/list 2026-09-18)
loan_fss1665,마로대부,대부,마로대부|주식회사 마로대부,"https://fines.fss.or.kr/fines/plis/moneyLenderSearch/MoneyLenderSearch.getMoneyLenderList.do 2026-09-18; 등록번호 2018-금감원-1665(대부업); 사업내용 금전대부, 채권추심; 법인번호 110111-6446862; 대부금융협회 회원번호 A01376 (https://www.clfa.or.kr/member/list 2026-09-18)"
loan_fss1694,굿모닝자산관리대부,대부,굿모닝자산관리대부|주식회사 굿모닝자산관리대부,https://fines.fss.or.kr/fines/plis/moneyLenderSearch/MoneyLenderSearch.getMoneyLenderList.do 2026-09-18; 등록번호 2018-금감원-1694(대부업); 사업내용 금전대부; 법인번호 180111-1084019; 대부금융협회 회원번호 A01189 (https://www.clfa.or.kr/member/list 2026-09-18)
loan_fss1707,명성대부홀딩스,대부,명성대부홀딩스|명성대부홀딩스 주식회사,"https://fines.fss.or.kr/fines/plis/moneyLenderSearch/MoneyLenderSearch.getMoneyLenderList.do 2026-09-18; 등록번호 2018-금감원-1707(대부업)/2018-금감원-1707(대부중개업); 사업내용 금전대부, 채권추심/대부중개; 법인번호 134811-0468464; 대부금융협회 회원번호 A01458 (https://www.clfa.or.kr/member/list 2026-09-18)"
loan_fss1726,바른엔피엘대부,대부,바른엔피엘대부|주식회사 바른엔피엘대부,"https://fines.fss.or.kr/fines/plis/moneyLenderSearch/MoneyLenderSearch.getMoneyLenderList.do 2026-09-18; 등록번호 2019-금감원-1726(대부업); 사업내용 금전대부, 채권추심; 법인번호 110111-6931350; 대부금융협회 회원번호 A01477 (https://www.clfa.or.kr/member/list 2026-09-18)"
loan_fss1730,케이피인베스트앤대부,대부,케이피인베스트앤대부|케이피인베스트앤대부 주식회사,"https://fines.fss.or.kr/fines/plis/moneyLenderSearch/MoneyLenderSearch.getMoneyLenderList.do 2026-09-18; 등록번호 2019-금감원-1730(대부업)/2019-금감원-1730(대부중개업); 사업내용 금전대부, 채권추심/대부중개; 법인번호 110111-5106996; 대부금융협회 회원번호 A01483 (https://www.clfa.or.kr/member/list 2026-09-18)"
loan_fss1746,우담자산관리대부,대부,우담자산관리대부|유한회사 우담자산관리대부,https://fines.fss.or.kr/fines/plis/moneyLenderSearch/MoneyLenderSearch.getMoneyLenderList.do 2026-09-18; 등록번호 2019-금감원-1746(대부업); 사업내용 채권추심; 법인번호 110114-0236966; 대부금융협회 회원번호 A01501 (https://www.clfa.or.kr/member/list 2026-09-18)
loan_fss1749,세모자산관리대부,대부,세모자산관리대부|유한회사 세모자산관리대부,"https://fines.fss.or.kr/fines/plis/moneyLenderSearch/MoneyLenderSearch.getMoneyLenderList.do 2026-09-18; 등록번호 2019-금감원-1749(대부업); 사업내용 금전대부, 채권추심; 법인번호 284114-0002318; 대부금융협회 회원번호 A01508 (https://www.clfa.or.kr/member/list 2026-09-18)"
loan_fss1753,대정자산관리대부,대부,대정자산관리대부|대정자산관리대부 주식회사,https://fines.fss.or.kr/fines/plis/moneyLenderSearch/MoneyLenderSearch.getMoneyLenderList.do 2026-09-18; 등록번호 2019-금감원-1753(대부업); 사업내용 채권추심; 법인번호 200111-0548897; 대부금융협회 회원번호 A01512 (https://www.clfa.or.kr/member/list 2026-09-18)
loan_fss1764,엔퍼스트대부,대부,엔퍼스트대부|엔퍼스트대부 주식회사,"https://fines.fss.or.kr/fines/plis/moneyLenderSearch/MoneyLenderSearch.getMoneyLenderList.do 2026-09-18; 등록번호 2019-금감원-1764(대부업); 사업내용 금전대부, 채권추심; 법인번호 110111-7026176; 대부금융협회 회원번호 A01527 (https://www.clfa.or.kr/member/list 2026-09-18)"
loan_fss1767,제이케이자산관리대부,대부,제이케이자산관리대부|주식회사 제이케이자산관리대부,"https://fines.fss.or.kr/fines/plis/moneyLenderSearch/MoneyLenderSearch.getMoneyLenderList.do 2026-09-18; 등록번호 2019-금감원-1767(대부업); 사업내용 금전대부, 채권추심; 법인번호 110111-7041489; 대부금융협회 회원번호 A01541 (https://www.clfa.or.kr/member/list 2026-09-18)"
loan_fss1771,로고스대부,대부,로고스대부|로고스대부 주식회사,"https://fines.fss.or.kr/fines/plis/moneyLenderSearch/MoneyLenderSearch.getMoneyLenderList.do 2026-09-18; 등록번호 2019-금감원-1771(대부업)/2019-금감원-1771(대부중개업); 사업내용 금전대부, 채권추심/대부중개; 법인번호 180111-1197052; 대부금융협회 회원번호 A01538 (https://www.clfa.or.kr/member/list 2026-09-18)"
loan_fss1774,베리굿자산관리대부,대부,베리굿자산관리대부|주식회사 베리굿자산관리대부,"https://fines.fss.or.kr/fines/plis/moneyLenderSearch/MoneyLenderSearch.getMoneyLenderList.do 2026-09-18; 등록번호 2019-금감원-1774(대부업); 사업내용 금전대부, 채권추심; 법인번호 110111-7044590; 대부금융협회 회원번호 A01544 (https://www.clfa.or.kr/member/list 2026-09-18)"
loan_fss1776,한빛글로벌대부,대부,한빛글로벌대부|한빛글로벌대부 주식회사,"https://fines.fss.or.kr/fines/plis/moneyLenderSearch/MoneyLenderSearch.getMoneyLenderList.do 2026-09-18; 등록번호 2019-금감원-1776(대부업)/2019-금감원-1776(대부중개업); 사업내용 금전대부, 채권추심/대부중개; 법인번호 170111-0701129; 대부금융협회 회원번호 A01546 (https://www.clfa.or.kr/member/list 2026-09-18)"
loan_fss1778,프라임자산관리대부,대부,프라임자산관리대부|프라임자산관리대부 주식회사,"https://fines.fss.or.kr/fines/plis/moneyLenderSearch/MoneyLenderSearch.getMoneyLenderList.do 2026-09-18; 등록번호 2019-금감원-1778(대부업); 사업내용 금전대부, 채권추심; 법인번호 180111-1209865; 대부금융협회 회원번호 A01548 (https://www.clfa.or.kr/member/list 2026-09-18)"
loan_fss1782,더엔피엘대부,대부,더엔피엘대부|더엔피엘대부 주식회사,"https://fines.fss.or.kr/fines/plis/moneyLenderSearch/MoneyLenderSearch.getMoneyLenderList.do 2026-09-18; 등록번호 2019-금감원-1782(대부업)/2022-금감원-1782(대부중개업); 사업내용 금전대부, 채권추심/대부중개; 법인번호 141211-0102510; 대부금융협회 회원번호 A01554 (https://www.clfa.or.kr/member/list 2026-09-18)"
loan_fss1786,상록자산관리대부,대부,상록자산관리대부|상록자산관리대부 주식회사,"https://fines.fss.or.kr/fines/plis/moneyLenderSearch/MoneyLenderSearch.getMoneyLenderList.do 2026-09-18; 등록번호 2019-금감원-1786(대부업)/2021-금감원-1786(대부중개업); 사업내용 금전대부, 채권추심/대부중개; 법인번호 161511-0246714; 대부금융협회 회원번호 A01557 (https://www.clfa.or.kr/member/list 2026-09-18)"
loan_fss1788,한별자산관리대부금융,대부,한별자산관리대부금융|주식회사 한별자산관리대부금융,"https://fines.fss.or.kr/fines/plis/moneyLenderSearch/MoneyLenderSearch.getMoneyLenderList.do 2026-09-18; 등록번호 2019-금감원-1788(대부업); 사업내용 금전대부, 채권추심; 법인번호 210111-0141673; 대부금융협회 회원번호 A01643 (https://www.clfa.or.kr/member/list 2026-09-18)"
loan_fss1791,세경파이낸스대부,대부,세경파이낸스대부|세경파이낸스대부 주식회사,https://fines.fss.or.kr/fines/plis/moneyLenderSearch/MoneyLenderSearch.getMoneyLenderList.do 2026-09-18; 등록번호 2026-금감원-1791(대부업); 사업내용 금전대부; 법인번호 110111-1346455; 대부금융협회 회원번호 A00075 (https://www.clfa.or.kr/member/list 2026-09-18)
loan_fss1792,대호컨설팅대부,대부,대호컨설팅대부|주식회사 대호컨설팅대부,"https://fines.fss.or.kr/fines/plis/moneyLenderSearch/MoneyLenderSearch.getMoneyLenderList.do 2026-09-18; 등록번호 2019-금감원-1792(대부업); 사업내용 금전대부, 채권추심; 법인번호 134211-0214447; 대부금융협회 회원번호 A01566 (https://www.clfa.or.kr/member/list 2026-09-18)"
loan_fss1799,휴렛팩커드파이낸셜서비스대부,대부,휴렛팩커드파이낸셜서비스대부|휴렛팩커드파이낸셜서비스대부 유한회사,https://fines.fss.or.kr/fines/plis/moneyLenderSearch/MoneyLenderSearch.getMoneyLenderList.do 2026-09-18; 등록번호 2019-금감원-1799(대부업); 사업내용 금전대부; 법인번호 110114-0134003; 대부금융협회 회원번호 A00343 (https://www.clfa.or.kr/member/list 2026-09-18)
loan_fss1801,지엠이대부,대부,지엠이대부|주식회사 지엠이대부,https://fines.fss.or.kr/fines/plis/moneyLenderSearch/MoneyLenderSearch.getMoneyLenderList.do 2026-09-18; 등록번호 2019-금감원-1801(대부업)/2019-금감원-1801(대부중개업); 사업내용 금전대부/대부중개; 법인번호 110111-6778108; 대부금융협회 회원번호 A01413 (https://www.clfa.or.kr/member/list 2026-09-18)
loan_fss1806,한국금융자산대부,대부,한국금융자산대부|한국금융자산대부 주식회사,"https://fines.fss.or.kr/fines/plis/moneyLenderSearch/MoneyLenderSearch.getMoneyLenderList.do 2026-09-18; 등록번호 2019-금감원-1806(대부업)/2019-금감원-1806(대부중개업); 사업내용 금전대부, 채권추심/대부중개; 법인번호 110111-5937127; 대부금융협회 회원번호 A01528 (https://www.clfa.or.kr/member/list 2026-09-18)"
loan_fss1809,경인대부,대부,경인대부|주식회사 경인대부,"https://fines.fss.or.kr/fines/plis/moneyLenderSearch/MoneyLenderSearch.getMoneyLenderList.do 2026-09-18; 등록번호 2019-금감원-1809(대부업); 사업내용 금전대부, 채권추심; 법인번호 131111-0224897; 대부금융협회 회원번호 A01532 (https://www.clfa.or.kr/member/list 2026-09-18)"
loan_fss1814,이코넥스대부,대부,이코넥스대부|주식회사 이코넥스대부,https://fines.fss.or.kr/fines/plis/moneyLenderSearch/MoneyLenderSearch.getMoneyLenderList.do 2026-09-18; 등록번호 2019-금감원-1814(대부업); 사업내용 채권추심; 법인번호 110111-7105889; 대부금융협회 회원번호 A01587 (https://www.clfa.or.kr/member/list 2026-09-18)
loan_fss1825,행복드림금융대부,대부,행복드림금융대부|행복드림금융대부 주식회사,"https://fines.fss.or.kr/fines/plis/moneyLenderSearch/MoneyLenderSearch.getMoneyLenderList.do 2026-09-18; 등록번호 2019-금감원-1825(대부업)/2020-금감원-1825(대부중개업); 사업내용 금전대부, 채권추심/대부중개; 법인번호 110111-7134458; 대부금융협회 회원번호 A01600 (https://www.clfa.or.kr/member/list 2026-09-18)"
loan_fss1828,에스와이디대부,대부,에스와이디대부|주식회사 에스와이디대부,https://fines.fss.or.kr/fines/plis/moneyLenderSearch/MoneyLenderSearch.getMoneyLenderList.do 2026-09-18; 등록번호 2019-금감원-1828(대부업); 사업내용 채권추심; 법인번호 110111-6551942; 대부금융협회 회원번호 A01603 (https://www.clfa.or.kr/member/list 2026-09-18)
loan_fss1830,다진엔피엘대부,대부,다진엔피엘대부|주식회사 다진엔피엘대부,https://fines.fss.or.kr/fines/plis/moneyLenderSearch/MoneyLenderSearch.getMoneyLenderList.do 2026-09-18; 등록번호 2019-금감원-1830(대부업); 사업내용 채권추심; 법인번호 160111-0513261; 대부금융협회 회원번호 A01606 (https://www.clfa.or.kr/member/list 2026-09-18)
loan_fss1833,엠케이캐피탈대부,대부,엠케이캐피탈대부|주식회사 엠케이캐피탈대부,https://fines.fss.or.kr/fines/plis/moneyLenderSearch/MoneyLenderSearch.getMoneyLenderList.do 2026-09-18; 등록번호 2019-금감원-1833(대부업); 사업내용 금전대부; 법인번호 134411-0061183; 대부금융협회 회원번호 A00368 (https://www.clfa.or.kr/member/list 2026-09-18)
loan_fss1834,케이치자산관리대부,대부,케이치자산관리대부|케이치자산관리대부 주식회사,https://fines.fss.or.kr/fines/plis/moneyLenderSearch/MoneyLenderSearch.getMoneyLenderList.do 2026-09-18; 등록번호 2019-금감원-1834(대부업); 사업내용 채권추심; 법인번호 110111-5223542; 대부금융협회 회원번호 A01594 (https://www.clfa.or.kr/member/list 2026-09-18)
loan_fss1842,리버스대부,대부,리버스대부|주식회사 리버스대부,https://fines.fss.or.kr/fines/plis/moneyLenderSearch/MoneyLenderSearch.getMoneyLenderList.do 2026-09-18; 등록번호 2019-금감원-1842(대부업); 사업내용 채권추심; 법인번호 180111-1228097; 대부금융협회 회원번호 A01616 (https://www.clfa.or.kr/member/list 2026-09-18)
loan_fss1855,유안대부,대부,유안대부|주식회사 유안대부,"https://fines.fss.or.kr/fines/plis/moneyLenderSearch/MoneyLenderSearch.getMoneyLenderList.do 2026-09-18; 등록번호 2025-금감원-1855(대부업)/2025-금감원-1855(대부중개업); 사업내용 금전대부, 채권추심/대부중개; 법인번호 134311-0039984; 대부금융협회 회원번호 A04658 (https://www.clfa.or.kr/member/list 2026-09-18)"
loan_fss1860,더키움자산관리대부,대부,더키움자산관리대부|더키움자산관리대부 주식회사,https://fines.fss.or.kr/fines/plis/moneyLenderSearch/MoneyLenderSearch.getMoneyLenderList.do 2026-09-18; 등록번호 2019-금감원-1860(대부업); 사업내용 채권추심; 법인번호 110111-7202320; 대부금융협회 회원번호 A01663 (https://www.clfa.or.kr/member/list 2026-09-18)
loan_fss1861,더에이치자산관리대부,대부,더에이치자산관리대부|더에이치자산관리대부 주식회사,https://fines.fss.or.kr/fines/plis/moneyLenderSearch/MoneyLenderSearch.getMoneyLenderList.do 2026-09-18; 등록번호 2019-금감원-1861(대부업); 사업내용 채권추심; 법인번호 200111-0572094; 대부금융협회 회원번호 A01666 (https://www.clfa.or.kr/member/list 2026-09-18)
loan_fss1869,다온인베스트대부,대부,다온인베스트대부|주식회사 다온인베스트대부,"https://fines.fss.or.kr/fines/plis/moneyLenderSearch/MoneyLenderSearch.getMoneyLenderList.do 2026-09-18; 등록번호 2019-금감원-1869(대부업); 사업내용 금전대부, 채권추심; 법인번호 194211-0304593; 대부금융협회 회원번호 A01677 (https://www.clfa.or.kr/member/list 2026-09-18)"
loan_fss1881,공유지분매입,대부,공유지분매입|공유지분매입 주식회사,https://fines.fss.or.kr/fines/plis/moneyLenderSearch/MoneyLenderSearch.getMoneyLenderList.do 2026-09-18; 등록번호 2025-금감원-1881(대부업)/2025-금감원-1881(대부중개업); 사업내용 금전대부/대부중개; 법인번호 110111-7041116; 대부금융협회 회원번호 A01669 (https://www.clfa.or.kr/member/list 2026-09-18)
loan_fss1885,카길애그리퓨리나,대부,카길애그리퓨리나|주식회사 카길애그리퓨리나,https://fines.fss.or.kr/fines/plis/moneyLenderSearch/MoneyLenderSearch.getMoneyLenderList.do 2026-09-18; 등록번호 2019-금감원-1885(대부업); 사업내용 금전대부; 법인번호 110111-0296106; 대부금융협회 회원번호 A01647 (https://www.clfa.or.kr/member/list 2026-09-18)
loan_fss1886,대한금융자산관리대부,대부,대한금융자산관리대부|주식회사 대한금융자산관리대부,"https://fines.fss.or.kr/fines/plis/moneyLenderSearch/MoneyLenderSearch.getMoneyLenderList.do 2026-09-18; 등록번호 2019-금감원-1886(대부업); 사업내용 금전대부, 채권추심; 법인번호 134811-0521345; 대부금융협회 회원번호 A01709 (https://www.clfa.or.kr/member/list 2026-09-18)"
loan_fss1892,커넥플러스,대부,커넥플러스|유한회사 커넥플러스,https://fines.fss.or.kr/fines/plis/moneyLenderSearch/MoneyLenderSearch.getMoneyLenderList.do 2026-09-18; 등록번호 2019-금감원-1892(대부업); 사업내용 금전대부; 법인번호 110114-0114857; 대부금융협회 회원번호 A01681 (https://www.clfa.or.kr/member/list 2026-09-18)
loan_fss1895,더모아대부,대부,더모아대부|주식회사 더모아대부,"https://fines.fss.or.kr/fines/plis/moneyLenderSearch/MoneyLenderSearch.getMoneyLenderList.do 2026-09-18; 등록번호 2019-금감원-1895(대부업)/2025-금감원-1895(대부중개업); 사업내용 금전대부, 채권추심/대부중개; 법인번호 110111-6976330; 대부금융협회 회원번호 A01682 (https://www.clfa.or.kr/member/list 2026-09-18)"
loan_fss1903,디알투에이엠씨대부,대부,디알투에이엠씨대부|디알투에이엠씨대부 주식회사,"https://fines.fss.or.kr/fines/plis/moneyLenderSearch/MoneyLenderSearch.getMoneyLenderList.do 2026-09-18; 등록번호 2019-금감원-1903(대부업); 사업내용 금전대부, 채권추심; 법인번호 110111-6139285; 대부금융협회 회원번호 A01738 (https://www.clfa.or.kr/member/list 2026-09-18)"
loan_fss1909,에프앤제이자산관리대부,대부,에프앤제이자산관리대부|주식회사 에프앤제이자산관리대부,https://fines.fss.or.kr/fines/plis/moneyLenderSearch/MoneyLenderSearch.getMoneyLenderList.do 2026-09-18; 등록번호 2020-금감원-1909(대부업)/2020-금감원-1909(대부중개업); 사업내용 대부중개/채권추심; 법인번호 110111-7322863; 대부금융협회 회원번호 A01755 (https://www.clfa.or.kr/member/list 2026-09-18)
loan_fss1920,알티대부,대부,알티대부|주식회사 알티대부,"https://fines.fss.or.kr/fines/plis/moneyLenderSearch/MoneyLenderSearch.getMoneyLenderList.do 2026-09-18; 등록번호 2024-금감원-1920(대부업); 사업내용 금전대부, 채권추심; 법인번호 110111-7312426; 대부금융협회 회원번호 A04352 (https://www.clfa.or.kr/member/list 2026-09-18)"
loan_fss1923,티플레인대부,대부,티플레인대부|주식회사 티플레인대부,"https://fines.fss.or.kr/fines/plis/moneyLenderSearch/MoneyLenderSearch.getMoneyLenderList.do 2026-09-18; 등록번호 2020-금감원-1923(대부업)/2020-금감원-1923(대부중개업); 사업내용 금전대부, 채권추심/대부중개; 법인번호 110111-7350161; 대부금융협회 회원번호 A01776 (https://www.clfa.or.kr/member/list 2026-09-18)"
loan_fss1924,상상대부금융,대부,상상대부금융|주식회사 상상대부금융,"https://fines.fss.or.kr/fines/plis/moneyLenderSearch/MoneyLenderSearch.getMoneyLenderList.do 2026-09-18; 등록번호 2020-금감원-1924(대부업); 사업내용 금전대부, 채권추심; 법인번호 285011-0429618; 대부금융협회 회원번호 A01775 (https://www.clfa.or.kr/member/list 2026-09-18)"
loan_fss1931,이든에셋대부,대부,이든에셋대부|이든에셋대부 주식회사,https://fines.fss.or.kr/fines/plis/moneyLenderSearch/MoneyLenderSearch.getMoneyLenderList.do 2026-09-18; 등록번호 2020-금감원-1931(대부업); 사업내용 채권추심; 법인번호 110111-9015185; 대부금융협회 회원번호 A01804 (https://www.clfa.or.kr/member/list 2026-09-18)
loan_fss1933,세종엔피엘자산관리대부,대부,세종엔피엘자산관리대부|세종엔피엘자산관리대부 주식회사,https://fines.fss.or.kr/fines/plis/moneyLenderSearch/MoneyLenderSearch.getMoneyLenderList.do 2026-09-18; 등록번호 2020-금감원-1933(대부업)/2020-금감원-1933(대부중개업); 사업내용 대부중개/채권추심; 법인번호 210111-0102914; 대부금융협회 회원번호 A01805 (https://www.clfa.or.kr/member/list 2026-09-18)
loan_fss1937,한국채권관리대부,대부,한국채권관리대부|주식회사 한국채권관리대부,https://fines.fss.or.kr/fines/plis/moneyLenderSearch/MoneyLenderSearch.getMoneyLenderList.do 2026-09-18; 등록번호 2020-금감원-1937(대부업); 사업내용 채권추심; 법인번호 110111-7373808; 대부금융협회 회원번호 A01809 (https://www.clfa.or.kr/member/list 2026-09-18)
loan_fss1943,신의자산관리대부,대부,신의자산관리대부|주식회사 신의자산관리대부,"https://fines.fss.or.kr/fines/plis/moneyLenderSearch/MoneyLenderSearch.getMoneyLenderList.do 2026-09-18; 등록번호 2020-금감원-1943(대부업)/2020-금감원-1943(대부중개업); 사업내용 금전대부, 채권추심/대부중개; 법인번호 110111-7388823; 대부금융협회 회원번호 A01819 (https://www.clfa.or.kr/member/list 2026-09-18)"
loan_fss1945,에스케이자산관리대부,대부,에스케이자산관리대부|주식회사 에스케이자산관리대부,"https://fines.fss.or.kr/fines/plis/moneyLenderSearch/MoneyLenderSearch.getMoneyLenderList.do 2026-09-18; 등록번호 2020-금감원-1945(대부업); 사업내용 금전대부, 채권추심; 법인번호 220111-0200922; 대부금융협회 회원번호 A01820 (https://www.clfa.or.kr/member/list 2026-09-18)"
loan_fss1955,에이블자산관리대부,대부,에이블자산관리대부|주식회사 에이블자산관리대부,"https://fines.fss.or.kr/fines/plis/moneyLenderSearch/MoneyLenderSearch.getMoneyLenderList.do 2026-09-18; 등록번호 2020-금감원-1955(대부업)/2020-금감원-1955(대부중개업); 사업내용 금전대부, 채권추심/대부중개; 법인번호 110111-7302047; 대부금융협회 회원번호 A01852 (https://www.clfa.or.kr/member/list 2026-09-18)"
loan_fss1957,로얄크라운금융대부,대부,로얄크라운금융대부|주식회사 로얄크라운금융대부,"https://fines.fss.or.kr/fines/plis/moneyLenderSearch/MoneyLenderSearch.getMoneyLenderList.do 2026-09-18; 등록번호 2020-금감원-1957(대부업)/2020-금감원-1957(대부중개업); 사업내용 금전대부, 채권추심/대부중개; 법인번호 134911-0095596; 대부금융협회 회원번호 A01860 (https://www.clfa.or.kr/member/list 2026-09-18)"
loan_fss1958,성준에이엠씨대부,대부,성준에이엠씨대부|주식회사 성준에이엠씨대부,"https://fines.fss.or.kr/fines/plis/moneyLenderSearch/MoneyLenderSearch.getMoneyLenderList.do 2026-09-18; 등록번호 2020-금감원-1958(대부업); 사업내용 금전대부, 채권추심; 법인번호 121111-0386178; 대부금융협회 회원번호 A01862 (https://www.clfa.or.kr/member/list 2026-09-18)"
loan_fss1964,테라윈자산대부,대부,테라윈자산대부|주식회사 테라윈자산대부,"https://fines.fss.or.kr/fines/plis/moneyLenderSearch/MoneyLenderSearch.getMoneyLenderList.do 2026-09-18; 등록번호 2020-금감원-1964(대부업); 사업내용 금전대부, 채권추심; 법인번호 110111-7460580; 대부금융협회 회원번호 A01872 (https://www.clfa.or.kr/member/list 2026-09-18)"
loan_fss1978,애플자산관리대부,대부,애플자산관리대부|애플자산관리대부 주식회사,"https://fines.fss.or.kr/fines/plis/moneyLenderSearch/MoneyLenderSearch.getMoneyLenderList.do 2026-09-18; 등록번호 2020-금감원-1978(대부업); 사업내용 금전대부, 채권추심; 법인번호 110111-7406401; 대부금융협회 회원번호 A01888 (https://www.clfa.or.kr/member/list 2026-09-18)"
loan_fss1979,에이치에스에이치대부,대부,에이치에스에이치대부|주식회사 에이치에스에이치대부,https://fines.fss.or.kr/fines/plis/moneyLenderSearch/MoneyLenderSearch.getMoneyLenderList.do 2026-09-18; 등록번호 2020-금감원-1979(대부업)/2020-금감원-1979(대부중개업); 사업내용 대부중개/채권추심; 법인번호 280211-0163184; 대부금융협회 회원번호 A01797 (https://www.clfa.or.kr/member/list 2026-09-18)
loan_fss1982,다온컨설팅대부,대부,다온컨설팅대부|주식회사 다온컨설팅대부,https://fines.fss.or.kr/fines/plis/moneyLenderSearch/MoneyLenderSearch.getMoneyLenderList.do 2026-09-18; 등록번호 2020-금감원-1982(대부업); 사업내용 채권추심; 법인번호 180111-1269398; 대부금융협회 회원번호 A01889 (https://www.clfa.or.kr/member/list 2026-09-18)
loan_fss1986,사랑과미래대부,대부,사랑과미래대부|주식회사 사랑과미래대부,"https://fines.fss.or.kr/fines/plis/moneyLenderSearch/MoneyLenderSearch.getMoneyLenderList.do 2026-09-18; 등록번호 2020-금감원-1986(대부업)/2020-금감원-1986(대부중개업); 사업내용 금전대부, 채권추심/대부중개; 법인번호 284611-0026116; 대부금융협회 회원번호 A01900 (https://www.clfa.or.kr/member/list 2026-09-18)"
loan_fss1987,스위스자산관리대부,대부,스위스자산관리대부|주식회사 스위스자산관리대부,"https://fines.fss.or.kr/fines/plis/moneyLenderSearch/MoneyLenderSearch.getMoneyLenderList.do 2026-09-18; 등록번호 2020-금감원-1987(대부업); 사업내용 금전대부, 채권추심; 법인번호 200111-0597505; 대부금융협회 회원번호 A01901 (https://www.clfa.or.kr/member/list 2026-09-18)"
loan_fss1996,원제이엠에스에셋대부,대부,원제이엠에스에셋대부|원제이엠에스에셋대부 주식회사,"https://fines.fss.or.kr/fines/plis/moneyLenderSearch/MoneyLenderSearch.getMoneyLenderList.do 2026-09-18; 등록번호 2020-금감원-1996(대부업)/2020-금감원-1996(대부중개업); 사업내용 금전대부, 채권추심/대부중개; 법인번호 284911-0165653; 대부금융협회 회원번호 A01912 (https://www.clfa.or.kr/member/list 2026-09-18)"
loan_fss2001,더파이널스대부,대부,더파이널스대부|주식회사 더파이널스대부,"https://fines.fss.or.kr/fines/plis/moneyLenderSearch/MoneyLenderSearch.getMoneyLenderList.do 2026-09-18; 등록번호 2020-금감원-2001(대부업); 사업내용 금전대부, 채권추심; 법인번호 110111-6997162; 대부금융협회 회원번호 A01568 (https://www.clfa.or.kr/member/list 2026-09-18)"
loan_fss2004,더퍼스트대부,대부,더퍼스트대부|주식회사 더퍼스트대부,"https://fines.fss.or.kr/fines/plis/moneyLenderSearch/MoneyLenderSearch.getMoneyLenderList.do 2026-09-18; 등록번호 2020-금감원-2004(대부업); 사업내용 금전대부, 채권추심; 법인번호 285011-0442420; 대부금융협회 회원번호 A01919 (https://www.clfa.or.kr/member/list 2026-09-18)"
loan_fss2009,더베스트파트너스대부,대부,더베스트파트너스대부|주식회사 더베스트파트너스대부,https://fines.fss.or.kr/fines/plis/moneyLenderSearch/MoneyLenderSearch.getMoneyLenderList.do 2026-09-18; 등록번호 2020-금감원-2009(대부업); 사업내용 채권추심; 법인번호 280211-0195575; 대부금융협회 회원번호 A01924 (https://www.clfa.or.kr/member/list 2026-09-18)
loan_fss2010,도담자산관리대부,대부,도담자산관리대부|도담자산관리대부 주식회사,https://fines.fss.or.kr/fines/plis/moneyLenderSearch/MoneyLenderSearch.getMoneyLenderList.do 2026-09-18; 등록번호 2020-금감원-2010(대부업); 사업내용 채권추심; 법인번호 110111-7492624; 대부금융협회 회원번호 A01925 (https://www.clfa.or.kr/member/list 2026-09-18)
loan_fss2012,한국니치대부금융,대부,한국니치대부금융|주식회사 한국니치대부금융,"https://fines.fss.or.kr/fines/plis/moneyLenderSearch/MoneyLenderSearch.getMoneyLenderList.do 2026-09-18; 등록번호 2020-금감원-2012(대부업)/2020-금감원-2012(대부중개업); 사업내용 금전대부, 채권추심/대부중개; 법인번호 110111-6117281; 대부금융협회 회원번호 A01927 (https://www.clfa.or.kr/member/list 2026-09-18)"
loan_fss2018,저스트인타임대부,대부,저스트인타임대부|주식회사 저스트인타임대부,"https://fines.fss.or.kr/fines/plis/moneyLenderSearch/MoneyLenderSearch.getMoneyLenderList.do 2026-09-18; 등록번호 2020-금감원-2018(대부업); 사업내용 금전대부, 채권추심; 법인번호 110111-7516482; 대부금융협회 회원번호 A01933 (https://www.clfa.or.kr/member/list 2026-09-18)"
loan_fss2020,유투리더스대부,대부,유투리더스대부|주식회사 유투리더스대부,"https://fines.fss.or.kr/fines/plis/moneyLenderSearch/MoneyLenderSearch.getMoneyLenderList.do 2026-09-18; 등록번호 2020-금감원-2020(대부업); 사업내용 금전대부, 채권추심; 법인번호 120111-0767874; 대부금융협회 회원번호 A01936 (https://www.clfa.or.kr/member/list 2026-09-18)"
loan_fss2024,에이치에스자산대부,대부,에이치에스자산대부|주식회사 에이치에스자산대부,"https://fines.fss.or.kr/fines/plis/moneyLenderSearch/MoneyLenderSearch.getMoneyLenderList.do 2026-09-18; 등록번호 2020-금감원-2024(대부업)/2020-금감원-2024(대부중개업); 사업내용 금전대부, 채권추심/대부중개; 법인번호 110111-6400355; 대부금융협회 회원번호 A00909 (https://www.clfa.or.kr/member/list 2026-09-18)"
loan_fss2027,오천투자대부,대부,오천투자대부|주식회사 오천투자대부,"https://fines.fss.or.kr/fines/plis/moneyLenderSearch/MoneyLenderSearch.getMoneyLenderList.do 2026-09-18; 등록번호 2020-금감원-2027(대부업)/2020-금감원-2027(대부중개업); 사업내용 금전대부, 채권추심/대부중개; 법인번호 170111-0772724; 대부금융협회 회원번호 A01942 (https://www.clfa.or.kr/member/list 2026-09-18)"
loan_fss2033,바른자산관리대부,대부,바른자산관리대부|주식회사 바른자산관리대부,"https://fines.fss.or.kr/fines/plis/moneyLenderSearch/MoneyLenderSearch.getMoneyLenderList.do 2026-09-18; 등록번호 2020-금감원-2033(대부업)/2020-금감원-2033(대부중개업); 사업내용 금전대부, 채권추심/대부중개; 법인번호 200111-0605788; 대부금융협회 회원번호 A01949 (https://www.clfa.or.kr/member/list 2026-09-18)"
loan_fss2036,디바인자산관리대부,대부,디바인자산관리대부|디바인자산관리대부 주식회사,https://fines.fss.or.kr/fines/plis/moneyLenderSearch/MoneyLenderSearch.getMoneyLenderList.do 2026-09-18; 등록번호 2020-금감원-2036(대부업); 사업내용 채권추심; 법인번호 110111-7543865; 대부금융협회 회원번호 A01952 (https://www.clfa.or.kr/member/list 2026-09-18)
loan_fss2039,대진자산관리대부,대부,대진자산관리대부|주식회사 대진자산관리대부,"https://fines.fss.or.kr/fines/plis/moneyLenderSearch/MoneyLenderSearch.getMoneyLenderList.do 2026-09-18; 등록번호 2020-금감원-2039(대부업)/2020-금감원-2039(대부중개업); 사업내용 금전대부, 채권추심/대부중개; 법인번호 110111-7555315; 대부금융협회 회원번호 A01954 (https://www.clfa.or.kr/member/list 2026-09-18)"
loan_fss2040,해오름자산관리대부,대부,해오름자산관리대부|해오름자산관리대부 주식회사,"https://fines.fss.or.kr/fines/plis/moneyLenderSearch/MoneyLenderSearch.getMoneyLenderList.do 2026-09-18; 등록번호 2020-금감원-2040(대부업); 사업내용 금전대부, 채권추심; 법인번호 120111-0926438; 대부금융협회 회원번호 A01955 (https://www.clfa.or.kr/member/list 2026-09-18)"
loan_fss2042,티제이대부,대부,티제이대부|주식회사 티제이대부,"https://fines.fss.or.kr/fines/plis/moneyLenderSearch/MoneyLenderSearch.getMoneyLenderList.do 2026-09-18; 등록번호 2020-금감원-2042(대부업)/2020-금감원-2042(대부중개업); 사업내용 금전대부, 채권추심/대부중개; 법인번호 110111-7561891; 대부금융협회 회원번호 A01957 (https://www.clfa.or.kr/member/list 2026-09-18)"
loan_fss2045,에이치앤제이자산관리대부,대부,에이치앤제이자산관리대부|주식회사 에이치앤제이자산관리대부,"https://fines.fss.or.kr/fines/plis/moneyLenderSearch/MoneyLenderSearch.getMoneyLenderList.do 2026-09-18; 등록번호 2020-금감원-2045(대부업)/2020-금감원-2045(대부중개업); 사업내용 금전대부, 채권추심/대부중개; 법인번호 134511-0447703; 대부금융협회 회원번호 A01962 (https://www.clfa.or.kr/member/list 2026-09-18)"
loan_fss2046,프런티어파트너스대부,대부,프런티어파트너스대부|주식회사 프런티어파트너스대부,"https://fines.fss.or.kr/fines/plis/moneyLenderSearch/MoneyLenderSearch.getMoneyLenderList.do 2026-09-18; 등록번호 2020-금감원-2046(대부업)/2020-금감원-2046(대부중개업); 사업내용 금전대부, 채권추심/대부중개; 법인번호 110111-5592971; 대부금융협회 회원번호 A01964 (https://www.clfa.or.kr/member/list 2026-09-18)"
loan_fss2047,케이에스타경엔피엘대부,대부,케이에스타경엔피엘대부|케이에스타경엔피엘대부 주식회사,https://fines.fss.or.kr/fines/plis/moneyLenderSearch/MoneyLenderSearch.getMoneyLenderList.do 2026-09-18; 등록번호 2020-금감원-2047(대부업); 사업내용 채권추심; 법인번호 134511-0471562; 대부금융협회 회원번호 A01963 (https://www.clfa.or.kr/member/list 2026-09-18)
loan_fss2048,에스피엔피엘대부,대부,에스피엔피엘대부|주식회사 에스피엔피엘대부,https://fines.fss.or.kr/fines/plis/moneyLenderSearch/MoneyLenderSearch.getMoneyLenderList.do 2026-09-18; 등록번호 2020-금감원-2048(대부업); 사업내용 채권추심; 법인번호 110111-5250058; 대부금융협회 회원번호 A01970 (https://www.clfa.or.kr/member/list 2026-09-18)
loan_fss2051,반석투자대부,대부,반석투자대부|반석투자대부 주식회사,https://fines.fss.or.kr/fines/plis/moneyLenderSearch/MoneyLenderSearch.getMoneyLenderList.do 2026-09-18; 등록번호 2020-금감원-2051(대부업); 사업내용 채권추심; 법인번호 110111-7573771; 대부금융협회 회원번호 A01971 (https://www.clfa.or.kr/member/list 2026-09-18)
loan_fss2058,펜타어드밴스대부,대부,펜타어드밴스대부|주식회사 펜타어드밴스대부,"https://fines.fss.or.kr/fines/plis/moneyLenderSearch/MoneyLenderSearch.getMoneyLenderList.do 2026-09-18; 등록번호 2020-금감원-2058(대부업)/2020-금감원-2058(대부중개업); 사업내용 금전대부, 채권추심/대부중개; 법인번호 110111-6325222; 대부금융협회 회원번호 A01982 (https://www.clfa.or.kr/member/list 2026-09-18)"
loan_fss2060,홍티라운지대부,대부,홍티라운지대부|홍티라운지대부 주식회사,"https://fines.fss.or.kr/fines/plis/moneyLenderSearch/MoneyLenderSearch.getMoneyLenderList.do 2026-09-18; 등록번호 2020-금감원-2060(대부업)/2020-금감원-2060(대부중개업); 사업내용 금전대부, 채권추심/대부중개; 법인번호 110111-7588580; 대부금융협회 회원번호 A01984 (https://www.clfa.or.kr/member/list 2026-09-18)"
loan_fss2067,안스파트너스자산관리대부,대부,안스파트너스자산관리대부|안스파트너스자산관리대부 주식회사,"https://fines.fss.or.kr/fines/plis/moneyLenderSearch/MoneyLenderSearch.getMoneyLenderList.do 2026-09-18; 등록번호 2020-금감원-2067(대부업)/2022-금감원-2067(대부중개업); 사업내용 금전대부, 채권추심/대부중개; 법인번호 134911-0098649; 대부금융협회 회원번호 A01991 (https://www.clfa.or.kr/member/list 2026-09-18)"
loan_fss2069,타임자산관리대부,대부,타임자산관리대부|주식회사 타임자산관리대부,"https://fines.fss.or.kr/fines/plis/moneyLenderSearch/MoneyLenderSearch.getMoneyLenderList.do 2026-09-18; 등록번호 2020-금감원-2069(대부업); 사업내용 금전대부, 채권추심; 법인번호 284911-0230547; 대부금융협회 회원번호 A01995 (https://www.clfa.or.kr/member/list 2026-09-18)"
loan_fss2073,현애고대부,대부,현애고대부|주식회사 현애고대부,"https://fines.fss.or.kr/fines/plis/moneyLenderSearch/MoneyLenderSearch.getMoneyLenderList.do 2026-09-18; 등록번호 2020-금감원-2073(대부업); 사업내용 금전대부, 채권추심; 법인번호 134811-0419491; 대부금융협회 회원번호 A01944 (https://www.clfa.or.kr/member/list 2026-09-18)"
loan_fss2076,위드파트너스대부,대부,위드파트너스대부|주식회사 위드파트너스대부,"https://fines.fss.or.kr/fines/plis/moneyLenderSearch/MoneyLenderSearch.getMoneyLenderList.do 2026-09-18; 등록번호 2020-금감원-2076(대부업); 사업내용 금전대부, 채권추심; 법인번호 180111-1097905; 대부금융협회 회원번호 A02001 (https://www.clfa.or.kr/member/list 2026-09-18)"
loan_fss2077,새한에이엠씨대부,대부,새한에이엠씨대부|새한에이엠씨대부 주식회사,"https://fines.fss.or.kr/fines/plis/moneyLenderSearch/MoneyLenderSearch.getMoneyLenderList.do 2026-09-18; 등록번호 2020-금감원-2077(대부업); 사업내용 금전대부, 채권추심; 법인번호 131111-0458503; 대부금융협회 회원번호 A02002 (https://www.clfa.or.kr/member/list 2026-09-18)"
loan_fss2082,아림대부,대부,아림대부|주식회사 아림대부,https://fines.fss.or.kr/fines/plis/moneyLenderSearch/MoneyLenderSearch.getMoneyLenderList.do 2026-09-18; 등록번호 2025-금감원-2082(대부업); 사업내용 채권추심; 법인번호 110111-7588879; 대부금융협회 회원번호 A02007 (https://www.clfa.or.kr/member/list 2026-09-18)
loan_fss2083,수자산관리대부,대부,수자산관리대부|주식회사 수자산관리대부,https://fines.fss.or.kr/fines/plis/moneyLenderSearch/MoneyLenderSearch.getMoneyLenderList.do 2026-09-18; 등록번호 2020-금감원-2083(대부업)/2020-금감원-2083(대부중개업); 사업내용 대부중개/채권추심; 법인번호 191211-0036016; 대부금융협회 회원번호 A02008 (https://www.clfa.or.kr/member/list 2026-09-18)
loan_fss2085,아이엔피엘대부,대부,아이엔피엘대부|주식회사 아이엔피엘대부,https://fines.fss.or.kr/fines/plis/moneyLenderSearch/MoneyLenderSearch.getMoneyLenderList.do 2026-09-18; 등록번호 2020-금감원-2085(대부업); 사업내용 채권추심; 법인번호 284111-0242051; 대부금융협회 회원번호 A02013 (https://www.clfa.or.kr/member/list 2026-09-18)
loan_fss2090,퍼스티어대부,대부,퍼스티어대부|주식회사 퍼스티어대부,"https://fines.fss.or.kr/fines/plis/moneyLenderSearch/MoneyLenderSearch.getMoneyLenderList.do 2026-09-18; 등록번호 2024-금감원-2090(대부업); 사업내용 금전대부, 채권추심; 법인번호 110111-7546116; 대부금융협회 회원번호 A02019 (https://www.clfa.or.kr/member/list 2026-09-18)"
loan_fss2091,초이스투자대부,대부,초이스투자대부|주식회사 초이스투자대부,"https://fines.fss.or.kr/fines/plis/moneyLenderSearch/MoneyLenderSearch.getMoneyLenderList.do 2026-09-18; 등록번호 2020-금감원-2091(대부업)/2020-금감원-2091(대부중개업); 사업내용 금전대부, 채권추심/대부중개; 법인번호 110111-7652674; 대부금융협회 회원번호 A02020 (https://www.clfa.or.kr/member/list 2026-09-18)"
loan_fss2100,원천대부,대부,원천대부|주식회사 원천대부,"https://fines.fss.or.kr/fines/plis/moneyLenderSearch/MoneyLenderSearch.getMoneyLenderList.do 2026-09-18; 등록번호 2020-금감원-2100(대부업)/2020-금감원-2100(대부중개업); 사업내용 금전대부, 채권추심/대부중개; 법인번호 120111-1091660; 대부금융협회 회원번호 A01965 (https://www.clfa.or.kr/member/list 2026-09-18)"
loan_fss2101,유진홀딩스대부업,대부,유진홀딩스대부업|주식회사 유진홀딩스대부업,"https://fines.fss.or.kr/fines/plis/moneyLenderSearch/MoneyLenderSearch.getMoneyLenderList.do 2026-09-18; 등록번호 2024-금감원-2101(대부업)/2024-금감원-2101(대부중개업); 사업내용 금전대부, 채권추심/대부중개; 법인번호 134811-0388472; 대부금융협회 회원번호 A02031 (https://www.clfa.or.kr/member/list 2026-09-18)"
loan_fss2105,엔씨파이낸스대부,대부,엔씨파이낸스대부|주식회사 엔씨파이낸스대부,"https://fines.fss.or.kr/fines/plis/moneyLenderSearch/MoneyLenderSearch.getMoneyLenderList.do 2026-09-18; 등록번호 2021-금감원-2105(대부업); 사업내용 금전대부, 채권추심; 법인번호 110111-7657418; 대부금융협회 회원번호 A02035 (https://www.clfa.or.kr/member/list 2026-09-18)"
loan_fss2108,파란에셋대부,대부,파란에셋대부|주식회사 파란에셋대부,https://fines.fss.or.kr/fines/plis/moneyLenderSearch/MoneyLenderSearch.getMoneyLenderList.do 2026-09-18; 등록번호 2024-금감원-2108(대부업); 사업내용 채권추심; 법인번호 110111-7661881; 대부금융협회 회원번호 A02038 (https://www.clfa.or.kr/member/list 2026-09-18)
loan_fss2111,제이알은성대부,대부,제이알은성대부|제이알은성대부 주식회사,https://fines.fss.or.kr/fines/plis/moneyLenderSearch/MoneyLenderSearch.getMoneyLenderList.do 2026-09-18; 등록번호 2021-금감원-2111(대부업); 사업내용 채권추심; 법인번호 110111-7687100; 대부금융협회 회원번호 A02041 (https://www.clfa.or.kr/member/list 2026-09-18)
loan_fss2113,한국리치자산관리대부,대부,한국리치자산관리대부|한국리치자산관리대부 주식회사,"https://fines.fss.or.kr/fines/plis/moneyLenderSearch/MoneyLenderSearch.getMoneyLenderList.do 2026-09-18; 등록번호 2021-금감원-2113(대부업); 사업내용 금전대부, 채권추심; 법인번호 131211-0056321; 대부금융협회 회원번호 A02043 (https://www.clfa.or.kr/member/list 2026-09-18)"
loan_fss2118,콘스탄트대부,대부,콘스탄트대부|주식회사콘스탄트대부,"https://fines.fss.or.kr/fines/plis/moneyLenderSearch/MoneyLenderSearch.getMoneyLenderList.do 2026-09-18; 등록번호 2021-금감원-2118(대부업); 사업내용 금전대부, 채권추심; 법인번호 200111-0617345; 대부금융협회 회원번호 A02052 (https://www.clfa.or.kr/member/list 2026-09-18)"
loan_fss2119,헐미스매니지먼트컨설팅대부,대부,헐미스매니지먼트컨설팅대부|헐미스매니지먼트컨설팅대부 유한회사,https://fines.fss.or.kr/fines/plis/moneyLenderSearch/MoneyLenderSearch.getMoneyLenderList.do 2026-09-18; 등록번호 2021-금감원-2119(대부업); 사업내용 채권추심; 법인번호 110114-0096518; 대부금융협회 회원번호 A02053 (https://www.clfa.or.kr/member/list 2026-09-18)
loan_fss2120,전국엔피엘자산대부,대부,전국엔피엘자산대부|주식회사 전국엔피엘자산대부,"https://fines.fss.or.kr/fines/plis/moneyLenderSearch/MoneyLenderSearch.getMoneyLenderList.do 2026-09-18; 등록번호 2021-금감원-2120(대부업); 사업내용 금전대부, 채권추심; 법인번호 124411-0279126; 대부금융협회 회원번호 A02054 (https://www.clfa.or.kr/member/list 2026-09-18)"
loan_fss2122,국민채권관리대부,대부,국민채권관리대부|주식회사 국민채권관리대부,https://fines.fss.or.kr/fines/plis/moneyLenderSearch/MoneyLenderSearch.getMoneyLenderList.do 2026-09-18; 등록번호 2024-금감원-2122(대부업); 사업내용 채권추심; 법인번호 110111-7430822; 대부금융협회 회원번호 A02056 (https://www.clfa.or.kr/member/list 2026-09-18)
loan_fss2123,트로바인베스트먼트앤대부,대부,트로바인베스트먼트앤대부|주식회사 트로바인베스트먼트앤대부,"https://fines.fss.or.kr/fines/plis/moneyLenderSearch/MoneyLenderSearch.getMoneyLenderList.do 2026-09-18; 등록번호 2021-금감원-2123(대부업)/2021-금감원-2123(대부중개업); 사업내용 금전대부, 채권추심/대부중개; 법인번호 110111-5154763; 대부금융협회 회원번호 A00967 (https://www.clfa.or.kr/member/list 2026-09-18)"
loan_fss2124,피제이파이낸셜대부,대부,피제이파이낸셜대부|피제이파이낸셜대부 주식회사,https://fines.fss.or.kr/fines/plis/moneyLenderSearch/MoneyLenderSearch.getMoneyLenderList.do 2026-09-18; 등록번호 2025-금감원-2124(대부업); 사업내용 채권추심; 법인번호 110111-7688009; 대부금융협회 회원번호 A02057 (https://www.clfa.or.kr/member/list 2026-09-18)
loan_fss2125,아시아어드바이저스코리아파이낸스대부,대부,아시아어드바이저스코리아파이낸스대부|아시아어드바이저스코리아파이낸스대부 주식회사,"https://fines.fss.or.kr/fines/plis/moneyLenderSearch/MoneyLenderSearch.getMoneyLenderList.do 2026-09-18; 등록번호 2021-금감원-2125(대부업)/2021-금감원-2125(대부중개업); 사업내용 금전대부, 채권추심/대부중개; 법인번호 180111-0742163; 대부금융협회 회원번호 A02058 (https://www.clfa.or.kr/member/list 2026-09-18)"
loan_fss2126,우정자산관리대부,대부,우정자산관리대부|우정자산관리대부(주),"https://fines.fss.or.kr/fines/plis/moneyLenderSearch/MoneyLenderSearch.getMoneyLenderList.do 2026-09-18; 등록번호 2025-금감원-2126(대부업); 사업내용 금전대부, 채권추심; 법인번호 110111-7684742; 대부금융협회 회원번호 A02059 (https://www.clfa.or.kr/member/list 2026-09-18)"
loan_fss2127,은진연합자산대부,대부,은진연합자산대부|은진연합자산대부 유한회사,"https://fines.fss.or.kr/fines/plis/moneyLenderSearch/MoneyLenderSearch.getMoneyLenderList.do 2026-09-18; 등록번호 2021-금감원-2127(대부업); 사업내용 금전대부, 채권추심; 법인번호 201314-0012031; 대부금융협회 회원번호 A02060 (https://www.clfa.or.kr/member/list 2026-09-18)"
loan_fss2132,히든자산관리대부,대부,히든자산관리대부|주식회사 히든자산관리대부,https://fines.fss.or.kr/fines/plis/moneyLenderSearch/MoneyLenderSearch.getMoneyLenderList.do 2026-09-18; 등록번호 2021-금감원-2132(대부업); 사업내용 채권추심; 법인번호 150111-0298047; 대부금융협회 회원번호 A02063 (https://www.clfa.or.kr/member/list 2026-09-18)
loan_fss2136,한국금융자산관리대부,대부,한국금융자산관리대부|주식회사 한국금융자산관리대부,"https://fines.fss.or.kr/fines/plis/moneyLenderSearch/MoneyLenderSearch.getMoneyLenderList.do 2026-09-18; 등록번호 2021-금감원-2136(대부업); 사업내용 금전대부, 채권추심; 법인번호 134811-0428236; 대부금융협회 회원번호 A00992 (https://www.clfa.or.kr/member/list 2026-09-18)"
loan_fss2139,코끼리자산대부,대부,코끼리자산대부|주식회사 코끼리자산대부,https://fines.fss.or.kr/fines/plis/moneyLenderSearch/MoneyLenderSearch.getMoneyLenderList.do 2026-09-18; 등록번호 2021-금감원-2139(대부업); 사업내용 금전대부; 법인번호 230111-0340148; 대부금융협회 회원번호 A02009 (https://www.clfa.or.kr/member/list 2026-09-18)
loan_fss2140,트렌드이십대부,대부,트렌드이십대부|주식회사 트렌드이십대부,https://fines.fss.or.kr/fines/plis/moneyLenderSearch/MoneyLenderSearch.getMoneyLenderList.do 2026-09-18; 등록번호 2021-금감원-2140(대부업); 사업내용 채권추심; 법인번호 110111-3936296; 대부금융협회 회원번호 A01103 (https://www.clfa.or.kr/member/list 2026-09-18)
loan_fss2144,티앤지에셋대부,대부,티앤지에셋대부|티앤지에셋대부 주식회사,https://fines.fss.or.kr/fines/plis/moneyLenderSearch/MoneyLenderSearch.getMoneyLenderList.do 2026-09-18; 등록번호 2021-금감원-2144(대부업); 사업내용 채권추심; 법인번호 110111-5766831; 대부금융협회 회원번호 A02026 (https://www.clfa.or.kr/member/list 2026-09-18)
loan_fss2145,웰스자산관리대부,대부,웰스자산관리대부|웰스자산관리대부 주식회사,"https://fines.fss.or.kr/fines/plis/moneyLenderSearch/MoneyLenderSearch.getMoneyLenderList.do 2026-09-18; 등록번호 2021-금감원-2145(대부업); 사업내용 금전대부, 채권추심; 법인번호 110111-7611737; 대부금융협회 회원번호 A02027 (https://www.clfa.or.kr/member/list 2026-09-18)"
loan_fss2146,씨아이하우징,대부,씨아이하우징|주식회사 씨아이하우징,https://fines.fss.or.kr/fines/plis/moneyLenderSearch/MoneyLenderSearch.getMoneyLenderList.do 2026-09-18; 등록번호 2025-금감원-2146(대부업); 사업내용 채권추심; 법인번호 200111-0234040; 대부금융협회 회원번호 A02071 (https://www.clfa.or.kr/member/list 2026-09-18)
loan_fss2148,분당엔피엘대부,대부,분당엔피엘대부|분당엔피엘대부 주식회사,https://fines.fss.or.kr/fines/plis/moneyLenderSearch/MoneyLenderSearch.getMoneyLenderList.do 2026-09-18; 등록번호 2021-금감원-2148(대부업); 사업내용 채권추심; 법인번호 134811-0170291; 대부금융협회 회원번호 A02073 (https://www.clfa.or.kr/member/list 2026-09-18)
loan_fss2149,씨에이대부,대부,씨에이대부|주식회사 씨에이대부,"https://fines.fss.or.kr/fines/plis/moneyLenderSearch/MoneyLenderSearch.getMoneyLenderList.do 2026-09-18; 등록번호 2025-금감원-2149(대부업)/2025-금감원-2149(대부중개업); 사업내용 금전대부, 채권추심/대부중개; 법인번호 161511-0286273; 대부금융협회 회원번호 A04598 (https://www.clfa.or.kr/member/list 2026-09-18)"
loan_fss2152,크링대부,대부,크링대부|주식회사 크링대부,"https://fines.fss.or.kr/fines/plis/moneyLenderSearch/MoneyLenderSearch.getMoneyLenderList.do 2026-09-18; 등록번호 2021-금감원-2152(대부업)/2021-금감원-2152(대부중개업); 사업내용 금전대부, 채권추심/대부중개; 법인번호 110111-4058429; 대부금융협회 회원번호 A02079 (https://www.clfa.or.kr/member/list 2026-09-18)"
loan_fss2154,인사이트대부금융,대부,인사이트대부금융|인사이트대부금융 주식회사,"https://fines.fss.or.kr/fines/plis/moneyLenderSearch/MoneyLenderSearch.getMoneyLenderList.do 2026-09-18; 등록번호 2021-금감원-2154(대부업); 사업내용 금전대부, 채권추심; 법인번호 134511-0467868; 대부금융협회 회원번호 A02028 (https://www.clfa.or.kr/member/list 2026-09-18)"
loan_fss2156,위미르대부,대부,위미르대부|위미르대부 주식회사,https://fines.fss.or.kr/fines/plis/moneyLenderSearch/MoneyLenderSearch.getMoneyLenderList.do 2026-09-18; 등록번호 2021-금감원-2156(대부업)/2021-금감원-2156(대부중개업); 사업내용 대부중개/채권추심; 법인번호 284911-0171410; 대부금융협회 회원번호 A02082 (https://www.clfa.or.kr/member/list 2026-09-18)
loan_fss2158,빅디엠씨대부,대부,빅디엠씨대부|주식회사 빅디엠씨대부,"https://fines.fss.or.kr/fines/plis/moneyLenderSearch/MoneyLenderSearch.getMoneyLenderList.do 2026-09-18; 등록번호 2021-금감원-2158(대부업); 사업내용 금전대부, 채권추심; 법인번호 194211-0253518; 대부금융협회 회원번호 A02030 (https://www.clfa.or.kr/member/list 2026-09-18)"
loan_fss2162,우리모아대부,대부,우리모아대부|주식회사 우리모아대부,https://fines.fss.or.kr/fines/plis/moneyLenderSearch/MoneyLenderSearch.getMoneyLenderList.do 2026-09-18; 등록번호 2021-금감원-2162(대부업); 사업내용 채권추심; 법인번호 285011-0463088; 대부금융협회 회원번호 A02088 (https://www.clfa.or.kr/member/list 2026-09-18)
loan_fss2163,대신자산관리대부,대부,대신자산관리대부|대신자산관리대부 주식회사,https://fines.fss.or.kr/fines/plis/moneyLenderSearch/MoneyLenderSearch.getMoneyLenderList.do 2026-09-18; 등록번호 2025-금감원-2163(대부업); 사업내용 채권추심; 법인번호 110111-5219822; 대부금융협회 회원번호 A02046 (https://www.clfa.or.kr/member/list 2026-09-18)
loan_fss2164,한국홀딩스대부,대부,한국홀딩스대부|한국홀딩스대부 주식회사,"https://fines.fss.or.kr/fines/plis/moneyLenderSearch/MoneyLenderSearch.getMoneyLenderList.do 2026-09-18; 등록번호 2021-금감원-2164(대부업)/2021-금감원-2164(대부중개업); 사업내용 금전대부, 채권추심/대부중개; 법인번호 134811-0597990; 대부금융협회 회원번호 A02090 (https://www.clfa.or.kr/member/list 2026-09-18)"
loan_fss2167,나인베스트에셋대부,대부,나인베스트에셋대부|나인베스트에셋대부 주식회사,https://fines.fss.or.kr/fines/plis/moneyLenderSearch/MoneyLenderSearch.getMoneyLenderList.do 2026-09-18; 등록번호 2021-금감원-2167(대부업); 사업내용 채권추심; 법인번호 110111-5675777; 대부금융협회 회원번호 A02092 (https://www.clfa.or.kr/member/list 2026-09-18)
loan_fss2169,유니콘자산대부,대부,유니콘자산대부|유니콘자산대부 주식회사,"https://fines.fss.or.kr/fines/plis/moneyLenderSearch/MoneyLenderSearch.getMoneyLenderList.do 2026-09-18; 등록번호 2021-금감원-2169(대부업)/2021-금감원-2169(대부중개업); 사업내용 금전대부, 채권추심/대부중개; 법인번호 110111-7722344; 대부금융협회 회원번호 A02095 (https://www.clfa.or.kr/member/list 2026-09-18)"
loan_fss2171,삼성골드대부,대부,삼성골드대부|삼성골드대부 주식회사,https://fines.fss.or.kr/fines/plis/moneyLenderSearch/MoneyLenderSearch.getMoneyLenderList.do 2026-09-18; 등록번호 2025-금감원-2171(대부업); 사업내용 채권추심; 법인번호 110111-7803102; 대부금융협회 회원번호 A02097 (https://www.clfa.or.kr/member/list 2026-09-18)
loan_fss2175,골드스톤프라퍼티대부,대부,골드스톤프라퍼티대부|골드스톤프라퍼티대부 주식회사,"https://fines.fss.or.kr/fines/plis/moneyLenderSearch/MoneyLenderSearch.getMoneyLenderList.do 2026-09-18; 등록번호 2021-금감원-2175(대부업); 사업내용 금전대부, 채권추심; 법인번호 134511-0494481; 대부금융협회 회원번호 A02100 (https://www.clfa.or.kr/member/list 2026-09-18)"
loan_fss2179,디에스지대부,대부,디에스지대부|디에스지대부 주식회사,"https://fines.fss.or.kr/fines/plis/moneyLenderSearch/MoneyLenderSearch.getMoneyLenderList.do 2026-09-18; 등록번호 2021-금감원-2179(대부업)/2021-금감원-2179(대부중개업); 사업내용 금전대부, 채권추심/대부중개; 법인번호 110111-6585751; 대부금융협회 회원번호 A01072 (https://www.clfa.or.kr/member/list 2026-09-18)"
loan_fss2183,에이치엘자산관리대부,대부,에이치엘자산관리대부|에이치엘자산관리대부 주식회사,https://fines.fss.or.kr/fines/plis/moneyLenderSearch/MoneyLenderSearch.getMoneyLenderList.do 2026-09-18; 등록번호 2021-금감원-2183(대부업); 사업내용 채권추심; 법인번호 110111-5420271; 대부금융협회 회원번호 A02110 (https://www.clfa.or.kr/member/list 2026-09-18)
loan_fss2185,론스타자산관리대부,대부,론스타자산관리대부|주식회사 론스타자산관리대부,"https://fines.fss.or.kr/fines/plis/moneyLenderSearch/MoneyLenderSearch.getMoneyLenderList.do 2026-09-18; 등록번호 2021-금감원-2185(대부업)/2021-금감원-2185(대부중개업); 사업내용 금전대부, 채권추심/대부중개; 법인번호 124411-0288242; 대부금융협회 회원번호 A02112 (https://www.clfa.or.kr/member/list 2026-09-18)"
loan_fss2187,엠브릿지대부,대부,엠브릿지대부|엠브릿지대부 유한회사,https://fines.fss.or.kr/fines/plis/moneyLenderSearch/MoneyLenderSearch.getMoneyLenderList.do 2026-09-18; 등록번호 2021-금감원-2187(대부업); 사업내용 채권추심; 법인번호 110114-0115392; 대부금융협회 회원번호 A02114 (https://www.clfa.or.kr/member/list 2026-09-18)
loan_fss2188,비즈에이엔씨대부,대부,비즈에이엔씨대부|주식회사 비즈에이엔씨대부,https://fines.fss.or.kr/fines/plis/moneyLenderSearch/MoneyLenderSearch.getMoneyLenderList.do 2026-09-18; 등록번호 2021-금감원-2188(대부업); 사업내용 채권추심; 법인번호 170111-0811697; 대부금융협회 회원번호 A02115 (https://www.clfa.or.kr/member/list 2026-09-18)
loan_fss2191,미래자산대부관리,대부,미래자산대부관리|미래자산대부관리 주식회사,https://fines.fss.or.kr/fines/plis/moneyLenderSearch/MoneyLenderSearch.getMoneyLenderList.do 2026-09-18; 등록번호 2021-금감원-2191(대부업); 사업내용 채권추심; 법인번호 110111-3123827; 대부금융협회 회원번호 A01172 (https://www.clfa.or.kr/member/list 2026-09-18)
loan_fss2193,씨엠피자산관리대부,대부,씨엠피자산관리대부|씨엠피자산관리대부 주식회사,https://fines.fss.or.kr/fines/plis/moneyLenderSearch/MoneyLenderSearch.getMoneyLenderList.do 2026-09-18; 등록번호 2021-금감원-2193(대부업); 사업내용 채권추심; 법인번호 110111-7826146; 대부금융협회 회원번호 A02119 (https://www.clfa.or.kr/member/list 2026-09-18)
loan_fss2194,다인에프엔씨대부,대부,다인에프엔씨대부|(주)다인에프엔씨대부,"https://fines.fss.or.kr/fines/plis/moneyLenderSearch/MoneyLenderSearch.getMoneyLenderList.do 2026-09-18; 등록번호 2021-금감원-2194(대부업); 사업내용 금전대부, 채권추심; 법인번호 160111-0571699; 대부금융협회 회원번호 A02068 (https://www.clfa.or.kr/member/list 2026-09-18)"
loan_fss2198,자성대부컴퍼니,대부,자성대부컴퍼니|주식회사 자성대부컴퍼니,"https://fines.fss.or.kr/fines/plis/moneyLenderSearch/MoneyLenderSearch.getMoneyLenderList.do 2026-09-18; 등록번호 2021-금감원-2198(대부업)/2021-금감원-2198(대부중개업); 사업내용 금전대부, 채권추심/대부중개; 법인번호 110111-7709904; 대부금융협회 회원번호 A02075 (https://www.clfa.or.kr/member/list 2026-09-18)"
loan_fss2200,제이디자산대부관리,대부,제이디자산대부관리|제이디자산대부관리 유한회사,"https://fines.fss.or.kr/fines/plis/moneyLenderSearch/MoneyLenderSearch.getMoneyLenderList.do 2026-09-18; 등록번호 2021-금감원-2200(대부업); 사업내용 금전대부, 채권추심; 법인번호 110114-0275013; 대부금융협회 회원번호 A02124 (https://www.clfa.or.kr/member/list 2026-09-18)"
loan_fss2201,알라딘대부,대부,알라딘대부|주식회사 알라딘대부,"https://fines.fss.or.kr/fines/plis/moneyLenderSearch/MoneyLenderSearch.getMoneyLenderList.do 2026-09-18; 등록번호 2021-금감원-2201(대부업); 사업내용 금전대부, 채권추심; 법인번호 110111-7788487; 대부금융협회 회원번호 A02127 (https://www.clfa.or.kr/member/list 2026-09-18)"
loan_fss2204,서우자산관리대부,대부,서우자산관리대부|주식회사 서우자산관리대부,"https://fines.fss.or.kr/fines/plis/moneyLenderSearch/MoneyLenderSearch.getMoneyLenderList.do 2026-09-18; 등록번호 2021-금감원-2204(대부업)/2021-금감원-2204(대부중개업); 사업내용 금전대부, 채권추심/대부중개; 법인번호 134811-0610023; 대부금융협회 회원번호 A02130 (https://www.clfa.or.kr/member/list 2026-09-18)"
loan_fss2206,유니온자산관리대부,대부,유니온자산관리대부|유니온자산관리대부(주),"https://fines.fss.or.kr/fines/plis/moneyLenderSearch/MoneyLenderSearch.getMoneyLenderList.do 2026-09-18; 등록번호 2025-금감원-2206(대부업)/2025-금감원-2206(대부중개업); 사업내용 금전대부, 채권추심/대부중개; 법인번호 110111-7864261; 대부금융협회 회원번호 A02138 (https://www.clfa.or.kr/member/list 2026-09-18)"
loan_fss2210,키움대부법인,대부,키움대부법인|유한회사 키움대부법인,"https://fines.fss.or.kr/fines/plis/moneyLenderSearch/MoneyLenderSearch.getMoneyLenderList.do 2026-09-18; 등록번호 2021-금감원-2210(대부업); 사업내용 금전대부, 채권추심; 법인번호 200114-0117513; 대부금융협회 회원번호 A02094 (https://www.clfa.or.kr/member/list 2026-09-18)"
loan_fss2213,프랭크자산관리대부,대부,프랭크자산관리대부|주식회사 프랭크자산관리대부,"https://fines.fss.or.kr/fines/plis/moneyLenderSearch/MoneyLenderSearch.getMoneyLenderList.do 2026-09-18; 등록번호 2021-금감원-2213(대부업); 사업내용 금전대부, 채권추심; 법인번호 110111-7841897; 대부금융협회 회원번호 A02144 (https://www.clfa.or.kr/member/list 2026-09-18)"
loan_fss2214,에이제이자산관리대부,대부,에이제이자산관리대부|에이제이자산관리대부 주식회사,https://fines.fss.or.kr/fines/plis/moneyLenderSearch/MoneyLenderSearch.getMoneyLenderList.do 2026-09-18; 등록번호 2021-금감원-2214(대부업); 사업내용 채권추심; 법인번호 110111-7876050; 대부금융협회 회원번호 A02145 (https://www.clfa.or.kr/member/list 2026-09-18)
loan_fss2215,가온엔피엘대부,대부,가온엔피엘대부|주식회사 가온엔피엘대부,https://fines.fss.or.kr/fines/plis/moneyLenderSearch/MoneyLenderSearch.getMoneyLenderList.do 2026-09-18; 등록번호 2021-금감원-2215(대부업); 사업내용 채권추심; 법인번호 161511-0292882; 대부금융협회 회원번호 A02153 (https://www.clfa.or.kr/member/list 2026-09-18)
loan_fss2216,씨에스유동화자산관리대부,대부,씨에스유동화자산관리대부|주식회사 씨에스유동화자산관리대부,"https://fines.fss.or.kr/fines/plis/moneyLenderSearch/MoneyLenderSearch.getMoneyLenderList.do 2026-09-18; 등록번호 2021-금감원-2216(대부업); 사업내용 금전대부, 채권추심; 법인번호 180111-1129063; 대부금융협회 회원번호 A01118 (https://www.clfa.or.kr/member/list 2026-09-18)"
loan_fss2217,우리파트너스대부,대부,우리파트너스대부|우리파트너스대부 주식회사,https://fines.fss.or.kr/fines/plis/moneyLenderSearch/MoneyLenderSearch.getMoneyLenderList.do 2026-09-18; 등록번호 2021-금감원-2217(대부업)/2024-금감원-2217(대부중개업); 사업내용 대부중개/채권추심; 법인번호 134111-0538097; 대부금융협회 회원번호 A02161 (https://www.clfa.or.kr/member/list 2026-09-18)
loan_fss2219,케이앤피자산관리대부,대부,케이앤피자산관리대부|주식회사 케이앤피자산관리대부,https://fines.fss.or.kr/fines/plis/moneyLenderSearch/MoneyLenderSearch.getMoneyLenderList.do 2026-09-18; 등록번호 2021-금감원-2219(대부업); 사업내용 채권추심; 법인번호 110111-7883162; 대부금융협회 회원번호 A02163 (https://www.clfa.or.kr/member/list 2026-09-18)
loan_fss2229,청춘자산관리대부,대부,청춘자산관리대부|청춘자산관리대부 주식회사,"https://fines.fss.or.kr/fines/plis/moneyLenderSearch/MoneyLenderSearch.getMoneyLenderList.do 2026-09-18; 등록번호 2021-금감원-2229(대부업); 사업내용 금전대부, 채권추심; 법인번호 214911-0057903; 대부금융협회 회원번호 A02198 (https://www.clfa.or.kr/member/list 2026-09-18)"
loan_fss2230,케이엠자산관리대부,대부,케이엠자산관리대부|케이엠자산관리대부 주식회사,"https://fines.fss.or.kr/fines/plis/moneyLenderSearch/MoneyLenderSearch.getMoneyLenderList.do 2026-09-18; 등록번호 2021-금감원-2230(대부업)/2021-금감원-2230(대부중개업); 사업내용 금전대부, 채권추심/대부중개; 법인번호 110111-7938694; 대부금융협회 회원번호 A02199 (https://www.clfa.or.kr/member/list 2026-09-18)"
loan_fss2234,에스제이대부금융,대부,에스제이대부금융|에스제이대부금융(주),https://fines.fss.or.kr/fines/plis/moneyLenderSearch/MoneyLenderSearch.getMoneyLenderList.do 2026-09-18; 등록번호 2021-금감원-2234(대부업)/2021-금감원-2234(대부중개업); 사업내용 금전대부/대부중개; 법인번호 194211-0254798; 대부금융협회 회원번호 A02111 (https://www.clfa.or.kr/member/list 2026-09-18)
loan_fss2235,비앤에프대부,대부,비앤에프대부|주식회사 비앤에프대부,"https://fines.fss.or.kr/fines/plis/moneyLenderSearch/MoneyLenderSearch.getMoneyLenderList.do 2026-09-18; 등록번호 2021-금감원-2235(대부업)/2021-금감원-2235(대부중개업); 사업내용 금전대부, 채권추심/대부중개; 법인번호 141111-0070363; 대부금융협회 회원번호 A02216 (https://www.clfa.or.kr/member/list 2026-09-18)"
loan_fss2236,제이앤아이자산관리대부,대부,제이앤아이자산관리대부|제이앤아이자산관리대부 주식회사,"https://fines.fss.or.kr/fines/plis/moneyLenderSearch/MoneyLenderSearch.getMoneyLenderList.do 2026-09-18; 등록번호 2025-금감원-2236(대부업)/2025-금감원-2236(대부중개업); 사업내용 금전대부, 채권추심/대부중개; 법인번호 210111-0167679; 대부금융협회 회원번호 A02220 (https://www.clfa.or.kr/member/list 2026-09-18)"
loan_fss2237,제이대부금융,대부,제이대부금융|제이대부금융 주식회사,"https://fines.fss.or.kr/fines/plis/moneyLenderSearch/MoneyLenderSearch.getMoneyLenderList.do 2026-09-18; 등록번호 2021-금감원-2237(대부업); 사업내용 금전대부, 채권추심; 법인번호 110111-7905461; 대부금융협회 회원번호 A02221 (https://www.clfa.or.kr/member/list 2026-09-18)"
loan_fss2240,스마트크라우드대부,대부,스마트크라우드대부|스마트크라우드대부 주식회사,"https://fines.fss.or.kr/fines/plis/moneyLenderSearch/MoneyLenderSearch.getMoneyLenderList.do 2026-09-18; 등록번호 2021-금감원-2240(대부업)/2021-금감원-2240(대부중개업); 사업내용 금전대부, 채권추심/대부중개; 법인번호 110111-6113312; 대부금융협회 회원번호 A00842 (https://www.clfa.or.kr/member/list 2026-09-18)"
loan_fss2243,에이에프투자대부,대부,에이에프투자대부|주식회사 에이에프투자대부,"https://fines.fss.or.kr/fines/plis/moneyLenderSearch/MoneyLenderSearch.getMoneyLenderList.do 2026-09-18; 등록번호 2021-금감원-2243(대부업)/2021-금감원-2243(대부중개업); 사업내용 금전대부, 채권추심/대부중개; 법인번호 110111-7904992; 대부금융협회 회원번호 A02248 (https://www.clfa.or.kr/member/list 2026-09-18)"
loan_fss2245,르블랑인베스트대부,대부,르블랑인베스트대부|주식회사 르블랑인베스트대부,"https://fines.fss.or.kr/fines/plis/moneyLenderSearch/MoneyLenderSearch.getMoneyLenderList.do 2026-09-18; 등록번호 2025-금감원-2245(대부업)/2025-금감원-2245(대부중개업); 사업내용 금전대부, 채권추심/대부중개; 법인번호 200111-0458757; 대부금융협회 회원번호 A04851 (https://www.clfa.or.kr/member/list 2026-09-18)"
loan_fss2246,청호자산관리,대부,청호자산관리|(주)청호자산관리,https://fines.fss.or.kr/fines/plis/moneyLenderSearch/MoneyLenderSearch.getMoneyLenderList.do 2026-09-18; 등록번호 2021-금감원-2246(대부업); 사업내용 채권추심; 법인번호 170111-0487092; 대부금융협회 회원번호 A02263 (https://www.clfa.or.kr/member/list 2026-09-18)
loan_fss2249,미소에셋대부,대부,미소에셋대부|미소에셋대부 주식회사,"https://fines.fss.or.kr/fines/plis/moneyLenderSearch/MoneyLenderSearch.getMoneyLenderList.do 2026-09-18; 등록번호 2021-금감원-2249(대부업); 사업내용 금전대부, 채권추심; 법인번호 124411-0210964; 대부금융협회 회원번호 A01310 (https://www.clfa.or.kr/member/list 2026-09-18)"
loan_fss2253,두선엔피엘자산관리대부,대부,두선엔피엘자산관리대부|두선엔피엘자산관리대부 주식회사,"https://fines.fss.or.kr/fines/plis/moneyLenderSearch/MoneyLenderSearch.getMoneyLenderList.do 2026-09-18; 등록번호 2026-금감원-2253(대부업); 사업내용 금전대부, 채권추심; 법인번호 200111-0636478; 대부금융협회 회원번호 A05259 (https://www.clfa.or.kr/member/list 2026-09-18)"
loan_fss2254,에이에스피컴퍼니대부,대부,에이에스피컴퍼니대부|주식회사 에이에스피컴퍼니대부,https://fines.fss.or.kr/fines/plis/moneyLenderSearch/MoneyLenderSearch.getMoneyLenderList.do 2026-09-18; 등록번호 2021-금감원-2254(대부업); 사업내용 금전대부; 법인번호 180111-1160083; 대부금융협회 회원번호 A02117 (https://www.clfa.or.kr/member/list 2026-09-18)
loan_fss2255,베르너,대부,베르너|주식회사 베르너,https://fines.fss.or.kr/fines/plis/moneyLenderSearch/MoneyLenderSearch.getMoneyLenderList.do 2026-09-18; 등록번호 2021-금감원-2255(대부업); 사업내용 채권추심; 법인번호 110111-2326787; 대부금융협회 회원번호 A02297 (https://www.clfa.or.kr/member/list 2026-09-18)
loan_fss2256,티웨일자산관리대부,대부,티웨일자산관리대부|(주)티웨일자산관리대부,https://fines.fss.or.kr/fines/plis/moneyLenderSearch/MoneyLenderSearch.getMoneyLenderList.do 2026-09-18; 등록번호 2021-금감원-2256(대부업); 사업내용 채권추심; 법인번호 134111-0584066; 대부금융협회 회원번호 A02307 (https://www.clfa.or.kr/member/list 2026-09-18)
loan_fss2257,행복자산대부,대부,행복자산대부|행복자산대부 주식회사,"https://fines.fss.or.kr/fines/plis/moneyLenderSearch/MoneyLenderSearch.getMoneyLenderList.do 2026-09-18; 등록번호 2021-금감원-2257(대부업)/2021-금감원-2257(대부중개업); 사업내용 금전대부, 채권추심/대부중개; 법인번호 151111-0081558; 대부금융협회 회원번호 A02308 (https://www.clfa.or.kr/member/list 2026-09-18)"
loan_fss2258,아이앤유자산관리대부,대부,아이앤유자산관리대부|아이앤유자산관리대부 주식회사,"https://fines.fss.or.kr/fines/plis/moneyLenderSearch/MoneyLenderSearch.getMoneyLenderList.do 2026-09-18; 등록번호 2021-금감원-2258(대부업); 사업내용 금전대부, 채권추심; 법인번호 134111-0584446; 대부금융협회 회원번호 A02309 (https://www.clfa.or.kr/member/list 2026-09-18)"
loan_fss2262,더리치파이낸스대부,대부,더리치파이낸스대부|주식회사 더리치파이낸스대부,"https://fines.fss.or.kr/fines/plis/moneyLenderSearch/MoneyLenderSearch.getMoneyLenderList.do 2026-09-18; 등록번호 2021-금감원-2262(대부업)/2021-금감원-2262(대부중개업); 사업내용 금전대부, 채권추심/대부중개; 법인번호 134811-0629511; 대부금융협회 회원번호 A02323 (https://www.clfa.or.kr/member/list 2026-09-18)"
loan_fss2265,하츠자산관리대부,대부,하츠자산관리대부|주식회사 하츠자산관리대부,"https://fines.fss.or.kr/fines/plis/moneyLenderSearch/MoneyLenderSearch.getMoneyLenderList.do 2026-09-18; 등록번호 2025-금감원-2265(대부업); 사업내용 금전대부, 채권추심; 법인번호 200111-0640982; 대부금융협회 회원번호 A02341 (https://www.clfa.or.kr/member/list 2026-09-18)"
loan_fss2267,베스트인베스트대부,대부,베스트인베스트대부|주식회사 베스트인베스트대부,"https://fines.fss.or.kr/fines/plis/moneyLenderSearch/MoneyLenderSearch.getMoneyLenderList.do 2026-09-18; 등록번호 2021-금감원-2267(대부업); 사업내용 금전대부, 채권추심; 법인번호 284211-0086340; 대부금융협회 회원번호 A01320 (https://www.clfa.or.kr/member/list 2026-09-18)"
loan_fss2271,성인에이엠씨대부,대부,성인에이엠씨대부|주식회사 성인에이엠씨대부,"https://fines.fss.or.kr/fines/plis/moneyLenderSearch/MoneyLenderSearch.getMoneyLenderList.do 2026-09-18; 등록번호 2025-금감원-2271(대부업); 사업내용 금전대부, 채권추심; 법인번호 110111-3645178; 대부금융협회 회원번호 A01304 (https://www.clfa.or.kr/member/list 2026-09-18)"
loan_fss2272,이가에셋대부,대부,이가에셋대부|주식회사 이가에셋대부,"https://fines.fss.or.kr/fines/plis/moneyLenderSearch/MoneyLenderSearch.getMoneyLenderList.do 2026-09-18; 등록번호 2021-금감원-2272(대부업); 사업내용 금전대부, 채권추심; 법인번호 120111-1162908; 대부금융협회 회원번호 A02369 (https://www.clfa.or.kr/member/list 2026-09-18)"
loan_fss2273,봄자산관리대부,대부중개,봄자산관리대부|봄자산관리대부 주식회사,https://fines.fss.or.kr/fines/plis/moneyLenderSearch/MoneyLenderSearch.getMoneyLenderList.do 2026-09-18; 등록번호 2021-금감원-2273(대부중개업); 사업내용 대부중개; 법인번호 110111-7951307; 대부금융협회 회원번호 A02376 (https://www.clfa.or.kr/member/list 2026-09-18)
loan_fss2274,공감에셋대부,대부,공감에셋대부|공감에셋대부 주식회사,"https://fines.fss.or.kr/fines/plis/moneyLenderSearch/MoneyLenderSearch.getMoneyLenderList.do 2026-09-18; 등록번호 2021-금감원-2274(대부업)/2021-금감원-2274(대부중개업); 사업내용 금전대부, 채권추심/대부중개; 법인번호 134811-0555774; 대부금융협회 회원번호 A02135 (https://www.clfa.or.kr/member/list 2026-09-18)"
loan_fss2275,외환베리타스제1차대부,대부,외환베리타스제1차대부|외환베리타스제1차대부 유한회사,"https://fines.fss.or.kr/fines/plis/moneyLenderSearch/MoneyLenderSearch.getMoneyLenderList.do 2026-09-18; 등록번호 2021-금감원-2275(대부업); 사업내용 금전대부, 채권추심; 법인번호 110114-0146339; 대부금융협회 회원번호 A02370 (https://www.clfa.or.kr/member/list 2026-09-18)"
loan_fss2277,골든플러스자산대부,대부,골든플러스자산대부|(주)골든플러스자산대부,"https://fines.fss.or.kr/fines/plis/moneyLenderSearch/MoneyLenderSearch.getMoneyLenderList.do 2026-09-18; 등록번호 2025-금감원-2277(대부업); 사업내용 금전대부, 채권추심; 법인번호 160111-0602668; 대부금융협회 회원번호 A02434 (https://www.clfa.or.kr/member/list 2026-09-18)"
loan_fss2280,호원대부,대부,호원대부|주식회사 호원대부,"https://fines.fss.or.kr/fines/plis/moneyLenderSearch/MoneyLenderSearch.getMoneyLenderList.do 2026-09-18; 등록번호 2021-금감원-2280(대부업)/2021-금감원-2280(대부중개업); 사업내용 금전대부, 채권추심/대부중개; 법인번호 180111-1385946; 대부금융협회 회원번호 A02373 (https://www.clfa.or.kr/member/list 2026-09-18)"
loan_fss2281,케이엠파이낸셜서비스대부,대부,케이엠파이낸셜서비스대부|주식회사 케이엠파이낸셜서비스대부,"https://fines.fss.or.kr/fines/plis/moneyLenderSearch/MoneyLenderSearch.getMoneyLenderList.do 2026-09-18; 등록번호 2021-금감원-2281(대부업); 사업내용 금전대부, 채권추심; 법인번호 110111-7838290; 대부금융협회 회원번호 A02107 (https://www.clfa.or.kr/member/list 2026-09-18)"
loan_fss2283,헬로머니대부,대부,헬로머니대부|주식회사 헬로머니대부,"https://fines.fss.or.kr/fines/plis/moneyLenderSearch/MoneyLenderSearch.getMoneyLenderList.do 2026-09-18; 등록번호 2021-금감원-2283(대부업)/2021-금감원-2283(대부중개업); 사업내용 금전대부, 채권추심/대부중개; 법인번호 214911-0066269; 대부금융협회 회원번호 A02390 (https://www.clfa.or.kr/member/list 2026-09-18)"
loan_fss2286,청담에이엠씨대부,대부,청담에이엠씨대부|주식회사 청담에이엠씨대부,https://fines.fss.or.kr/fines/plis/moneyLenderSearch/MoneyLenderSearch.getMoneyLenderList.do 2026-09-18; 등록번호 2021-금감원-2286(대부업); 사업내용 채권추심; 법인번호 175211-0073191; 대부금융협회 회원번호 A02401 (https://www.clfa.or.kr/member/list 2026-09-18)
loan_fss2287,은예준대부파이낸셜,대부,은예준대부파이낸셜|주식회사 은예준대부파이낸셜,"https://fines.fss.or.kr/fines/plis/moneyLenderSearch/MoneyLenderSearch.getMoneyLenderList.do 2026-09-18; 등록번호 2025-금감원-2287(대부업)/2025-금감원-2287(대부중개업); 사업내용 금전대부, 채권추심/대부중개; 법인번호 110111-6641371; 대부금융협회 회원번호 A01246 (https://www.clfa.or.kr/member/list 2026-09-18)"
loan_fss2289,무한에이엠씨대부,대부,무한에이엠씨대부|(주)무한에이엠씨대부,https://fines.fss.or.kr/fines/plis/moneyLenderSearch/MoneyLenderSearch.getMoneyLenderList.do 2026-09-18; 등록번호 2021-금감원-2289(대부업); 사업내용 채권추심; 법인번호 110111-6425866; 대부금융협회 회원번호 A02416 (https://www.clfa.or.kr/member/list 2026-09-18)
loan_fss2297,엘투케이대부,대부,엘투케이대부|엘투케이대부 주식회사,"https://fines.fss.or.kr/fines/plis/moneyLenderSearch/MoneyLenderSearch.getMoneyLenderList.do 2026-09-18; 등록번호 2021-금감원-2297(대부업)/2021-금감원-2297(대부중개업); 사업내용 금전대부, 채권추심/대부중개; 법인번호 135711-0175995; 대부금융협회 회원번호 A02460 (https://www.clfa.or.kr/member/list 2026-09-18)"
loan_fss2299,해조솔루션대부,대부,해조솔루션대부|해조솔루션대부 주식회사,"https://fines.fss.or.kr/fines/plis/moneyLenderSearch/MoneyLenderSearch.getMoneyLenderList.do 2026-09-18; 등록번호 2021-금감원-2299(대부업); 사업내용 금전대부, 채권추심; 법인번호 110111-7679991; 대부금융협회 회원번호 A02465 (https://www.clfa.or.kr/member/list 2026-09-18)"
loan_fss2303,지에스투자대부,대부,지에스투자대부|주식회사 지에스투자대부,"https://fines.fss.or.kr/fines/plis/moneyLenderSearch/MoneyLenderSearch.getMoneyLenderList.do 2026-09-18; 등록번호 2021-금감원-2303(대부업); 사업내용 금전대부, 채권추심; 법인번호 110111-7903605; 대부금융협회 회원번호 A02471 (https://www.clfa.or.kr/member/list 2026-09-18)"
loan_fss2305,와이즈에셋대부,대부,와이즈에셋대부|와이즈에셋대부 주식회사,"https://fines.fss.or.kr/fines/plis/moneyLenderSearch/MoneyLenderSearch.getMoneyLenderList.do 2026-09-18; 등록번호 2025-금감원-2305(대부업); 사업내용 금전대부, 채권추심; 법인번호 110111-8066080; 대부금융협회 회원번호 A02499 (https://www.clfa.or.kr/member/list 2026-09-18)"
loan_fss2310,토트홀딩스대부,대부,토트홀딩스대부|토트홀딩스대부 주식회사,"https://fines.fss.or.kr/fines/plis/moneyLenderSearch/MoneyLenderSearch.getMoneyLenderList.do 2026-09-18; 등록번호 2022-금감원-2310(대부업); 사업내용 금전대부, 채권추심; 법인번호 110111-5080588; 대부금융협회 회원번호 A02552 (https://www.clfa.or.kr/member/list 2026-09-18)"
loan_fss2312,극동회원권대부,대부,극동회원권대부|극동회원권대부 유한회사,https://fines.fss.or.kr/fines/plis/moneyLenderSearch/MoneyLenderSearch.getMoneyLenderList.do 2026-09-18; 등록번호 2022-금감원-2312(대부업); 사업내용 채권추심; 법인번호 110114-0197697; 대부금융협회 회원번호 A02586 (https://www.clfa.or.kr/member/list 2026-09-18)
loan_fss2315,오투인베스트먼트대부,대부,오투인베스트먼트대부|주식회사 오투인베스트먼트대부,https://fines.fss.or.kr/fines/plis/moneyLenderSearch/MoneyLenderSearch.getMoneyLenderList.do 2026-09-18; 등록번호 2026-금감원-2315(대부업); 사업내용 채권추심; 법인번호 170111-0824088; 대부금융협회 회원번호 A05220 (https://www.clfa.or.kr/member/list 2026-09-18)
loan_fss2323,브릭스자산관리대부,대부,브릭스자산관리대부|주식회사 브릭스자산관리대부,"https://fines.fss.or.kr/fines/plis/moneyLenderSearch/MoneyLenderSearch.getMoneyLenderList.do 2026-09-18; 등록번호 2025-금감원-2323(대부업)/2025-금감원-2323(대부중개업); 사업내용 금전대부, 채권추심/대부중개; 법인번호 160111-0606636; 대부금융협회 회원번호 A02605 (https://www.clfa.or.kr/member/list 2026-09-18)"
loan_fss2326,올투대부,대부,올투대부|올투대부 주식회사,"https://fines.fss.or.kr/fines/plis/moneyLenderSearch/MoneyLenderSearch.getMoneyLenderList.do 2026-09-18; 등록번호 2022-금감원-2326(대부업)/2022-금감원-2326(대부중개업); 사업내용 금전대부, 채권추심/대부중개; 법인번호 110111-8061121; 대부금융협회 회원번호 A02602 (https://www.clfa.or.kr/member/list 2026-09-18)"
loan_fss2327,티엠에셋대부파트너스,대부,티엠에셋대부파트너스|주식회사 티엠에셋대부파트너스,"https://fines.fss.or.kr/fines/plis/moneyLenderSearch/MoneyLenderSearch.getMoneyLenderList.do 2026-09-18; 등록번호 2022-금감원-2327(대부업); 사업내용 금전대부, 채권추심; 법인번호 110111-8055950; 대부금융협회 회원번호 A02607 (https://www.clfa.or.kr/member/list 2026-09-18)"
loan_fss2330,금우자산관리대부,대부,금우자산관리대부|주식회사 금우자산관리대부,"https://fines.fss.or.kr/fines/plis/moneyLenderSearch/MoneyLenderSearch.getMoneyLenderList.do 2026-09-18; 등록번호 2022-금감원-2330(대부업); 사업내용 금전대부, 채권추심; 법인번호 110111-9137278; 대부금융협회 회원번호 A02669 (https://www.clfa.or.kr/member/list 2026-09-18)"
loan_fss2332,제이오대부,대부,제이오대부|제이오대부 주식회사,"https://fines.fss.or.kr/fines/plis/moneyLenderSearch/MoneyLenderSearch.getMoneyLenderList.do 2026-09-18; 등록번호 2022-금감원-2332(대부업); 사업내용 금전대부, 채권추심; 법인번호 110111-8091029; 대부금융협회 회원번호 A02675 (https://www.clfa.or.kr/member/list 2026-09-18)"
loan_fss2333,써니캐피탈대부,대부,써니캐피탈대부|써니캐피탈대부 주식회사,"https://fines.fss.or.kr/fines/plis/moneyLenderSearch/MoneyLenderSearch.getMoneyLenderList.do 2026-09-18; 등록번호 2022-금감원-2333(대부업); 사업내용 금전대부, 채권추심; 법인번호 110111-5255462; 대부금융협회 회원번호 A00339 (https://www.clfa.or.kr/member/list 2026-09-18)"
loan_fss2334,고삼대부,대부,고삼대부|주식회사 고삼대부,"https://fines.fss.or.kr/fines/plis/moneyLenderSearch/MoneyLenderSearch.getMoneyLenderList.do 2026-09-18; 등록번호 2022-금감원-2334(대부업)/2022-금감원-2334(대부중개업); 사업내용 금전대부, 채권추심/대부중개; 법인번호 134511-0552370; 대부금융협회 회원번호 A02706 (https://www.clfa.or.kr/member/list 2026-09-18)"
loan_fss2336,대전엔피엘대부,대부,대전엔피엘대부|주식회사 대전엔피엘대부,"https://fines.fss.or.kr/fines/plis/moneyLenderSearch/MoneyLenderSearch.getMoneyLenderList.do 2026-09-18; 등록번호 2022-금감원-2336(대부업); 사업내용 금전대부, 채권추심; 법인번호 160111-0337380; 대부금융협회 회원번호 A02704 (https://www.clfa.or.kr/member/list 2026-09-18)"
loan_fss2337,세계로파이낸셜대부,대부,세계로파이낸셜대부|주식회사 세계로파이낸셜대부,"https://fines.fss.or.kr/fines/plis/moneyLenderSearch/MoneyLenderSearch.getMoneyLenderList.do 2026-09-18; 등록번호 2022-금감원-2337(대부중개업)/2026-금감원-2337(대부업); 사업내용 금전대부, 채권추심/대부중개; 법인번호 134811-0644949; 대부금융협회 회원번호 A02352 (https://www.clfa.or.kr/member/list 2026-09-18)"
loan_fss2338,베스트위시대부,대부,베스트위시대부|베스트위시대부 주식회사,https://fines.fss.or.kr/fines/plis/moneyLenderSearch/MoneyLenderSearch.getMoneyLenderList.do 2026-09-18; 등록번호 2022-금감원-2338(대부업)/2022-금감원-2338(대부중개업); 사업내용 대부중개/채권추심; 법인번호 124411-0307597; 대부금융협회 회원번호 A02703 (https://www.clfa.or.kr/member/list 2026-09-18)
loan_fss2342,더블파이낸스대부,대부,더블파이낸스대부|주식회사 더블파이낸스대부|주식회사이츠에이엠씨대부,"https://fines.fss.or.kr/fines/plis/moneyLenderSearch/MoneyLenderSearch.getMoneyLenderList.do 2026-09-18; 등록번호 2022-금감원-2342(대부업); 사업내용 금전대부, 채권추심; 법인번호 200111-0261952; 대부금융협회 회원번호 A02570 (https://www.clfa.or.kr/member/list 2026-09-18)"
loan_fss2343,유수금융대부,대부,유수금융대부|주식회사 유수금융대부,"https://fines.fss.or.kr/fines/plis/moneyLenderSearch/MoneyLenderSearch.getMoneyLenderList.do 2026-09-18; 등록번호 2022-금감원-2343(대부업)/2022-금감원-2343(대부중개업); 사업내용 금전대부, 채권추심/대부중개; 법인번호 284111-0271414; 대부금융협회 회원번호 A02762 (https://www.clfa.or.kr/member/list 2026-09-18)"
loan_fss2344,고위드인사이트대부,대부,고위드인사이트대부|주식회사 고위드인사이트대부,"https://fines.fss.or.kr/fines/plis/moneyLenderSearch/MoneyLenderSearch.getMoneyLenderList.do 2026-09-18; 등록번호 2022-금감원-2344(대부업)/2022-금감원-2344(대부중개업); 사업내용 금전대부, 채권추심/대부중개; 법인번호 110111-8189577; 대부금융협회 회원번호 A02761 (https://www.clfa.or.kr/member/list 2026-09-18)"
loan_fss2345,나라엔피엘대부,대부,나라엔피엘대부|주식회사 나라엔피엘대부,"https://fines.fss.or.kr/fines/plis/moneyLenderSearch/MoneyLenderSearch.getMoneyLenderList.do 2026-09-18; 등록번호 2022-금감원-2345(대부업); 사업내용 금전대부, 채권추심; 법인번호 211111-0038829; 대부금융협회 회원번호 A01417 (https://www.clfa.or.kr/member/list 2026-09-18)"
loan_fss2348,에이피엘파이낸셜대부,대부,에이피엘파이낸셜대부|주식회사 에이피엘파이낸셜대부,"https://fines.fss.or.kr/fines/plis/moneyLenderSearch/MoneyLenderSearch.getMoneyLenderList.do 2026-09-18; 등록번호 2022-금감원-2348(대부업); 사업내용 금전대부, 채권추심; 법인번호 110111-5163706; 대부금융협회 회원번호 A00308 (https://www.clfa.or.kr/member/list 2026-09-18)"
loan_fss2351,새한에셋대부,대부,새한에셋대부|주식회사 새한에셋대부,"https://fines.fss.or.kr/fines/plis/moneyLenderSearch/MoneyLenderSearch.getMoneyLenderList.do 2026-09-18; 등록번호 2022-금감원-2351(대부업); 사업내용 금전대부, 채권추심; 법인번호 284911-0262459; 대부금융협회 회원번호 A02807 (https://www.clfa.or.kr/member/list 2026-09-18)"
loan_fss2355,그룹더케이대부,대부,그룹더케이대부|그룹더케이대부 주식회사,"https://fines.fss.or.kr/fines/plis/moneyLenderSearch/MoneyLenderSearch.getMoneyLenderList.do 2026-09-18; 등록번호 2022-금감원-2355(대부업); 사업내용 금전대부, 채권추심; 법인번호 194211-0341248; 대부금융협회 회원번호 A02838 (https://www.clfa.or.kr/member/list 2026-09-18)"
loan_fss2360,프로이즈에셋대부,대부,프로이즈에셋대부|주식회사 프로이즈에셋대부,"https://fines.fss.or.kr/fines/plis/moneyLenderSearch/MoneyLenderSearch.getMoneyLenderList.do 2026-09-18; 등록번호 2022-금감원-2360(대부업)/2023-금감원-2360(대부중개업); 사업내용 금전대부, 채권추심/대부중개; 법인번호 110111-5244275; 대부금융협회 회원번호 A02843 (https://www.clfa.or.kr/member/list 2026-09-18)"
loan_fss2362,우암투자대부,대부,우암투자대부|우암투자대부 주식회사,"https://fines.fss.or.kr/fines/plis/moneyLenderSearch/MoneyLenderSearch.getMoneyLenderList.do 2026-09-18; 등록번호 2022-금감원-2362(대부업)/2022-금감원-2362(대부중개업); 사업내용 금전대부, 채권추심/대부중개; 법인번호 110111-8152699; 대부금융협회 회원번호 A02878 (https://www.clfa.or.kr/member/list 2026-09-18)"
loan_fss2365,더원자산대부,대부,더원자산대부|주식회사 더원자산대부,"https://fines.fss.or.kr/fines/plis/moneyLenderSearch/MoneyLenderSearch.getMoneyLenderList.do 2026-09-18; 등록번호 2022-금감원-2365(대부업); 사업내용 금전대부, 채권추심; 법인번호 194911-0061222; 대부금융협회 회원번호 A02892 (https://www.clfa.or.kr/member/list 2026-09-18)"
loan_fss2367,신우대부금융,대부,신우대부금융|신우대부금융 주식회사,"https://fines.fss.or.kr/fines/plis/moneyLenderSearch/MoneyLenderSearch.getMoneyLenderList.do 2026-09-18; 등록번호 2022-금감원-2367(대부업)/2023-금감원-2367(대부중개업); 사업내용 금전대부, 채권추심/대부중개; 법인번호 120111-1198870; 대부금융협회 회원번호 A02893 (https://www.clfa.or.kr/member/list 2026-09-18)"
loan_fss2368,무궁화금융대부,대부,무궁화금융대부|무궁화금융대부 주식회사,"https://fines.fss.or.kr/fines/plis/moneyLenderSearch/MoneyLenderSearch.getMoneyLenderList.do 2026-09-18; 등록번호 2022-금감원-2368(대부업)/2022-금감원-2368(대부중개업); 사업내용 금전대부, 채권추심/대부중개; 법인번호 110111-8108402; 대부금융협회 회원번호 A02902 (https://www.clfa.or.kr/member/list 2026-09-18)"
loan_fss2369,에스에이치자산관리대부,대부,에스에이치자산관리대부|주식회사 에스에이치자산관리대부,"https://fines.fss.or.kr/fines/plis/moneyLenderSearch/MoneyLenderSearch.getMoneyLenderList.do 2026-09-18; 등록번호 2026-금감원-2369(대부업); 사업내용 금전대부, 채권추심; 법인번호 121111-0308875; 대부금융협회 회원번호 A02900 (https://www.clfa.or.kr/member/list 2026-09-18)"
loan_fss2372,리엠자산관리대부,대부,리엠자산관리대부|리엠자산관리대부 주식회사,https://fines.fss.or.kr/fines/plis/moneyLenderSearch/MoneyLenderSearch.getMoneyLenderList.do 2026-09-18; 등록번호 2022-금감원-2372(대부업); 사업내용 채권추심; 법인번호 110111-8226238; 대부금융협회 회원번호 A02906 (https://www.clfa.or.kr/member/list 2026-09-18)
loan_fss2373,글램에셋대부,대부,글램에셋대부|유한회사 글램에셋대부,https://fines.fss.or.kr/fines/plis/moneyLenderSearch/MoneyLenderSearch.getMoneyLenderList.do 2026-09-18; 등록번호 2022-금감원-2373(대부업); 사업내용 채권추심; 법인번호 210114-0159018; 대부금융협회 회원번호 A02905 (https://www.clfa.or.kr/member/list 2026-09-18)
loan_fss2376,더케이파트너스대부,대부,더케이파트너스대부|주식회사 더케이파트너스대부,"https://fines.fss.or.kr/fines/plis/moneyLenderSearch/MoneyLenderSearch.getMoneyLenderList.do 2026-09-18; 등록번호 2026-금감원-2376(대부업)/2026-금감원-2376(대부중개업); 사업내용 금전대부, 채권추심/대부중개; 법인번호 110111-8188727; 대부금융협회 회원번호 A02922 (https://www.clfa.or.kr/member/list 2026-09-18)"
loan_fss2380,바른엔피엘자산대부,대부,바른엔피엘자산대부|주식회사 바른엔피엘자산대부,"https://fines.fss.or.kr/fines/plis/moneyLenderSearch/MoneyLenderSearch.getMoneyLenderList.do 2026-09-18; 등록번호 2022-금감원-2380(대부업)/2022-금감원-2380(대부중개업); 사업내용 금전대부, 채권추심/대부중개; 법인번호 194211-0298259; 대부금융협회 회원번호 A02547 (https://www.clfa.or.kr/member/list 2026-09-18)"
loan_fss2382,빌리언대부,대부,빌리언대부|주식회사 빌리언대부,"https://fines.fss.or.kr/fines/plis/moneyLenderSearch/MoneyLenderSearch.getMoneyLenderList.do 2026-09-18; 등록번호 2022-금감원-2382(대부업); 사업내용 금전대부, 채권추심; 법인번호 110111-6465028; 대부금융협회 회원번호 C00108 (https://www.clfa.or.kr/member/list 2026-09-18)"
loan_fss2384,나린에셋대부,대부,나린에셋대부|주식회사 나린에셋대부,https://fines.fss.or.kr/fines/plis/moneyLenderSearch/MoneyLenderSearch.getMoneyLenderList.do 2026-09-18; 등록번호 2022-금감원-2384(대부업); 사업내용 채권추심; 법인번호 110111-8263975; 대부금융협회 회원번호 A02928 (https://www.clfa.or.kr/member/list 2026-09-18)
loan_fss2385,나이스인베스트대부,대부,나이스인베스트대부|나이스인베스트대부 주식회사,"https://fines.fss.or.kr/fines/plis/moneyLenderSearch/MoneyLenderSearch.getMoneyLenderList.do 2026-09-18; 등록번호 2022-금감원-2385(대부업); 사업내용 금전대부, 채권추심; 법인번호 110111-8249090; 대부금융협회 회원번호 A02927 (https://www.clfa.or.kr/member/list 2026-09-18)"
loan_fss2386,동우자산관리대부,대부,동우자산관리대부|동우자산관리대부 주식회사,https://fines.fss.or.kr/fines/plis/moneyLenderSearch/MoneyLenderSearch.getMoneyLenderList.do 2026-09-18; 등록번호 2022-금감원-2386(대부업); 사업내용 채권추심; 법인번호 200111-0354856; 대부금융협회 회원번호 A00554 (https://www.clfa.or.kr/member/list 2026-09-18)
loan_fss2387,신화자산대부,대부,신화자산대부|신화자산대부 주식회사,https://fines.fss.or.kr/fines/plis/moneyLenderSearch/MoneyLenderSearch.getMoneyLenderList.do 2026-09-18; 등록번호 2022-금감원-2387(대부업); 사업내용 채권추심; 법인번호 280211-0241097; 대부금융협회 회원번호 A02926 (https://www.clfa.or.kr/member/list 2026-09-18)
loan_fss2388,케이드래곤대부,대부,케이드래곤대부|케이드래곤대부 주식회사,https://fines.fss.or.kr/fines/plis/moneyLenderSearch/MoneyLenderSearch.getMoneyLenderList.do 2026-09-18; 등록번호 2022-금감원-2388(대부업); 사업내용 채권추심; 법인번호 110111-5779347; 대부금융협회 회원번호 A02947 (https://www.clfa.or.kr/member/list 2026-09-18)
loan_fss2390,덕성산업,대부,덕성산업|덕성산업 주식회사,https://fines.fss.or.kr/fines/plis/moneyLenderSearch/MoneyLenderSearch.getMoneyLenderList.do 2026-09-18; 등록번호 2022-금감원-2390(대부업); 사업내용 채권추심; 법인번호 121111-0067752; 대부금융협회 회원번호 A02948 (https://www.clfa.or.kr/member/list 2026-09-18)
loan_fss2391,제이앤에이치컨설팅대부,대부,제이앤에이치컨설팅대부|주식회사 제이앤에이치컨설팅대부,https://fines.fss.or.kr/fines/plis/moneyLenderSearch/MoneyLenderSearch.getMoneyLenderList.do 2026-09-18; 등록번호 2022-금감원-2391(대부업); 사업내용 금전대부; 법인번호 110111-7266871; 대부금융협회 회원번호 A02616 (https://www.clfa.or.kr/member/list 2026-09-18)
loan_fss2392,더블트리대부,대부,더블트리대부|주식회사 더블트리대부,https://fines.fss.or.kr/fines/plis/moneyLenderSearch/MoneyLenderSearch.getMoneyLenderList.do 2026-09-18; 등록번호 2022-금감원-2392(대부업); 사업내용 채권추심; 법인번호 170111-0867400; 대부금융협회 회원번호 A02998 (https://www.clfa.or.kr/member/list 2026-09-18)
loan_fss2393,부산엔피엘대부,대부,부산엔피엘대부|부산엔피엘대부 주식회사,https://fines.fss.or.kr/fines/plis/moneyLenderSearch/MoneyLenderSearch.getMoneyLenderList.do 2026-09-18; 등록번호 2022-금감원-2393(대부업); 사업내용 채권추심; 법인번호 180111-1435783; 대부금융협회 회원번호 A02996 (https://www.clfa.or.kr/member/list 2026-09-18)
loan_fss2402,베스트자산관리대부,대부,베스트자산관리대부|베스트자산관리대부 유한회사,https://fines.fss.or.kr/fines/plis/moneyLenderSearch/MoneyLenderSearch.getMoneyLenderList.do 2026-09-18; 등록번호 2022-금감원-2402(대부업); 사업내용 채권추심; 법인번호 110114-0288529; 대부금융협회 회원번호 A02995 (https://www.clfa.or.kr/member/list 2026-09-18)
loan_fss2405,핀베스트대부,대부,핀베스트대부|주식회사 핀베스트대부,https://fines.fss.or.kr/fines/plis/moneyLenderSearch/MoneyLenderSearch.getMoneyLenderList.do 2026-09-18; 등록번호 2022-금감원-2405(대부업); 사업내용 금전대부; 법인번호 110111-6927078; 대부금융협회 회원번호 A02149 (https://www.clfa.or.kr/member/list 2026-09-18)
loan_fss2408,더블제이투자대부,대부,더블제이투자대부|주식회사더블제이투자대부,"https://fines.fss.or.kr/fines/plis/moneyLenderSearch/MoneyLenderSearch.getMoneyLenderList.do 2026-09-18; 등록번호 2022-금감원-2408(대부업)/2022-금감원-2408(대부중개업); 사업내용 금전대부, 채권추심/대부중개; 법인번호 110111-8237136; 대부금융협회 회원번호 A03014 (https://www.clfa.or.kr/member/list 2026-09-18)"
loan_fss2409,브리즈대부,대부,브리즈대부|주식회사 브리즈대부,"https://fines.fss.or.kr/fines/plis/moneyLenderSearch/MoneyLenderSearch.getMoneyLenderList.do 2026-09-18; 등록번호 2022-금감원-2409(대부업)/2026-금감원-2409(대부중개업); 사업내용 금전대부, 채권추심/대부중개; 법인번호 110111-8018958; 대부금융협회 회원번호 A03011 (https://www.clfa.or.kr/member/list 2026-09-18)"
loan_fss2412,문수자산관리대부,대부,문수자산관리대부|문수자산관리대부 주식회사,https://fines.fss.or.kr/fines/plis/moneyLenderSearch/MoneyLenderSearch.getMoneyLenderList.do 2026-09-18; 등록번호 2022-금감원-2412(대부업); 사업내용 채권추심; 법인번호 120111-1222835; 대부금융협회 회원번호 A03028 (https://www.clfa.or.kr/member/list 2026-09-18)
loan_fss2413,제이씨에프앤아이대부,대부,제이씨에프앤아이대부|주식회사 제이씨에프앤아이대부,https://fines.fss.or.kr/fines/plis/moneyLenderSearch/MoneyLenderSearch.getMoneyLenderList.do 2026-09-18; 등록번호 2022-금감원-2413(대부업); 사업내용 채권추심; 법인번호 110111-5476464; 대부금융협회 회원번호 A02652 (https://www.clfa.or.kr/member/list 2026-09-18)
loan_fss2422,제이앤엘파이낸스대부,대부,제이앤엘파이낸스대부|제이앤엘파이낸스대부 주식회사,"https://fines.fss.or.kr/fines/plis/moneyLenderSearch/MoneyLenderSearch.getMoneyLenderList.do 2026-09-18; 등록번호 2022-금감원-2422(대부업); 사업내용 금전대부, 채권추심; 법인번호 110111-8296439; 대부금융협회 회원번호 A03192 (https://www.clfa.or.kr/member/list 2026-09-18)"
loan_fss2423,에프지금융대부,대부,에프지금융대부|주식회사 에프지금융대부,"https://fines.fss.or.kr/fines/plis/moneyLenderSearch/MoneyLenderSearch.getMoneyLenderList.do 2026-09-18; 등록번호 2022-금감원-2423(대부업); 사업내용 금전대부, 채권추심; 법인번호 120111-1207704; 대부금융협회 회원번호 A03087 (https://www.clfa.or.kr/member/list 2026-09-18)"
loan_fss2427,극동자산대부,대부,극동자산대부|주식회사 극동자산대부,"https://fines.fss.or.kr/fines/plis/moneyLenderSearch/MoneyLenderSearch.getMoneyLenderList.do 2026-09-18; 등록번호 2022-금감원-2427(대부업)/2022-금감원-2427(대부중개업); 사업내용 금전대부, 채권추심/대부중개; 법인번호 170111-0871592; 대부금융협회 회원번호 A03115 (https://www.clfa.or.kr/member/list 2026-09-18)"
loan_fss2429,레몬자산관리대부,대부,레몬자산관리대부|주식회사 레몬자산관리대부,"https://fines.fss.or.kr/fines/plis/moneyLenderSearch/MoneyLenderSearch.getMoneyLenderList.do 2026-09-18; 등록번호 2022-금감원-2429(대부업); 사업내용 금전대부, 채권추심; 법인번호 110111-6005923; 대부금융협회 회원번호 A01559 (https://www.clfa.or.kr/member/list 2026-09-18)"
loan_fss2432,에스케이엠대부,대부,에스케이엠대부|주식회사 에스케이엠대부,"https://fines.fss.or.kr/fines/plis/moneyLenderSearch/MoneyLenderSearch.getMoneyLenderList.do 2026-09-18; 등록번호 2022-금감원-2432(대부업); 사업내용 금전대부, 채권추심; 법인번호 160111-0613839; 대부금융협회 회원번호 A03118 (https://www.clfa.or.kr/member/list 2026-09-18)"
loan_fss2433,우주자산대부,대부,우주자산대부|주식회사 우주자산대부,"https://fines.fss.or.kr/fines/plis/moneyLenderSearch/MoneyLenderSearch.getMoneyLenderList.do 2026-09-18; 등록번호 2022-금감원-2433(대부업)/2026-금감원-2433(대부중개업); 사업내용 금전대부, 채권추심/대부중개; 법인번호 134811-0697089; 대부금융협회 회원번호 A03120 (https://www.clfa.or.kr/member/list 2026-09-18)"
loan_fss2437,엠앤씨파이낸셜대부,대부,엠앤씨파이낸셜대부|주식회사 엠앤씨파이낸셜대부,"https://fines.fss.or.kr/fines/plis/moneyLenderSearch/MoneyLenderSearch.getMoneyLenderList.do 2026-09-18; 등록번호 2022-금감원-2437(대부업)/2022-금감원-2437(대부중개업); 사업내용 금전대부, 채권추심/대부중개; 법인번호 110111-7836765; 대부금융협회 회원번호 A03135 (https://www.clfa.or.kr/member/list 2026-09-18)"
loan_fss2438,희망파트너스대부,대부,희망파트너스대부|희망파트너스대부 주식회사,"https://fines.fss.or.kr/fines/plis/moneyLenderSearch/MoneyLenderSearch.getMoneyLenderList.do 2026-09-18; 등록번호 2022-금감원-2438(대부업); 사업내용 금전대부, 채권추심; 법인번호 110111-8034235; 대부금융협회 회원번호 A03141 (https://www.clfa.or.kr/member/list 2026-09-18)"
loan_fss2440,이츠에이엠씨대부,대부,이츠에이엠씨대부|주식회사이츠에이엠씨대부|주식회사 이츠에이엠씨대부,"https://fines.fss.or.kr/fines/plis/moneyLenderSearch/MoneyLenderSearch.getMoneyLenderList.do 2026-09-18; 등록번호 2022-금감원-2440(대부업); 사업내용 금전대부, 채권추심; 법인번호 110111-7827590; 대부금융협회 회원번호 A03142 (https://www.clfa.or.kr/member/list 2026-09-18)"
loan_fss2441,비트에프앤아이대부,대부,비트에프앤아이대부|주식회사 비트에프앤아이대부,"https://fines.fss.or.kr/fines/plis/moneyLenderSearch/MoneyLenderSearch.getMoneyLenderList.do 2026-09-18; 등록번호 2022-금감원-2441(대부업); 사업내용 금전대부, 채권추심; 법인번호 135511-0236535; 대부금융협회 회원번호 A02405 (https://www.clfa.or.kr/member/list 2026-09-18)"
loan_fss2442,세븐파이낸셜대부,대부,세븐파이낸셜대부|세븐파이낸셜대부 주식회사,https://fines.fss.or.kr/fines/plis/moneyLenderSearch/MoneyLenderSearch.getMoneyLenderList.do 2026-09-18; 등록번호 2022-금감원-2442(대부업); 사업내용 채권추심; 법인번호 110111-5346865; 대부금융협회 회원번호 A03153 (https://www.clfa.or.kr/member/list 2026-09-18)
loan_fss2443,서울옥션,대부,서울옥션|주식회사 서울옥션,https://fines.fss.or.kr/fines/plis/moneyLenderSearch/MoneyLenderSearch.getMoneyLenderList.do 2026-09-18; 등록번호 2022-금감원-2443(대부업); 사업내용 금전대부; 법인번호 110111-1627011; 대부금융협회 회원번호 A00079 (https://www.clfa.or.kr/member/list 2026-09-18)
loan_fss2445,아시아금융대부,대부,아시아금융대부|주식회사 아시아금융대부,"https://fines.fss.or.kr/fines/plis/moneyLenderSearch/MoneyLenderSearch.getMoneyLenderList.do 2026-09-18; 등록번호 2022-금감원-2445(대부업)/2022-금감원-2445(대부중개업); 사업내용 금전대부, 채권추심/대부중개; 법인번호 280211-0170452; 대부금융협회 회원번호 A02339 (https://www.clfa.or.kr/member/list 2026-09-18)"
loan_fss2446,아람누리대부,대부,아람누리대부|주식회사 아람누리대부,https://fines.fss.or.kr/fines/plis/moneyLenderSearch/MoneyLenderSearch.getMoneyLenderList.do 2026-09-18; 등록번호 2022-금감원-2446(대부업); 사업내용 금전대부; 법인번호 110111-7248738; 대부금융협회 회원번호 A02831 (https://www.clfa.or.kr/member/list 2026-09-18)
loan_fss2447,스톤대부홀딩스,대부,스톤대부홀딩스|주식회사 스톤대부홀딩스,https://fines.fss.or.kr/fines/plis/moneyLenderSearch/MoneyLenderSearch.getMoneyLenderList.do 2026-09-18; 등록번호 2022-금감원-2447(대부업); 사업내용 채권추심; 법인번호 120111-1241562; 대부금융협회 회원번호 A03166 (https://www.clfa.or.kr/member/list 2026-09-18)
loan_fss2448,한국금융투자대부,대부,한국금융투자대부|한국금융투자대부 주식회사,https://fines.fss.or.kr/fines/plis/moneyLenderSearch/MoneyLenderSearch.getMoneyLenderList.do 2026-09-18; 등록번호 2022-금감원-2448(대부업); 사업내용 채권추심; 법인번호 200111-0535753; 대부금융협회 회원번호 A03164 (https://www.clfa.or.kr/member/list 2026-09-18)
loan_fss2450,글로리대부,대부,글로리대부|글로리대부 주식회사,https://fines.fss.or.kr/fines/plis/moneyLenderSearch/MoneyLenderSearch.getMoneyLenderList.do 2026-09-18; 등록번호 2022-금감원-2450(대부업); 사업내용 채권추심; 법인번호 170111-0873134; 대부금융협회 회원번호 A03162 (https://www.clfa.or.kr/member/list 2026-09-18)
loan_fss2451,신화엔피엘대부,대부,신화엔피엘대부|주식회사 신화엔피엘대부,https://fines.fss.or.kr/fines/plis/moneyLenderSearch/MoneyLenderSearch.getMoneyLenderList.do 2026-09-18; 등록번호 2022-금감원-2451(대부업); 사업내용 채권추심; 법인번호 194911-0063583; 대부금융협회 회원번호 A02984 (https://www.clfa.or.kr/member/list 2026-09-18)
loan_fss2453,쓰리엔피엘대부,대부,쓰리엔피엘대부|주식회사 쓰리엔피엘대부,https://fines.fss.or.kr/fines/plis/moneyLenderSearch/MoneyLenderSearch.getMoneyLenderList.do 2026-09-18; 등록번호 2022-금감원-2453(대부업); 사업내용 채권추심; 법인번호 284111-0383897; 대부금융협회 회원번호 A03163 (https://www.clfa.or.kr/member/list 2026-09-18)
loan_fss2454,덕산자산대부,대부,덕산자산대부|주식회사 덕산자산대부,https://fines.fss.or.kr/fines/plis/moneyLenderSearch/MoneyLenderSearch.getMoneyLenderList.do 2026-09-18; 등록번호 2022-금감원-2454(대부업); 사업내용 채권추심; 법인번호 170111-0878001; 대부금융협회 회원번호 A03183 (https://www.clfa.or.kr/member/list 2026-09-18)
loan_fss2456,두레에셋대부,대부,두레에셋대부|주식회사 두레에셋대부,"https://fines.fss.or.kr/fines/plis/moneyLenderSearch/MoneyLenderSearch.getMoneyLenderList.do 2026-09-18; 등록번호 2022-금감원-2456(대부업); 사업내용 금전대부, 채권추심; 법인번호 285011-0513312; 대부금융협회 회원번호 A03184 (https://www.clfa.or.kr/member/list 2026-09-18)"
loan_fss2457,더부자로자산관리대부,대부,더부자로자산관리대부|주식회사 더부자로자산관리대부,"https://fines.fss.or.kr/fines/plis/moneyLenderSearch/MoneyLenderSearch.getMoneyLenderList.do 2026-09-18; 등록번호 2022-금감원-2457(대부업)/2022-금감원-2457(대부중개업); 사업내용 금전대부, 채권추심/대부중개; 법인번호 180111-1455335; 대부금융협회 회원번호 A03180 (https://www.clfa.or.kr/member/list 2026-09-18)"
loan_fss2459,지엘에이엠씨대부,대부,지엘에이엠씨대부|지엘에이엠씨대부 주식회사,https://fines.fss.or.kr/fines/plis/moneyLenderSearch/MoneyLenderSearch.getMoneyLenderList.do 2026-09-18; 등록번호 2022-금감원-2459(대부업); 사업내용 채권추심; 법인번호 110111-8374847; 대부금융협회 회원번호 A03181 (https://www.clfa.or.kr/member/list 2026-09-18)
loan_fss2461,내일자산관리대부,대부,내일자산관리대부|내일자산관리대부 유한회사,"https://fines.fss.or.kr/fines/plis/moneyLenderSearch/MoneyLenderSearch.getMoneyLenderList.do 2026-09-18; 등록번호 2022-금감원-2461(대부업); 사업내용 금전대부, 채권추심; 법인번호 175214-0000891; 대부금융협회 회원번호 A03196 (https://www.clfa.or.kr/member/list 2026-09-18)"
loan_fss2463,지성에프앤아이대부,대부,지성에프앤아이대부|지성에프앤아이대부 주식회사,"https://fines.fss.or.kr/fines/plis/moneyLenderSearch/MoneyLenderSearch.getMoneyLenderList.do 2026-09-18; 등록번호 2022-금감원-2463(대부업); 사업내용 금전대부, 채권추심; 법인번호 135811-0450139; 대부금융협회 회원번호 A03195 (https://www.clfa.or.kr/member/list 2026-09-18)"
loan_fss2464,건한에이엠씨대부,대부,건한에이엠씨대부|건한에이엠씨대부 주식회사,"https://fines.fss.or.kr/fines/plis/moneyLenderSearch/MoneyLenderSearch.getMoneyLenderList.do 2026-09-18; 등록번호 2022-금감원-2464(대부업); 사업내용 금전대부, 채권추심; 법인번호 145211-0029893; 대부금융협회 회원번호 A03188 (https://www.clfa.or.kr/member/list 2026-09-18)"
loan_fss2465,에스비케이자산관리대부,대부,에스비케이자산관리대부|에스비케이자산관리대부주식회사,"https://fines.fss.or.kr/fines/plis/moneyLenderSearch/MoneyLenderSearch.getMoneyLenderList.do 2026-09-18; 등록번호 2022-금감원-2465(대부업)/2022-금감원-2465(대부중개업); 사업내용 금전대부, 채권추심/대부중개; 법인번호 121111-0338963; 대부금융협회 회원번호 A03123 (https://www.clfa.or.kr/member/list 2026-09-18)"
loan_fss2469,이지에셋대부,대부,이지에셋대부|주식회사 이지에셋대부,"https://fines.fss.or.kr/fines/plis/moneyLenderSearch/MoneyLenderSearch.getMoneyLenderList.do 2026-09-18; 등록번호 2022-금감원-2469(대부업); 사업내용 금전대부, 채권추심; 법인번호 124411-0300749; 대부금융협회 회원번호 A02241 (https://www.clfa.or.kr/member/list 2026-09-18)"
loan_fss2471,자유론대부,대부,자유론대부|자유론대부 주식회사,https://fines.fss.or.kr/fines/plis/moneyLenderSearch/MoneyLenderSearch.getMoneyLenderList.do 2026-09-18; 등록번호 2022-금감원-2471(대부업); 사업내용 금전대부; 법인번호 110111-7172359; 대부금융협회 회원번호 A02527 (https://www.clfa.or.kr/member/list 2026-09-18)
loan_fss2475,엔투오대부,대부,엔투오대부|주식회사 엔투오대부,"https://fines.fss.or.kr/fines/plis/moneyLenderSearch/MoneyLenderSearch.getMoneyLenderList.do 2026-09-18; 등록번호 2022-금감원-2475(대부업); 사업내용 금전대부, 채권추심; 법인번호 195511-0277743; 대부금융협회 회원번호 A03230 (https://www.clfa.or.kr/member/list 2026-09-18)"
loan_fss2479,리치금융진대부,대부,리치금융진대부|리치금융진대부 주식회사,"https://fines.fss.or.kr/fines/plis/moneyLenderSearch/MoneyLenderSearch.getMoneyLenderList.do 2026-09-18; 등록번호 2022-금감원-2479(대부업); 사업내용 금전대부, 채권추심; 법인번호 110111-8435821; 대부금융협회 회원번호 A03260 (https://www.clfa.or.kr/member/list 2026-09-18)"
loan_fss2480,케이원대부,대부,케이원대부|주식회사 케이원대부,https://fines.fss.or.kr/fines/plis/moneyLenderSearch/MoneyLenderSearch.getMoneyLenderList.do 2026-09-18; 등록번호 2022-금감원-2480(대부업); 사업내용 채권추심; 법인번호 135711-0201708; 대부금융협회 회원번호 A03259 (https://www.clfa.or.kr/member/list 2026-09-18)
loan_fss2482,장강에셋대부,대부,장강에셋대부|주식회사 장강에셋대부,"https://fines.fss.or.kr/fines/plis/moneyLenderSearch/MoneyLenderSearch.getMoneyLenderList.do 2026-09-18; 등록번호 2022-금감원-2482(대부업)/2022-금감원-2482(대부중개업); 사업내용 금전대부, 채권추심/대부중개; 법인번호 200111-0680334; 대부금융협회 회원번호 A03272 (https://www.clfa.or.kr/member/list 2026-09-18)"
loan_fss2484,유니트랙대부,대부,유니트랙대부|주식회사 유니트랙대부,"https://fines.fss.or.kr/fines/plis/moneyLenderSearch/MoneyLenderSearch.getMoneyLenderList.do 2026-09-18; 등록번호 2022-금감원-2484(대부업)/2022-금감원-2484(대부중개업); 사업내용 금전대부, 채권추심/대부중개; 법인번호 120111-1255208; 대부금융협회 회원번호 A03311 (https://www.clfa.or.kr/member/list 2026-09-18)"
loan_fss2486,밸류업프라이스대부,대부,밸류업프라이스대부|밸류업프라이스대부 주식회사,"https://fines.fss.or.kr/fines/plis/moneyLenderSearch/MoneyLenderSearch.getMoneyLenderList.do 2026-09-18; 등록번호 2022-금감원-2486(대부업)/2022-금감원-2486(대부중개업); 사업내용 금전대부, 채권추심/대부중개; 법인번호 110111-8412100; 대부금융협회 회원번호 A03297 (https://www.clfa.or.kr/member/list 2026-09-18)"
loan_fss2490,러셀,대부,러셀 주식회사,"https://fines.fss.or.kr/fines/plis/moneyLenderSearch/MoneyLenderSearch.getMoneyLenderList.do 2026-09-18; 등록번호 2023-금감원-2490(대부업)/2023-금감원-2490(대부중개업); 사업내용 금전대부, 채권추심/대부중개; 법인번호 230111-0308691; 대부금융협회 회원번호 A03312 (https://www.clfa.or.kr/member/list 2026-09-18)"
loan_fss2492,파인엔피엘대부,대부,파인엔피엘대부|파인엔피엘대부 주식회사,"https://fines.fss.or.kr/fines/plis/moneyLenderSearch/MoneyLenderSearch.getMoneyLenderList.do 2026-09-18; 등록번호 2023-금감원-2492(대부업); 사업내용 금전대부, 채권추심; 법인번호 110111-8485925; 대부금융협회 회원번호 A03323 (https://www.clfa.or.kr/member/list 2026-09-18)"
loan_fss2493,아담에셋대부,대부,아담에셋대부|아담에셋대부 주식회사,"https://fines.fss.or.kr/fines/plis/moneyLenderSearch/MoneyLenderSearch.getMoneyLenderList.do 2026-09-18; 등록번호 2023-금감원-2493(대부업); 사업내용 금전대부, 채권추심; 법인번호 110111-8182943; 대부금융협회 회원번호 A02637 (https://www.clfa.or.kr/member/list 2026-09-18)"
loan_fss2497,아크자산운용대부,대부중개,아크자산운용대부|주식회사 아크자산운용대부,https://fines.fss.or.kr/fines/plis/moneyLenderSearch/MoneyLenderSearch.getMoneyLenderList.do 2026-09-18; 등록번호 2025-금감원-2497(대부중개업); 사업내용 대부중개; 법인번호 110111-8472906
loan_fss2499,케이웨스트자산관리대부,대부,케이웨스트자산관리대부|주식회사 케이웨스트자산관리대부,https://fines.fss.or.kr/fines/plis/moneyLenderSearch/MoneyLenderSearch.getMoneyLenderList.do 2026-09-18; 등록번호 2023-금감원-2499(대부업); 사업내용 채권추심; 법인번호 194211-0360230; 대부금융협회 회원번호 A03333 (https://www.clfa.or.kr/member/list 2026-09-18)
loan_fss2501,구구스,대부중개,구구스|주식회사 구구스,https://fines.fss.or.kr/fines/plis/moneyLenderSearch/MoneyLenderSearch.getMoneyLenderList.do 2026-09-18; 등록번호 2023-금감원-2501(대부중개업); 사업내용 대부중개; 법인번호 110111-3351121; 대부금융협회 회원번호 A00369 (https://www.clfa.or.kr/member/list 2026-09-18)
loan_fss2507,엔씨자산관리대부,대부,엔씨자산관리대부|주식회사 엔씨자산관리대부,"https://fines.fss.or.kr/fines/plis/moneyLenderSearch/MoneyLenderSearch.getMoneyLenderList.do 2026-09-18; 등록번호 2023-금감원-2507(대부업); 사업내용 금전대부, 채권추심; 법인번호 110111-8430045; 대부금융협회 회원번호 A03394 (https://www.clfa.or.kr/member/list 2026-09-18)"
loan_fss2512,탑업자산관리대부,대부,탑업자산관리대부|주식회사 탑업자산관리대부,"https://fines.fss.or.kr/fines/plis/moneyLenderSearch/MoneyLenderSearch.getMoneyLenderList.do 2026-09-18; 등록번호 2023-금감원-2512(대부업); 사업내용 금전대부, 채권추심; 법인번호 110111-8482608; 대부금융협회 회원번호 A03420 (https://www.clfa.or.kr/member/list 2026-09-18)"
loan_fss2515,라운드자산관리대부,대부,라운드자산관리대부|주식회사 라운드자산관리대부,"https://fines.fss.or.kr/fines/plis/moneyLenderSearch/MoneyLenderSearch.getMoneyLenderList.do 2026-09-18; 등록번호 2023-금감원-2515(대부업)/2023-금감원-2515(대부중개업); 사업내용 금전대부, 채권추심/대부중개; 법인번호 110111-8532255; 대부금융협회 회원번호 A03447 (https://www.clfa.or.kr/member/list 2026-09-18)"
loan_fss2516,티앤에이파트너스대부,대부,티앤에이파트너스대부|주식회사 티앤에이파트너스대부,"https://fines.fss.or.kr/fines/plis/moneyLenderSearch/MoneyLenderSearch.getMoneyLenderList.do 2026-09-18; 등록번호 2023-금감원-2516(대부업)/2025-금감원-2516(대부중개업); 사업내용 금전대부, 채권추심/대부중개; 법인번호 110111-8524955; 대부금융협회 회원번호 A03448 (https://www.clfa.or.kr/member/list 2026-09-18)"
loan_fss2517,제로자산관리대부,대부,제로자산관리대부|제로자산관리대부 주식회사,"https://fines.fss.or.kr/fines/plis/moneyLenderSearch/MoneyLenderSearch.getMoneyLenderList.do 2026-09-18; 등록번호 2023-금감원-2517(대부업)/2023-금감원-2517(대부중개업); 사업내용 금전대부, 채권추심/대부중개; 법인번호 170111-0827967; 대부금융협회 회원번호 A03446 (https://www.clfa.or.kr/member/list 2026-09-18)"
loan_fss2520,하나더드림대부,대부,하나더드림대부|주식회사 하나더드림대부,"https://fines.fss.or.kr/fines/plis/moneyLenderSearch/MoneyLenderSearch.getMoneyLenderList.do 2026-09-18; 등록번호 2023-금감원-2520(대부업)/2023-금감원-2520(대부중개업); 사업내용 금전대부, 채권추심/대부중개; 법인번호 110111-7325677; 대부금융협회 회원번호 A03246 (https://www.clfa.or.kr/member/list 2026-09-18)"
loan_fss2522,드림인자산관리대부,대부,드림인자산관리대부|주식회사 드림인자산관리대부,"https://fines.fss.or.kr/fines/plis/moneyLenderSearch/MoneyLenderSearch.getMoneyLenderList.do 2026-09-18; 등록번호 2023-금감원-2522(대부업); 사업내용 금전대부, 채권추심; 법인번호 110111-8545513; 대부금융협회 회원번호 A03535 (https://www.clfa.or.kr/member/list 2026-09-18)"
loan_fss2523,코리아인베스트먼트대부,대부,코리아인베스트먼트대부|주식회사 코리아인베스트먼트대부,https://fines.fss.or.kr/fines/plis/moneyLenderSearch/MoneyLenderSearch.getMoneyLenderList.do 2026-09-18; 등록번호 2023-금감원-2523(대부업); 사업내용 금전대부; 법인번호 110111-7622700; 대부금융협회 회원번호 A02289 (https://www.clfa.or.kr/member/list 2026-09-18)
loan_fss2524,숲파트너스대부금융,대부,숲파트너스대부금융|주식회사 숲파트너스대부금융,"https://fines.fss.or.kr/fines/plis/moneyLenderSearch/MoneyLenderSearch.getMoneyLenderList.do 2026-09-18; 등록번호 2023-금감원-2524(대부업); 사업내용 금전대부, 채권추심; 법인번호 110111-8087309; 대부금융협회 회원번호 A02484 (https://www.clfa.or.kr/member/list 2026-09-18)"
loan_fss2526,세종커머셜대부,대부,세종커머셜대부|세종커머셜대부 유한회사,"https://fines.fss.or.kr/fines/plis/moneyLenderSearch/MoneyLenderSearch.getMoneyLenderList.do 2026-09-18; 등록번호 2023-금감원-2526(대부업); 사업내용 금전대부, 채권추심; 법인번호 110114-0185311; 대부금융협회 회원번호 A03573 (https://www.clfa.or.kr/member/list 2026-09-18)"
loan_fss2527,동양에셋원대부,대부,동양에셋원대부|주식회사 동양에셋원대부,https://fines.fss.or.kr/fines/plis/moneyLenderSearch/MoneyLenderSearch.getMoneyLenderList.do 2026-09-18; 등록번호 2023-금감원-2527(대부업); 사업내용 채권추심; 법인번호 131111-0692672; 대부금융협회 회원번호 A03603 (https://www.clfa.or.kr/member/list 2026-09-18)
loan_fss2530,스톤파크자산관리대부,대부,스톤파크자산관리대부|주식회사 스톤파크자산관리대부,"https://fines.fss.or.kr/fines/plis/moneyLenderSearch/MoneyLenderSearch.getMoneyLenderList.do 2026-09-18; 등록번호 2023-금감원-2530(대부업); 사업내용 금전대부, 채권추심; 법인번호 110111-8525341; 대부금융협회 회원번호 A03614 (https://www.clfa.or.kr/member/list 2026-09-18)"
loan_fss2531,케이엔에이대부,대부,케이엔에이대부|주식회사 케이엔에이대부,"https://fines.fss.or.kr/fines/plis/moneyLenderSearch/MoneyLenderSearch.getMoneyLenderList.do 2026-09-18; 등록번호 2023-금감원-2531(대부업)/2023-금감원-2531(대부중개업); 사업내용 금전대부, 채권추심/대부중개; 법인번호 284411-0135721; 대부금융협회 회원번호 A03612 (https://www.clfa.or.kr/member/list 2026-09-18)"
loan_fss2532,연합플래닝,대부,연합플래닝|주식회사 연합플래닝,https://fines.fss.or.kr/fines/plis/moneyLenderSearch/MoneyLenderSearch.getMoneyLenderList.do 2026-09-18; 등록번호 2023-금감원-2532(대부업); 사업내용 채권추심; 법인번호 110111-2495988; 대부금융협회 회원번호 A03611 (https://www.clfa.or.kr/member/list 2026-09-18)
loan_fss2533,빅텐,대부,주식회사 빅텐,"https://fines.fss.or.kr/fines/plis/moneyLenderSearch/MoneyLenderSearch.getMoneyLenderList.do 2026-09-18; 등록번호 2023-금감원-2533(대부업)/2023-금감원-2533(대부중개업); 사업내용 금전대부, 채권추심/대부중개; 법인번호 120111-1002807; 대부금융협회 회원번호 A03613 (https://www.clfa.or.kr/member/list 2026-09-18)"
loan_fss2534,더와이엔피엘대부,대부,더와이엔피엘대부|더와이엔피엘대부 주식회사,"https://fines.fss.or.kr/fines/plis/moneyLenderSearch/MoneyLenderSearch.getMoneyLenderList.do 2026-09-18; 등록번호 2023-금감원-2534(대부업)/2023-금감원-2534(대부중개업); 사업내용 금전대부, 채권추심/대부중개; 법인번호 284911-0295591; 대부금융협회 회원번호 A03615 (https://www.clfa.or.kr/member/list 2026-09-18)"
loan_fss2535,오투자산관리대부,대부,오투자산관리대부|오투자산관리대부 유한회사,https://fines.fss.or.kr/fines/plis/moneyLenderSearch/MoneyLenderSearch.getMoneyLenderList.do 2026-09-18; 등록번호 2023-금감원-2535(대부업); 사업내용 채권추심; 법인번호 110114-0306925; 대부금융협회 회원번호 A03616 (https://www.clfa.or.kr/member/list 2026-09-18)
loan_fss2536,큰빛인베스트대부,대부,큰빛인베스트대부|주식회사 큰빛인베스트대부,"https://fines.fss.or.kr/fines/plis/moneyLenderSearch/MoneyLenderSearch.getMoneyLenderList.do 2026-09-18; 등록번호 2023-금감원-2536(대부업)/2023-금감원-2536(대부중개업); 사업내용 금전대부, 채권추심/대부중개; 법인번호 110111-8594114; 대부금융협회 회원번호 A03621 (https://www.clfa.or.kr/member/list 2026-09-18)"
loan_fss2537,에스제이와이자산관리대부,대부,에스제이와이자산관리대부|에스제이와이자산관리대부 주식회사,"https://fines.fss.or.kr/fines/plis/moneyLenderSearch/MoneyLenderSearch.getMoneyLenderList.do 2026-09-18; 등록번호 2023-금감원-2537(대부업)/2026-금감원-2537(대부중개업); 사업내용 금전대부, 채권추심/대부중개; 법인번호 134511-0618198; 대부금융협회 회원번호 A03618 (https://www.clfa.or.kr/member/list 2026-09-18)"
loan_fss2538,큐브대부,대부,큐브대부|주식회사 큐브대부,"https://fines.fss.or.kr/fines/plis/moneyLenderSearch/MoneyLenderSearch.getMoneyLenderList.do 2026-09-18; 등록번호 2023-금감원-2538(대부업)/2023-금감원-2538(대부중개업); 사업내용 금전대부, 채권추심/대부중개; 법인번호 140111-0104270; 대부금융협회 회원번호 A03620 (https://www.clfa.or.kr/member/list 2026-09-18)"
loan_fss2539,케이엠아이자산관리대부,대부,케이엠아이자산관리대부|주식회사 케이엠아이자산관리대부,"https://fines.fss.or.kr/fines/plis/moneyLenderSearch/MoneyLenderSearch.getMoneyLenderList.do 2026-09-18; 등록번호 2023-금감원-2539(대부업)/2023-금감원-2539(대부중개업); 사업내용 금전대부, 채권추심/대부중개; 법인번호 284111-0405922; 대부금융협회 회원번호 A03619 (https://www.clfa.or.kr/member/list 2026-09-18)"
loan_fss2544,토마토자산관리대부,대부,토마토자산관리대부|주식회사 토마토자산관리대부,"https://fines.fss.or.kr/fines/plis/moneyLenderSearch/MoneyLenderSearch.getMoneyLenderList.do 2026-09-18; 등록번호 2023-금감원-2544(대부업)/2026-금감원-2544(대부중개업); 사업내용 금전대부, 채권추심/대부중개; 법인번호 110111-7460233; 대부금융협회 회원번호 A01887 (https://www.clfa.or.kr/member/list 2026-09-18)"
loan_fss2546,인스페이스대부,대부,인스페이스대부|유한책임회사 인스페이스대부,https://fines.fss.or.kr/fines/plis/moneyLenderSearch/MoneyLenderSearch.getMoneyLenderList.do 2026-09-18; 등록번호 2023-금감원-2546(대부업); 사업내용 채권추심; 법인번호 110115-0000319; 대부금융협회 회원번호 A03650 (https://www.clfa.or.kr/member/list 2026-09-18)
loan_fss2548,씨브이씨대부,대부,씨브이씨대부|씨브이씨대부 주식회사,https://fines.fss.or.kr/fines/plis/moneyLenderSearch/MoneyLenderSearch.getMoneyLenderList.do 2026-09-18; 등록번호 2023-금감원-2548(대부업); 사업내용 금전대부; 법인번호 110111-8153423; 대부금융협회 회원번호 A02591 (https://www.clfa.or.kr/member/list 2026-09-18)
loan_fss2550,알티우스자산관리대부,대부,알티우스자산관리대부|알티우스자산관리대부 주식회사,"https://fines.fss.or.kr/fines/plis/moneyLenderSearch/MoneyLenderSearch.getMoneyLenderList.do 2026-09-18; 등록번호 2023-금감원-2550(대부업)/2023-금감원-2550(대부중개업); 사업내용 금전대부, 채권추심/대부중개; 법인번호 110111-8638722; 대부금융협회 회원번호 A03666 (https://www.clfa.or.kr/member/list 2026-09-18)"
loan_fss2551,제주티에이자산관리대부,대부,제주티에이자산관리대부|제주티에이자산관리대부 유한회사,https://fines.fss.or.kr/fines/plis/moneyLenderSearch/MoneyLenderSearch.getMoneyLenderList.do 2026-09-18; 등록번호 2023-금감원-2551(대부업); 사업내용 채권추심; 법인번호 220114-0011175; 대부금융협회 회원번호 A03665 (https://www.clfa.or.kr/member/list 2026-09-18)
loan_fss2553,세이브에셋대부,대부,세이브에셋대부|주식회사 세이브에셋대부,https://fines.fss.or.kr/fines/plis/moneyLenderSearch/MoneyLenderSearch.getMoneyLenderList.do 2026-09-18; 등록번호 2023-금감원-2553(대부업); 사업내용 채권추심; 법인번호 120111-0685141; 대부금융협회 회원번호 A03671 (https://www.clfa.or.kr/member/list 2026-09-18)
loan_fss2557,에이에스대부,대부,에이에스대부|주식회사 에이에스대부,https://fines.fss.or.kr/fines/plis/moneyLenderSearch/MoneyLenderSearch.getMoneyLenderList.do 2026-09-18; 등록번호 2023-금감원-2557(대부업); 사업내용 채권추심; 법인번호 134811-0727323; 대부금융협회 회원번호 A03696 (https://www.clfa.or.kr/member/list 2026-09-18)
loan_fss2559,엠투자대부,대부,엠투자대부|엠투자대부 주식회사,"https://fines.fss.or.kr/fines/plis/moneyLenderSearch/MoneyLenderSearch.getMoneyLenderList.do 2026-09-18; 등록번호 2023-금감원-2559(대부업); 사업내용 금전대부, 채권추심; 법인번호 110111-4935809; 대부금융협회 회원번호 A03718 (https://www.clfa.or.kr/member/list 2026-09-18)"
loan_fss2561,신호대부,대부,신호대부|주식회사 신호대부,"https://fines.fss.or.kr/fines/plis/moneyLenderSearch/MoneyLenderSearch.getMoneyLenderList.do 2026-09-18; 등록번호 2023-금감원-2561(대부업)/2023-금감원-2561(대부중개업); 사업내용 금전대부, 채권추심/대부중개; 법인번호 110111-8597978; 대부금융협회 회원번호 A03722 (https://www.clfa.or.kr/member/list 2026-09-18)"
loan_fss2562,제이에스파워대부,대부,제이에스파워대부|주식회사 제이에스파워대부,"https://fines.fss.or.kr/fines/plis/moneyLenderSearch/MoneyLenderSearch.getMoneyLenderList.do 2026-09-18; 등록번호 2023-금감원-2562(대부업)/2023-금감원-2562(대부중개업); 사업내용 금전대부, 채권추심/대부중개; 법인번호 160111-0383060; 대부금융협회 회원번호 A01741 (https://www.clfa.or.kr/member/list 2026-09-18)"
loan_fss2566,보광캐피탈대부,대부,보광캐피탈대부|보광캐피탈대부 주식회사,"https://fines.fss.or.kr/fines/plis/moneyLenderSearch/MoneyLenderSearch.getMoneyLenderList.do 2026-09-18; 등록번호 2023-금감원-2566(대부업); 사업내용 금전대부, 채권추심; 법인번호 200111-0695482; 대부금융협회 회원번호 A03739 (https://www.clfa.or.kr/member/list 2026-09-18)"
loan_fss2569,새하늘누리대부,대부,새하늘누리대부|주식회사 새하늘누리대부,https://fines.fss.or.kr/fines/plis/moneyLenderSearch/MoneyLenderSearch.getMoneyLenderList.do 2026-09-18; 등록번호 2023-금감원-2569(대부업); 사업내용 채권추심; 법인번호 180111-1355767; 대부금융협회 회원번호 A03749 (https://www.clfa.or.kr/member/list 2026-09-18)
loan_fss2570,엑셀시어대부,대부,엑셀시어대부|주식회사 엑셀시어대부,"https://fines.fss.or.kr/fines/plis/moneyLenderSearch/MoneyLenderSearch.getMoneyLenderList.do 2026-09-18; 등록번호 2023-금감원-2570(대부업)/2023-금감원-2570(대부중개업); 사업내용 금전대부, 채권추심/대부중개; 법인번호 110111-8631643; 대부금융협회 회원번호 A03764 (https://www.clfa.or.kr/member/list 2026-09-18)"
loan_fss2571,피닉스인피니티대부,대부,피닉스인피니티대부|주식회사 피닉스인피니티대부,https://fines.fss.or.kr/fines/plis/moneyLenderSearch/MoneyLenderSearch.getMoneyLenderList.do 2026-09-18; 등록번호 2023-금감원-2571(대부업); 사업내용 채권추심; 법인번호 180111-1513406; 대부금융협회 회원번호 A03779 (https://www.clfa.or.kr/member/list 2026-09-18)
loan_fss2572,수엔피엘자산대부,대부,수엔피엘자산대부|수엔피엘자산대부 주식회사,"https://fines.fss.or.kr/fines/plis/moneyLenderSearch/MoneyLenderSearch.getMoneyLenderList.do 2026-09-18; 등록번호 2023-금감원-2572(대부업)/2023-금감원-2572(대부중개업); 사업내용 금전대부, 채권추심/대부중개; 법인번호 160111-0661234; 대부금융협회 회원번호 A03783 (https://www.clfa.or.kr/member/list 2026-09-18)"
loan_fss2573,원에이치에스대부,대부,원에이치에스대부|원에이치에스대부 주식회사,"https://fines.fss.or.kr/fines/plis/moneyLenderSearch/MoneyLenderSearch.getMoneyLenderList.do 2026-09-18; 등록번호 2023-금감원-2573(대부업)/2023-금감원-2573(대부중개업); 사업내용 금전대부, 채권추심/대부중개; 법인번호 110111-8593497; 대부금융협회 회원번호 A03788 (https://www.clfa.or.kr/member/list 2026-09-18)"
loan_fss2574,바로에프앤대부,대부,바로에프앤대부|바로에프앤대부 주식회사,"https://fines.fss.or.kr/fines/plis/moneyLenderSearch/MoneyLenderSearch.getMoneyLenderList.do 2026-09-18; 등록번호 2023-금감원-2574(대부업); 사업내용 금전대부, 채권추심; 법인번호 110111-8546727; 대부금융협회 회원번호 A03786 (https://www.clfa.or.kr/member/list 2026-09-18)"
loan_fss2576,아세아엔피엘대부,대부,아세아엔피엘대부|주식회사 아세아엔피엘대부,"https://fines.fss.or.kr/fines/plis/moneyLenderSearch/MoneyLenderSearch.getMoneyLenderList.do 2026-09-18; 등록번호 2023-금감원-2576(대부업)/2023-금감원-2576(대부중개업); 사업내용 금전대부, 채권추심/대부중개; 법인번호 180111-1508928; 대부금융협회 회원번호 A03789 (https://www.clfa.or.kr/member/list 2026-09-18)"
loan_fss2577,리움자산관리대부,대부,리움자산관리대부|주식회사 리움자산관리대부,https://fines.fss.or.kr/fines/plis/moneyLenderSearch/MoneyLenderSearch.getMoneyLenderList.do 2026-09-18; 등록번호 2023-금감원-2577(대부업); 사업내용 채권추심; 법인번호 110111-5851252; 대부금융협회 회원번호 A03790 (https://www.clfa.or.kr/member/list 2026-09-18)
loan_fss2578,지평엔피엘자산대부,대부,지평엔피엘자산대부|지평엔피엘자산대부 주식회사,"https://fines.fss.or.kr/fines/plis/moneyLenderSearch/MoneyLenderSearch.getMoneyLenderList.do 2026-09-18; 등록번호 2023-금감원-2578(대부업); 사업내용 금전대부, 채권추심; 법인번호 160111-0662266; 대부금융협회 회원번호 A03800 (https://www.clfa.or.kr/member/list 2026-09-18)"
loan_fss2579,토마토대부,대부,토마토대부|주식회사 토마토대부,"https://fines.fss.or.kr/fines/plis/moneyLenderSearch/MoneyLenderSearch.getMoneyLenderList.do 2026-09-18; 등록번호 2023-금감원-2579(대부업)/2023-금감원-2579(대부중개업); 사업내용 금전대부, 채권추심/대부중개; 법인번호 131111-0446706; 대부금융협회 회원번호 A03799 (https://www.clfa.or.kr/member/list 2026-09-18)"
loan_fss2580,반듯한예시대부,대부,반듯한예시대부|주식회사 반듯한예시대부,"https://fines.fss.or.kr/fines/plis/moneyLenderSearch/MoneyLenderSearch.getMoneyLenderList.do 2026-09-18; 등록번호 2023-금감원-2580(대부업)/2023-금감원-2580(대부중개업); 사업내용 금전대부, 채권추심/대부중개; 법인번호 110111-8612370; 대부금융협회 회원번호 A03805 (https://www.clfa.or.kr/member/list 2026-09-18)"
loan_fss2581,아인스대부,대부,아인스대부|아인스대부 주식회사,https://fines.fss.or.kr/fines/plis/moneyLenderSearch/MoneyLenderSearch.getMoneyLenderList.do 2026-09-18; 등록번호 2023-금감원-2581(대부업); 사업내용 채권추심; 법인번호 110111-7272696; 대부금융협회 회원번호 A01751 (https://www.clfa.or.kr/member/list 2026-09-18)
loan_fss2582,모두에셋대부,대부,모두에셋대부|주식회사 모두에셋대부,"https://fines.fss.or.kr/fines/plis/moneyLenderSearch/MoneyLenderSearch.getMoneyLenderList.do 2026-09-18; 등록번호 2023-금감원-2582(대부업); 사업내용 금전대부, 채권추심; 법인번호 131311-0305586; 대부금융협회 회원번호 A03844 (https://www.clfa.or.kr/member/list 2026-09-18)"
loan_fss2583,플렛폼엔피엘대부,대부,플렛폼엔피엘대부|플렛폼엔피엘대부 유한회사,"https://fines.fss.or.kr/fines/plis/moneyLenderSearch/MoneyLenderSearch.getMoneyLenderList.do 2026-09-18; 등록번호 2023-금감원-2583(대부업)/2023-금감원-2583(대부중개업); 사업내용 금전대부, 채권추심/대부중개; 법인번호 134514-0015108; 대부금융협회 회원번호 A03843 (https://www.clfa.or.kr/member/list 2026-09-18)"
loan_fss2586,유니프라임대부,대부,유니프라임대부|유니프라임대부 주식회사,"https://fines.fss.or.kr/fines/plis/moneyLenderSearch/MoneyLenderSearch.getMoneyLenderList.do 2026-09-18; 등록번호 2023-금감원-2586(대부업); 사업내용 금전대부, 채권추심; 법인번호 110111-8673851; 대부금융협회 회원번호 A03849 (https://www.clfa.or.kr/member/list 2026-09-18)"
loan_fss2588,태량금융자산대부,대부,태량금융자산대부|주식회사 태량금융자산대부,"https://fines.fss.or.kr/fines/plis/moneyLenderSearch/MoneyLenderSearch.getMoneyLenderList.do 2026-09-18; 등록번호 2023-금감원-2588(대부업); 사업내용 금전대부, 채권추심; 법인번호 284111-0411961; 대부금융협회 회원번호 A03854 (https://www.clfa.or.kr/member/list 2026-09-18)"
loan_fss2589,오션홀딩스대부,대부,오션홀딩스대부|주식회사 오션홀딩스대부,"https://fines.fss.or.kr/fines/plis/moneyLenderSearch/MoneyLenderSearch.getMoneyLenderList.do 2026-09-18; 등록번호 2023-금감원-2589(대부업); 사업내용 금전대부, 채권추심; 법인번호 180111-1505966; 대부금융협회 회원번호 A03866 (https://www.clfa.or.kr/member/list 2026-09-18)"
loan_fss2590,지원파이낸셜대부,대부,지원파이낸셜대부|주식회사 지원파이낸셜대부,"https://fines.fss.or.kr/fines/plis/moneyLenderSearch/MoneyLenderSearch.getMoneyLenderList.do 2026-09-18; 등록번호 2023-금감원-2590(대부업)/2023-금감원-2590(대부중개업); 사업내용 금전대부, 채권추심/대부중개; 법인번호 200111-0695317; 대부금융협회 회원번호 A03865 (https://www.clfa.or.kr/member/list 2026-09-18)"
loan_fss2591,대한파이낸셜대부,대부,대한파이낸셜대부|주식회사 대한파이낸셜대부,https://fines.fss.or.kr/fines/plis/moneyLenderSearch/MoneyLenderSearch.getMoneyLenderList.do 2026-09-18; 등록번호 2023-금감원-2591(대부업); 사업내용 채권추심; 법인번호 120111-1276642; 대부금융협회 회원번호 A03876 (https://www.clfa.or.kr/member/list 2026-09-18)
loan_fss2592,이든엔피엘대부,대부,이든엔피엘대부|주식회사 이든엔피엘대부,"https://fines.fss.or.kr/fines/plis/moneyLenderSearch/MoneyLenderSearch.getMoneyLenderList.do 2026-09-18; 등록번호 2023-금감원-2592(대부업)/2023-금감원-2592(대부중개업); 사업내용 금전대부, 채권추심/대부중개; 법인번호 134811-0744096; 대부금융협회 회원번호 A03877 (https://www.clfa.or.kr/member/list 2026-09-18)"
loan_fss2593,송원자산대부,대부,송원자산대부|송원자산대부 주식회사,"https://fines.fss.or.kr/fines/plis/moneyLenderSearch/MoneyLenderSearch.getMoneyLenderList.do 2026-09-18; 등록번호 2023-금감원-2593(대부업); 사업내용 금전대부, 채권추심; 법인번호 134511-0624111; 대부금융협회 회원번호 A03885 (https://www.clfa.or.kr/member/list 2026-09-18)"
loan_fss2594,성지파이낸셜대부,대부,성지파이낸셜대부|주식회사 성지파이낸셜대부,"https://fines.fss.or.kr/fines/plis/moneyLenderSearch/MoneyLenderSearch.getMoneyLenderList.do 2026-09-18; 등록번호 2023-금감원-2594(대부업)/2023-금감원-2594(대부중개업); 사업내용 금전대부, 채권추심/대부중개; 법인번호 110111-8543129; 대부금융협회 회원번호 A03371 (https://www.clfa.or.kr/member/list 2026-09-18)"
loan_fss2597,주찬파이낸스대부,대부,주찬파이낸스대부|(주)주찬파이낸스대부,"https://fines.fss.or.kr/fines/plis/moneyLenderSearch/MoneyLenderSearch.getMoneyLenderList.do 2026-09-18; 등록번호 2023-금감원-2597(대부업)/2023-금감원-2597(대부중개업); 사업내용 금전대부, 채권추심/대부중개; 법인번호 200111-0553599; 대부금융협회 회원번호 A02595 (https://www.clfa.or.kr/member/list 2026-09-18)"
loan_fss2598,메드자산관리대부,대부,메드자산관리대부|주식회사 메드자산관리대부,"https://fines.fss.or.kr/fines/plis/moneyLenderSearch/MoneyLenderSearch.getMoneyLenderList.do 2026-09-18; 등록번호 2023-금감원-2598(대부업); 사업내용 금전대부, 채권추심; 법인번호 110111-8562088; 대부금융협회 회원번호 A03902 (https://www.clfa.or.kr/member/list 2026-09-18)"
loan_fss2599,에스엠파트너스대부,대부,에스엠파트너스대부|주식회사 에스엠파트너스대부,"https://fines.fss.or.kr/fines/plis/moneyLenderSearch/MoneyLenderSearch.getMoneyLenderList.do 2026-09-18; 등록번호 2023-금감원-2599(대부업)/2023-금감원-2599(대부중개업); 사업내용 금전대부, 채권추심/대부중개; 법인번호 110111-8682638; 대부금융협회 회원번호 A03926 (https://www.clfa.or.kr/member/list 2026-09-18)"
loan_fss2600,에스앤씨모기지대부,대부,에스앤씨모기지대부|주식회사 에스앤씨모기지대부,"https://fines.fss.or.kr/fines/plis/moneyLenderSearch/MoneyLenderSearch.getMoneyLenderList.do 2026-09-18; 등록번호 2023-금감원-2600(대부업)/2023-금감원-2600(대부중개업); 사업내용 금전대부, 채권추심/대부중개; 법인번호 110111-7272365; 대부금융협회 회원번호 A02480 (https://www.clfa.or.kr/member/list 2026-09-18)"
loan_fss2601,디에스디자산관리대부,대부,디에스디자산관리대부|디에스디자산관리대부 주식회사,https://fines.fss.or.kr/fines/plis/moneyLenderSearch/MoneyLenderSearch.getMoneyLenderList.do 2026-09-18; 등록번호 2023-금감원-2601(대부업); 사업내용 채권추심; 법인번호 124411-0361452; 대부금융협회 회원번호 A03927 (https://www.clfa.or.kr/member/list 2026-09-18)
loan_fss2602,버드우드대부,대부,버드우드대부|주식회사 버드우드대부,"https://fines.fss.or.kr/fines/plis/moneyLenderSearch/MoneyLenderSearch.getMoneyLenderList.do 2026-09-18; 등록번호 2023-금감원-2602(대부업)/2023-금감원-2602(대부중개업); 사업내용 금전대부, 채권추심/대부중개; 법인번호 164811-0003248; 대부금융협회 회원번호 A03937 (https://www.clfa.or.kr/member/list 2026-09-18)"
loan_fss2603,비즈원대부,대부,비즈원대부|주식회사 비즈원대부,"https://fines.fss.or.kr/fines/plis/moneyLenderSearch/MoneyLenderSearch.getMoneyLenderList.do 2026-09-18; 등록번호 2023-금감원-2603(대부업)/2023-금감원-2603(대부중개업); 사업내용 금전대부, 채권추심/대부중개; 법인번호 110111-8597382; 대부금융협회 회원번호 A03512 (https://www.clfa.or.kr/member/list 2026-09-18)"
loan_fss2604,위드자산관리대부,대부,위드자산관리대부|위드자산관리대부 주식회사,"https://fines.fss.or.kr/fines/plis/moneyLenderSearch/MoneyLenderSearch.getMoneyLenderList.do 2026-09-18; 등록번호 2023-금감원-2604(대부업)/2023-금감원-2604(대부중개업); 사업내용 금전대부, 채권추심/대부중개; 법인번호 110111-8725925; 대부금융협회 회원번호 A03948 (https://www.clfa.or.kr/member/list 2026-09-18)"
loan_fss2605,삼원자산관리대부,대부,삼원자산관리대부|주식회사 삼원자산관리대부,https://fines.fss.or.kr/fines/plis/moneyLenderSearch/MoneyLenderSearch.getMoneyLenderList.do 2026-09-18; 등록번호 2023-금감원-2605(대부업); 사업내용 채권추심; 법인번호 110111-8714217; 대부금융협회 회원번호 A03947 (https://www.clfa.or.kr/member/list 2026-09-18)
loan_fss2606,미래에프앤아이대부금융,대부,미래에프앤아이대부금융|미래에프앤아이대부금융 주식회사,https://fines.fss.or.kr/fines/plis/moneyLenderSearch/MoneyLenderSearch.getMoneyLenderList.do 2026-09-18; 등록번호 2023-금감원-2606(대부업); 사업내용 채권추심; 법인번호 110111-8800420; 대부금융협회 회원번호 A03949 (https://www.clfa.or.kr/member/list 2026-09-18)
loan_fss2607,리플러스대부,대부,리플러스대부|주식회사 리플러스대부,"https://fines.fss.or.kr/fines/plis/moneyLenderSearch/MoneyLenderSearch.getMoneyLenderList.do 2026-09-18; 등록번호 2023-금감원-2607(대부업)/2023-금감원-2607(대부중개업); 사업내용 금전대부, 채권추심/대부중개; 법인번호 110111-6138691; 대부금융협회 회원번호 A02952 (https://www.clfa.or.kr/member/list 2026-09-18)"
loan_fss2608,유니즈대부,대부,유니즈대부|유니즈대부 주식회사,"https://fines.fss.or.kr/fines/plis/moneyLenderSearch/MoneyLenderSearch.getMoneyLenderList.do 2026-09-18; 등록번호 2024-금감원-2608(대부업)/2024-금감원-2608(대부중개업); 사업내용 금전대부, 채권추심/대부중개; 법인번호 134811-0742529; 대부금융협회 회원번호 A03953 (https://www.clfa.or.kr/member/list 2026-09-18)"
loan_fss2609,성연엔피엘대부,대부,성연엔피엘대부|성연엔피엘대부 유한회사,"https://fines.fss.or.kr/fines/plis/moneyLenderSearch/MoneyLenderSearch.getMoneyLenderList.do 2026-09-18; 등록번호 2024-금감원-2609(대부업)/2024-금감원-2609(대부중개업); 사업내용 금전대부, 채권추심/대부중개; 법인번호 211114-0060892; 대부금융협회 회원번호 A03954 (https://www.clfa.or.kr/member/list 2026-09-18)"
loan_fss2610,제이앤비파이낸스대부,대부,제이앤비파이낸스대부|주식회사 제이앤비파이낸스대부,"https://fines.fss.or.kr/fines/plis/moneyLenderSearch/MoneyLenderSearch.getMoneyLenderList.do 2026-09-18; 등록번호 2024-금감원-2610(대부업); 사업내용 금전대부, 채권추심; 법인번호 120111-1311852; 대부금융협회 회원번호 A03959 (https://www.clfa.or.kr/member/list 2026-09-18)"
loan_fss2611,이오타대부,대부,이오타대부|유한회사 이오타대부,"https://fines.fss.or.kr/fines/plis/moneyLenderSearch/MoneyLenderSearch.getMoneyLenderList.do 2026-09-18; 등록번호 2024-금감원-2611(대부업)/2024-금감원-2611(대부중개업); 사업내용 금전대부, 채권추심/대부중개; 법인번호 120114-0019394; 대부금융협회 회원번호 A03960 (https://www.clfa.or.kr/member/list 2026-09-18)"
loan_fss2612,더라이즈대부,대부,더라이즈대부|더라이즈대부 주식회사,"https://fines.fss.or.kr/fines/plis/moneyLenderSearch/MoneyLenderSearch.getMoneyLenderList.do 2026-09-18; 등록번호 2024-금감원-2612(대부업)/2024-금감원-2612(대부중개업); 사업내용 금전대부, 채권추심/대부중개; 법인번호 110111-8712865; 대부금융협회 회원번호 A03792 (https://www.clfa.or.kr/member/list 2026-09-18)"
loan_fss2613,도도자산관리대부,대부,도도자산관리대부|도도자산관리대부 주식회사,"https://fines.fss.or.kr/fines/plis/moneyLenderSearch/MoneyLenderSearch.getMoneyLenderList.do 2026-09-18; 등록번호 2024-금감원-2613(대부업)/2024-금감원-2613(대부중개업); 사업내용 금전대부, 채권추심/대부중개; 법인번호 284411-0139898; 대부금융협회 회원번호 A03975 (https://www.clfa.or.kr/member/list 2026-09-18)"
loan_fss2615,양선대부,대부,양선대부|주식회사 양선대부,https://fines.fss.or.kr/fines/plis/moneyLenderSearch/MoneyLenderSearch.getMoneyLenderList.do 2026-09-18; 등록번호 2024-금감원-2615(대부업); 사업내용 채권추심; 법인번호 110111-8679510; 대부금융협회 회원번호 A03997 (https://www.clfa.or.kr/member/list 2026-09-18)
loan_fss2616,케이제이에이엠씨대부,대부,케이제이에이엠씨대부|주식회사 케이제이에이엠씨대부,"https://fines.fss.or.kr/fines/plis/moneyLenderSearch/MoneyLenderSearch.getMoneyLenderList.do 2026-09-18; 등록번호 2024-금감원-2616(대부업)/2024-금감원-2616(대부중개업); 사업내용 금전대부, 채권추심/대부중개; 법인번호 284911-0307528; 대부금융협회 회원번호 A03999 (https://www.clfa.or.kr/member/list 2026-09-18)"
loan_fss2617,윈자산관리대부,대부,윈자산관리대부|윈자산관리대부 주식회사,"https://fines.fss.or.kr/fines/plis/moneyLenderSearch/MoneyLenderSearch.getMoneyLenderList.do 2026-09-18; 등록번호 2024-금감원-2617(대부업); 사업내용 금전대부, 채권추심; 법인번호 134811-0544462; 대부금융협회 회원번호 A04014 (https://www.clfa.or.kr/member/list 2026-09-18)"
loan_fss2618,콜필드에쿼티대부,대부,콜필드에쿼티대부|콜필드에쿼티대부 주식회사,"https://fines.fss.or.kr/fines/plis/moneyLenderSearch/MoneyLenderSearch.getMoneyLenderList.do 2026-09-18; 등록번호 2024-금감원-2618(대부업)/2024-금감원-2618(대부중개업); 사업내용 금전대부, 채권추심/대부중개; 법인번호 110111-8755500; 대부금융협회 회원번호 A04013 (https://www.clfa.or.kr/member/list 2026-09-18)"
loan_fss2622,엔젤투자금융자산대부,대부,엔젤투자금융자산대부|(유)엔젤투자금융자산대부,"https://fines.fss.or.kr/fines/plis/moneyLenderSearch/MoneyLenderSearch.getMoneyLenderList.do 2026-09-18; 등록번호 2024-금감원-2622(대부업)/2024-금감원-2622(대부중개업)/2025-금감원-2622(대부중개사이트영위업); 사업내용 금전대부, 채권추심/대부중개/대부중개사이트영위업; 법인번호 110114-0321139; 대부금융협회 회원번호 A04039 (https://www.clfa.or.kr/member/list 2026-09-18)"
loan_fss2623,이케이자산관리대부,대부,이케이자산관리대부|주식회사 이케이자산관리대부,"https://fines.fss.or.kr/fines/plis/moneyLenderSearch/MoneyLenderSearch.getMoneyLenderList.do 2026-09-18; 등록번호 2024-금감원-2623(대부업)/2024-금감원-2623(대부중개업); 사업내용 금전대부, 채권추심/대부중개; 법인번호 110111-8733225; 대부금융협회 회원번호 A04201 (https://www.clfa.or.kr/member/list 2026-09-18)"
loan_fss2624,디케이마린,대부,디케이마린|주식회사 디케이마린,https://fines.fss.or.kr/fines/plis/moneyLenderSearch/MoneyLenderSearch.getMoneyLenderList.do 2026-09-18; 등록번호 2024-금감원-2624(대부업); 사업내용 채권추심; 법인번호 110111-0917322; 대부금융협회 회원번호 A04041 (https://www.clfa.or.kr/member/list 2026-09-18)
loan_fss2625,지산엔피엘대부,대부,지산엔피엘대부|주식회사 지산엔피엘대부,https://fines.fss.or.kr/fines/plis/moneyLenderSearch/MoneyLenderSearch.getMoneyLenderList.do 2026-09-18; 등록번호 2024-금감원-2625(대부업); 사업내용 채권추심; 법인번호 110111-8636453; 대부금융협회 회원번호 A04058 (https://www.clfa.or.kr/member/list 2026-09-18)
loan_fss2626,데일리에프앤아이대부,대부,데일리에프앤아이대부|주식회사 데일리에프앤아이대부,"https://fines.fss.or.kr/fines/plis/moneyLenderSearch/MoneyLenderSearch.getMoneyLenderList.do 2026-09-18; 등록번호 2024-금감원-2626(대부업)/2024-금감원-2626(대부중개업); 사업내용 금전대부, 채권추심/대부중개; 법인번호 110111-8742234; 대부금융협회 회원번호 A04062 (https://www.clfa.or.kr/member/list 2026-09-18)"
loan_fss2627,하이원자산관리대부,대부,하이원자산관리대부|주식회사 하이원자산관리대부,https://fines.fss.or.kr/fines/plis/moneyLenderSearch/MoneyLenderSearch.getMoneyLenderList.do 2026-09-18; 등록번호 2024-금감원-2627(대부업); 사업내용 채권추심; 법인번호 134111-0647153; 대부금융협회 회원번호 A04086 (https://www.clfa.or.kr/member/list 2026-09-18)
loan_fss2628,세현자산관리대부,대부,세현자산관리대부|세현자산관리대부 주식회사,"https://fines.fss.or.kr/fines/plis/moneyLenderSearch/MoneyLenderSearch.getMoneyLenderList.do 2026-09-18; 등록번호 2024-금감원-2628(대부업)/2024-금감원-2628(대부중개업); 사업내용 금전대부, 채권추심/대부중개; 법인번호 110111-8652516; 대부금융협회 회원번호 A04090 (https://www.clfa.or.kr/member/list 2026-09-18)"
loan_fss2629,올리부자산관리대부,대부,올리부자산관리대부|주식회사 올리부자산관리대부,"https://fines.fss.or.kr/fines/plis/moneyLenderSearch/MoneyLenderSearch.getMoneyLenderList.do 2026-09-18; 등록번호 2024-금감원-2629(대부업); 사업내용 금전대부, 채권추심; 법인번호 120111-1335638; 대부금융협회 회원번호 A04103 (https://www.clfa.or.kr/member/list 2026-09-18)"
loan_fss2630,놀라운공매대한대부,대부,놀라운공매대한대부|(주)놀라운공매대한대부,"https://fines.fss.or.kr/fines/plis/moneyLenderSearch/MoneyLenderSearch.getMoneyLenderList.do 2026-09-18; 등록번호 2024-금감원-2630(대부업)/2024-금감원-2630(대부중개업); 사업내용 금전대부, 채권추심/대부중개; 법인번호 110111-8522404; 대부금융협회 회원번호 A03434 (https://www.clfa.or.kr/member/list 2026-09-18)"
loan_fss2632,제이제이엔피엘대부,대부,제이제이엔피엘대부|주식회사 제이제이엔피엘대부,https://fines.fss.or.kr/fines/plis/moneyLenderSearch/MoneyLenderSearch.getMoneyLenderList.do 2026-09-18; 등록번호 2024-금감원-2632(대부업)/2024-금감원-2632(대부중개업); 사업내용 대부중개/채권추심; 법인번호 134211-0285753; 대부금융협회 회원번호 A04137 (https://www.clfa.or.kr/member/list 2026-09-18)
loan_fss2633,제시카자산대부,대부,제시카자산대부|주식회사 제시카자산대부,"https://fines.fss.or.kr/fines/plis/moneyLenderSearch/MoneyLenderSearch.getMoneyLenderList.do 2026-09-18; 등록번호 2024-금감원-2633(대부업)/2024-금감원-2633(대부중개업); 사업내용 금전대부, 채권추심/대부중개; 법인번호 284111-0416367; 대부금융협회 회원번호 A04140 (https://www.clfa.or.kr/member/list 2026-09-18)"
loan_fss2634,우리이지론대부,대부,우리이지론대부|유한회사 우리이지론대부,https://fines.fss.or.kr/fines/plis/moneyLenderSearch/MoneyLenderSearch.getMoneyLenderList.do 2026-09-18; 등록번호 2024-금감원-2634(대부업); 사업내용 금전대부; 법인번호 110114-0230728; 대부금융협회 회원번호 A01821 (https://www.clfa.or.kr/member/list 2026-09-18)
loan_fss2635,삼진냉장,대부,삼진냉장|주식회사 삼진냉장,https://fines.fss.or.kr/fines/plis/moneyLenderSearch/MoneyLenderSearch.getMoneyLenderList.do 2026-09-18; 등록번호 2024-금감원-2635(대부업); 사업내용 금전대부; 법인번호 134211-0274300; 대부금융협회 회원번호 A04150 (https://www.clfa.or.kr/member/list 2026-09-18)
loan_fss2636,에이프랜드대부,대부,에이프랜드대부|에이프랜드대부 주식회사,"https://fines.fss.or.kr/fines/plis/moneyLenderSearch/MoneyLenderSearch.getMoneyLenderList.do 2026-09-18; 등록번호 2024-금감원-2636(대부업)/2024-금감원-2636(대부중개업); 사업내용 금전대부, 채권추심/대부중개; 법인번호 284911-0242146; 대부금융협회 회원번호 A02412 (https://www.clfa.or.kr/member/list 2026-09-18)"
loan_fss2637,메디치자산관리대부,대부,메디치자산관리대부|메디치자산관리대부 유한회사,https://fines.fss.or.kr/fines/plis/moneyLenderSearch/MoneyLenderSearch.getMoneyLenderList.do 2026-09-18; 등록번호 2024-금감원-2637(대부업); 사업내용 채권추심; 법인번호 110114-0320123; 대부금융협회 회원번호 A04149 (https://www.clfa.or.kr/member/list 2026-09-18)
loan_fss2638,그라운드대부,대부,그라운드대부|주식회사 그라운드대부,"https://fines.fss.or.kr/fines/plis/moneyLenderSearch/MoneyLenderSearch.getMoneyLenderList.do 2026-09-18; 등록번호 2024-금감원-2638(대부업)/2024-금감원-2638(대부중개업); 사업내용 금전대부, 채권추심/대부중개; 법인번호 180111-1415660; 대부금융협회 회원번호 A04152 (https://www.clfa.or.kr/member/list 2026-09-18)"
loan_fss2640,재리치대부,대부,재리치대부|주식회사 재리치대부,"https://fines.fss.or.kr/fines/plis/moneyLenderSearch/MoneyLenderSearch.getMoneyLenderList.do 2026-09-18; 등록번호 2024-금감원-2640(대부업)/2024-금감원-2640(대부중개업); 사업내용 금전대부, 채권추심/대부중개; 법인번호 200111-0510060; 대부금융협회 회원번호 A04159 (https://www.clfa.or.kr/member/list 2026-09-18)"
loan_fss2641,파트너자산관리대부,대부,파트너자산관리대부|주식회사 파트너자산관리대부,"https://fines.fss.or.kr/fines/plis/moneyLenderSearch/MoneyLenderSearch.getMoneyLenderList.do 2026-09-18; 등록번호 2024-금감원-2641(대부업)/2024-금감원-2641(대부중개업); 사업내용 금전대부, 채권추심/대부중개; 법인번호 214811-0032494; 대부금융협회 회원번호 A04160 (https://www.clfa.or.kr/member/list 2026-09-18)"
loan_fss2642,보아즈대부,대부,보아즈대부|주식회사 보아즈대부,"https://fines.fss.or.kr/fines/plis/moneyLenderSearch/MoneyLenderSearch.getMoneyLenderList.do 2026-09-18; 등록번호 2024-금감원-2642(대부업)/2024-금감원-2642(대부중개업); 사업내용 금전대부, 채권추심/대부중개; 법인번호 110111-4887349; 대부금융협회 회원번호 A03351 (https://www.clfa.or.kr/member/list 2026-09-18)"
loan_fss2643,단도인베스트대부,대부,단도인베스트대부|주식회사 단도인베스트대부,https://fines.fss.or.kr/fines/plis/moneyLenderSearch/MoneyLenderSearch.getMoneyLenderList.do 2026-09-18; 등록번호 2024-금감원-2643(대부업)/2024-금감원-2643(대부중개업); 사업내용 대부중개/채권추심; 법인번호 180111-1521087; 대부금융협회 회원번호 A04161 (https://www.clfa.or.kr/member/list 2026-09-18)
loan_fss2644,예스솔루션대부,대부,예스솔루션대부|주식회사 예스솔루션대부,"https://fines.fss.or.kr/fines/plis/moneyLenderSearch/MoneyLenderSearch.getMoneyLenderList.do 2026-09-18; 등록번호 2024-금감원-2644(대부업)/2024-금감원-2644(대부중개업); 사업내용 금전대부, 채권추심/대부중개; 법인번호 121111-0455098; 대부금융협회 회원번호 A04162 (https://www.clfa.or.kr/member/list 2026-09-18)"
loan_fss2646,안다미로인베스트대부,대부,안다미로인베스트대부|안다미로인베스트대부 주식회사,https://fines.fss.or.kr/fines/plis/moneyLenderSearch/MoneyLenderSearch.getMoneyLenderList.do 2026-09-18; 등록번호 2024-금감원-2646(대부업); 사업내용 채권추심; 법인번호 176011-0168333; 대부금융협회 회원번호 A04163 (https://www.clfa.or.kr/member/list 2026-09-18)
loan_fss2647,로움자산관리대부,대부,로움자산관리대부|로움자산관리대부 유한회사,"https://fines.fss.or.kr/fines/plis/moneyLenderSearch/MoneyLenderSearch.getMoneyLenderList.do 2026-09-18; 등록번호 2024-금감원-2647(대부업); 사업내용 금전대부, 채권추심; 법인번호 284914-0006091; 대부금융협회 회원번호 A04165 (https://www.clfa.or.kr/member/list 2026-09-18)"
loan_fss2648,라이즈투자대부,대부,라이즈투자대부|주식회사 라이즈투자대부,"https://fines.fss.or.kr/fines/plis/moneyLenderSearch/MoneyLenderSearch.getMoneyLenderList.do 2026-09-18; 등록번호 2024-금감원-2648(대부업)/2024-금감원-2648(대부중개업); 사업내용 금전대부, 채권추심/대부중개; 법인번호 180111-1521053; 대부금융협회 회원번호 A04166 (https://www.clfa.or.kr/member/list 2026-09-18)"
loan_fss2650,한울경매자산관리대부,대부,한울경매자산관리대부|한울경매자산관리대부 유한회사,"https://fines.fss.or.kr/fines/plis/moneyLenderSearch/MoneyLenderSearch.getMoneyLenderList.do 2026-09-18; 등록번호 2024-금감원-2650(대부업); 사업내용 금전대부, 채권추심; 법인번호 280214-0002352; 대부금융협회 회원번호 A01886 (https://www.clfa.or.kr/member/list 2026-09-18)"
loan_fss2651,에어포스원대부,대부,에어포스원대부|주식회사 에어포스원대부,https://fines.fss.or.kr/fines/plis/moneyLenderSearch/MoneyLenderSearch.getMoneyLenderList.do 2026-09-18; 등록번호 2024-금감원-2651(대부업); 사업내용 채권추심; 법인번호 131311-0313258; 대부금융협회 회원번호 A04175 (https://www.clfa.or.kr/member/list 2026-09-18)
loan_fss2652,엠에쿼티자산관리대부,대부,엠에쿼티자산관리대부|주식회사 엠에쿼티자산관리대부,"https://fines.fss.or.kr/fines/plis/moneyLenderSearch/MoneyLenderSearch.getMoneyLenderList.do 2026-09-18; 등록번호 2024-금감원-2652(대부업)/2024-금감원-2652(대부중개업); 사업내용 금전대부, 채권추심/대부중개; 법인번호 284111-0416333; 대부금융협회 회원번호 A04377 (https://www.clfa.or.kr/member/list 2026-09-18)"
loan_fss2653,디케이엔피엘대부,대부,디케이엔피엘대부|주식회사 디케이엔피엘대부,"https://fines.fss.or.kr/fines/plis/moneyLenderSearch/MoneyLenderSearch.getMoneyLenderList.do 2026-09-18; 등록번호 2024-금감원-2653(대부업)/2024-금감원-2653(대부중개업); 사업내용 금전대부, 채권추심/대부중개; 법인번호 170111-0920919; 대부금융협회 회원번호 A04178 (https://www.clfa.or.kr/member/list 2026-09-18)"
loan_fss2654,이지에셋자산관리대부,대부,이지에셋자산관리대부|주식회사 이지에셋자산관리대부,"https://fines.fss.or.kr/fines/plis/moneyLenderSearch/MoneyLenderSearch.getMoneyLenderList.do 2026-09-18; 등록번호 2024-금감원-2654(대부업); 사업내용 금전대부, 채권추심; 법인번호 110111-8482145; 대부금융협회 회원번호 A04181 (https://www.clfa.or.kr/member/list 2026-09-18)"
loan_fss2655,제이미라클대부,대부,제이미라클대부|주식회사 제이미라클대부,https://fines.fss.or.kr/fines/plis/moneyLenderSearch/MoneyLenderSearch.getMoneyLenderList.do 2026-09-18; 등록번호 2024-금감원-2655(대부업); 사업내용 채권추심; 법인번호 110111-7487203; 대부금융협회 회원번호 A04008 (https://www.clfa.or.kr/member/list 2026-09-18)
loan_fss2658,에이치엔피엘대부,대부,에이치엔피엘대부|주식회사 에이치엔피엘대부,"https://fines.fss.or.kr/fines/plis/moneyLenderSearch/MoneyLenderSearch.getMoneyLenderList.do 2026-09-18; 등록번호 2024-금감원-2658(대부업)/2024-금감원-2658(대부중개업); 사업내용 금전대부, 채권추심/대부중개; 법인번호 135511-0432026; 대부금융협회 회원번호 A04182 (https://www.clfa.or.kr/member/list 2026-09-18)"
loan_fss2659,에프에프피엔피엘대부,대부,에프에프피엔피엘대부|에프에프피엔피엘대부 주식회사,https://fines.fss.or.kr/fines/plis/moneyLenderSearch/MoneyLenderSearch.getMoneyLenderList.do 2026-09-18; 등록번호 2024-금감원-2659(대부업); 사업내용 채권추심; 법인번호 200111-0712335; 대부금융협회 회원번호 A04187 (https://www.clfa.or.kr/member/list 2026-09-18)
loan_fss2660,서진금융대부,대부,서진금융대부|주식회사 서진금융대부,"https://fines.fss.or.kr/fines/plis/moneyLenderSearch/MoneyLenderSearch.getMoneyLenderList.do 2026-09-18; 등록번호 2024-금감원-2660(대부업)/2024-금감원-2660(대부중개업); 사업내용 금전대부, 채권추심/대부중개; 법인번호 211111-0079344; 대부금융협회 회원번호 A04192 (https://www.clfa.or.kr/member/list 2026-09-18)"
loan_fss2662,굿굿에이엠씨대부,대부,굿굿에이엠씨대부|굿굿에이엠씨대부 주식회사,"https://fines.fss.or.kr/fines/plis/moneyLenderSearch/MoneyLenderSearch.getMoneyLenderList.do 2026-09-18; 등록번호 2024-금감원-2662(대부업); 사업내용 금전대부, 채권추심; 법인번호 134511-0632768; 대부금융협회 회원번호 A04205 (https://www.clfa.or.kr/member/list 2026-09-18)"
loan_fss2663,인스자산관리대부,대부,인스자산관리대부|인스자산관리대부 주식회사,"https://fines.fss.or.kr/fines/plis/moneyLenderSearch/MoneyLenderSearch.getMoneyLenderList.do 2026-09-18; 등록번호 2024-금감원-2663(대부업)/2024-금감원-2663(대부중개업); 사업내용 금전대부, 채권추심/대부중개; 법인번호 110111-7229209; 대부금융협회 회원번호 A01661 (https://www.clfa.or.kr/member/list 2026-09-18)"
loan_fss2665,에이스크레딧대부,대부,에이스크레딧대부|에이스크레딧대부 주식회사,https://fines.fss.or.kr/fines/plis/moneyLenderSearch/MoneyLenderSearch.getMoneyLenderList.do 2026-09-18; 등록번호 2024-금감원-2665(대부업); 사업내용 채권추심; 법인번호 170111-0927709; 대부금융협회 회원번호 A04208 (https://www.clfa.or.kr/member/list 2026-09-18)
loan_fss2666,현대에프앤아이대부금융,대부,현대에프앤아이대부금융|현대에프앤아이대부금융 주식회사,https://fines.fss.or.kr/fines/plis/moneyLenderSearch/MoneyLenderSearch.getMoneyLenderList.do 2026-09-18; 등록번호 2024-금감원-2666(대부업); 사업내용 채권추심; 법인번호 110111-8863056; 대부금융협회 회원번호 A04214 (https://www.clfa.or.kr/member/list 2026-09-18)
loan_fss2667,석씨앤디,대부,석씨앤디|주식회사 석씨앤디,"https://fines.fss.or.kr/fines/plis/moneyLenderSearch/MoneyLenderSearch.getMoneyLenderList.do 2026-09-18; 등록번호 2024-금감원-2667(대부업)/2024-금감원-2667(대부중개업); 사업내용 금전대부, 채권추심/대부중개; 법인번호 230111-0296119; 대부금융협회 회원번호 A04218 (https://www.clfa.or.kr/member/list 2026-09-18)"
loan_fss2668,리버티에스앤씨대부,대부,리버티에스앤씨대부|주식회사 리버티에스앤씨대부,https://fines.fss.or.kr/fines/plis/moneyLenderSearch/MoneyLenderSearch.getMoneyLenderList.do 2026-09-18; 등록번호 2024-금감원-2668(대부업)/2024-금감원-2668(대부중개업); 사업내용 대부중개/채권추심; 법인번호 110111-8667284; 대부금융협회 회원번호 A04216 (https://www.clfa.or.kr/member/list 2026-09-18)
loan_fss2669,제이앤씨대부,대부,제이앤씨대부|주식회사 제이앤씨대부,https://fines.fss.or.kr/fines/plis/moneyLenderSearch/MoneyLenderSearch.getMoneyLenderList.do 2026-09-18; 등록번호 2024-금감원-2669(대부업); 사업내용 채권추심; 법인번호 180111-1054632; 대부금융협회 회원번호 A04226 (https://www.clfa.or.kr/member/list 2026-09-18)
loan_fss2670,부사연엔피엘대부,대부,부사연엔피엘대부|주식회사 부사연엔피엘대부,"https://fines.fss.or.kr/fines/plis/moneyLenderSearch/MoneyLenderSearch.getMoneyLenderList.do 2026-09-18; 등록번호 2024-금감원-2670(대부업)/2024-금감원-2670(대부중개업); 사업내용 금전대부, 채권추심/대부중개; 법인번호 110111-8798948; 대부금융협회 회원번호 A04229 (https://www.clfa.or.kr/member/list 2026-09-18)"
loan_fss2672,제이아이자산대부,대부,제이아이자산대부|제이아이자산대부 주식회사,"https://fines.fss.or.kr/fines/plis/moneyLenderSearch/MoneyLenderSearch.getMoneyLenderList.do 2026-09-18; 등록번호 2024-금감원-2672(대부업); 사업내용 금전대부, 채권추심; 법인번호 200111-0709283; 대부금융협회 회원번호 A04234 (https://www.clfa.or.kr/member/list 2026-09-18)"
loan_fss2673,해솔엔피엘대부,대부,해솔엔피엘대부|주식회사 해솔엔피엘대부,"https://fines.fss.or.kr/fines/plis/moneyLenderSearch/MoneyLenderSearch.getMoneyLenderList.do 2026-09-18; 등록번호 2024-금감원-2673(대부업); 사업내용 금전대부, 채권추심; 법인번호 160111-0670946; 대부금융협회 회원번호 A04235 (https://www.clfa.or.kr/member/list 2026-09-18)"
loan_fss2674,신진파이낸스대부,대부,신진파이낸스대부|신진파이낸스대부 주식회사,"https://fines.fss.or.kr/fines/plis/moneyLenderSearch/MoneyLenderSearch.getMoneyLenderList.do 2026-09-18; 등록번호 2024-금감원-2674(대부업)/2024-금감원-2674(대부중개업); 사업내용 금전대부, 채권추심/대부중개; 법인번호 110111-8819695; 대부금융협회 회원번호 A04236 (https://www.clfa.or.kr/member/list 2026-09-18)"
loan_fss2675,동탄역자산관리대부,대부,동탄역자산관리대부|주식회사 동탄역자산관리대부,"https://fines.fss.or.kr/fines/plis/moneyLenderSearch/MoneyLenderSearch.getMoneyLenderList.do 2026-09-18; 등록번호 2024-금감원-2675(대부업)/2024-금감원-2675(대부중개업); 사업내용 금전대부, 채권추심/대부중개; 법인번호 134811-0774829; 대부금융협회 회원번호 A04244 (https://www.clfa.or.kr/member/list 2026-09-18)"
loan_fss2676,거성에셋대부,대부,거성에셋대부|주식회사 거성에셋대부,https://fines.fss.or.kr/fines/plis/moneyLenderSearch/MoneyLenderSearch.getMoneyLenderList.do 2026-09-18; 등록번호 2024-금감원-2676(대부업); 사업내용 채권추심; 법인번호 110111-5907568; 대부금융협회 회원번호 A04243 (https://www.clfa.or.kr/member/list 2026-09-18)
loan_fss2678,리솜에이엠씨대부,대부,리솜에이엠씨대부|주식회사 리솜에이엠씨대부,"https://fines.fss.or.kr/fines/plis/moneyLenderSearch/MoneyLenderSearch.getMoneyLenderList.do 2026-09-18; 등록번호 2024-금감원-2678(대부업)/2024-금감원-2678(대부중개업); 사업내용 금전대부, 채권추심/대부중개; 법인번호 110111-8812681; 대부금융협회 회원번호 A04249 (https://www.clfa.or.kr/member/list 2026-09-18)"
loan_fss2679,시우세레머니대부,대부,시우세레머니대부|주식회사 시우세레머니대부,https://fines.fss.or.kr/fines/plis/moneyLenderSearch/MoneyLenderSearch.getMoneyLenderList.do 2026-09-18; 등록번호 2024-금감원-2679(대부업); 사업내용 채권추심; 법인번호 110111-8745626; 대부금융협회 회원번호 A04251 (https://www.clfa.or.kr/member/list 2026-09-18)
loan_fss2680,코카디앤아이,대부,코카디앤아이|코카디앤아이 주식회사,"https://fines.fss.or.kr/fines/plis/moneyLenderSearch/MoneyLenderSearch.getMoneyLenderList.do 2026-09-18; 등록번호 2024-금감원-2680(대부업)/2024-금감원-2680(대부중개업); 사업내용 금전대부, 채권추심/대부중개; 법인번호 110111-1137177; 대부금융협회 회원번호 A04248 (https://www.clfa.or.kr/member/list 2026-09-18)"
loan_fss2681,포렉스터치대부,대부,포렉스터치대부|주식회사 포렉스터치대부,"https://fines.fss.or.kr/fines/plis/moneyLenderSearch/MoneyLenderSearch.getMoneyLenderList.do 2026-09-18; 등록번호 2024-금감원-2681(대부업)/2024-금감원-2681(대부중개업); 사업내용 금전대부, 채권추심/대부중개; 법인번호 110111-1655129; 대부금융협회 회원번호 A04253 (https://www.clfa.or.kr/member/list 2026-09-18)"
loan_fss2682,리오대부,대부,리오대부|주식회사 리오대부,"https://fines.fss.or.kr/fines/plis/moneyLenderSearch/MoneyLenderSearch.getMoneyLenderList.do 2026-09-18; 등록번호 2024-금감원-2682(대부업)/2024-금감원-2682(대부중개업); 사업내용 금전대부, 채권추심/대부중개; 법인번호 124411-0380155; 대부금융협회 회원번호 A04254 (https://www.clfa.or.kr/member/list 2026-09-18)"
loan_fss2683,하나엔피엘대부,대부,하나엔피엘대부|주식회사 하나엔피엘대부,https://fines.fss.or.kr/fines/plis/moneyLenderSearch/MoneyLenderSearch.getMoneyLenderList.do 2026-09-18; 등록번호 2024-금감원-2683(대부업); 사업내용 채권추심; 법인번호 110111-8836409; 대부금융협회 회원번호 A04255 (https://www.clfa.or.kr/member/list 2026-09-18)
loan_fss2684,일우파이낸스대부,대부,일우파이낸스대부|주식회사 일우파이낸스대부,https://fines.fss.or.kr/fines/plis/moneyLenderSearch/MoneyLenderSearch.getMoneyLenderList.do 2026-09-18; 등록번호 2024-금감원-2684(대부업)/2024-금감원-2684(대부중개업); 사업내용 대부중개/채권추심; 법인번호 180111-1535533; 대부금융협회 회원번호 A04256 (https://www.clfa.or.kr/member/list 2026-09-18)
loan_fss2685,기연대부,대부,기연대부|주식회사 기연대부,"https://fines.fss.or.kr/fines/plis/moneyLenderSearch/MoneyLenderSearch.getMoneyLenderList.do 2026-09-18; 등록번호 2024-금감원-2685(대부업)/2024-금감원-2685(대부중개업); 사업내용 금전대부, 채권추심/대부중개; 법인번호 131111-0722685; 대부금융협회 회원번호 A04257 (https://www.clfa.or.kr/member/list 2026-09-18)"
loan_fss2686,브릭자산관리대부,대부,브릭자산관리대부|브릭자산관리대부 주식회사,"https://fines.fss.or.kr/fines/plis/moneyLenderSearch/MoneyLenderSearch.getMoneyLenderList.do 2026-09-18; 등록번호 2024-금감원-2686(대부업); 사업내용 금전대부, 채권추심; 법인번호 284111-0418933; 대부금융협회 회원번호 A03725 (https://www.clfa.or.kr/member/list 2026-09-18)"
loan_fss2687,미소플러스대부,대부,미소플러스대부|주식회사 미소플러스대부,https://fines.fss.or.kr/fines/plis/moneyLenderSearch/MoneyLenderSearch.getMoneyLenderList.do 2026-09-18; 등록번호 2024-금감원-2687(대부업); 사업내용 채권추심; 법인번호 124411-0369034; 대부금융협회 회원번호 A04260 (https://www.clfa.or.kr/member/list 2026-09-18)
loan_fss2688,에스지인베스트먼트대부,대부,에스지인베스트먼트대부|주식회사 에스지인베스트먼트대부,"https://fines.fss.or.kr/fines/plis/moneyLenderSearch/MoneyLenderSearch.getMoneyLenderList.do 2026-09-18; 등록번호 2024-금감원-2688(대부업)/2024-금감원-2688(대부중개업); 사업내용 금전대부, 채권추심/대부중개; 법인번호 194211-0376972; 대부금융협회 회원번호 A04264 (https://www.clfa.or.kr/member/list 2026-09-18)"
loan_fss2689,제주엔피엘대부자산관리,대부,제주엔피엘대부자산관리|주식회사 제주엔피엘대부자산관리,https://fines.fss.or.kr/fines/plis/moneyLenderSearch/MoneyLenderSearch.getMoneyLenderList.do 2026-09-18; 등록번호 2024-금감원-2689(대부업)/2024-금감원-2689(대부중개업); 사업내용 대부중개/채권추심; 법인번호 220111-0262807; 대부금융협회 회원번호 A04265 (https://www.clfa.or.kr/member/list 2026-09-18)
loan_fss2690,클리오네대부,대부,클리오네대부|주식회사 클리오네대부,"https://fines.fss.or.kr/fines/plis/moneyLenderSearch/MoneyLenderSearch.getMoneyLenderList.do 2026-09-18; 등록번호 2024-금감원-2690(대부업); 사업내용 금전대부, 채권추심; 법인번호 110111-8798378; 대부금융협회 회원번호 A04266 (https://www.clfa.or.kr/member/list 2026-09-18)"
loan_fss2692,지앤티자산관리대부,대부,지앤티자산관리대부|주식회사 지앤티자산관리대부,"https://fines.fss.or.kr/fines/plis/moneyLenderSearch/MoneyLenderSearch.getMoneyLenderList.do 2026-09-18; 등록번호 2024-금감원-2692(대부업)/2024-금감원-2692(대부중개업); 사업내용 금전대부, 채권추심/대부중개; 법인번호 120111-1357161; 대부금융협회 회원번호 A04268 (https://www.clfa.or.kr/member/list 2026-09-18)"
loan_fss2693,대야자산관리대부,대부,대야자산관리대부|대야자산관리대부 주식회사,"https://fines.fss.or.kr/fines/plis/moneyLenderSearch/MoneyLenderSearch.getMoneyLenderList.do 2026-09-18; 등록번호 2024-금감원-2693(대부업)/2024-금감원-2693(대부중개업); 사업내용 금전대부, 채권추심/대부중개; 법인번호 200111-0713888; 대부금융협회 회원번호 A04273 (https://www.clfa.or.kr/member/list 2026-09-18)"
loan_fss2694,대하자산관리대부,대부,대하자산관리대부|주식회사 대하자산관리대부,https://fines.fss.or.kr/fines/plis/moneyLenderSearch/MoneyLenderSearch.getMoneyLenderList.do 2026-09-18; 등록번호 2024-금감원-2694(대부업); 사업내용 채권추심; 법인번호 180111-1383114; 대부금융협회 회원번호 A04274 (https://www.clfa.or.kr/member/list 2026-09-18)
loan_fss2695,케이와이파트너스대부,대부,케이와이파트너스대부|케이와이파트너스대부 주식회사,https://fines.fss.or.kr/fines/plis/moneyLenderSearch/MoneyLenderSearch.getMoneyLenderList.do 2026-09-18; 등록번호 2024-금감원-2695(대부업); 사업내용 채권추심; 법인번호 110111-6668242; 대부금융협회 회원번호 A04275 (https://www.clfa.or.kr/member/list 2026-09-18)
loan_fss2696,케이씨유엔피엘대부,대부,케이씨유엔피엘대부|케이씨유엔피엘대부 주식회사,https://fines.fss.or.kr/fines/plis/moneyLenderSearch/MoneyLenderSearch.getMoneyLenderList.do 2026-09-18; 등록번호 2024-금감원-2696(대부업); 사업내용 채권추심; 법인번호 160111-0689517; 대부금융협회 회원번호 A04314 (https://www.clfa.or.kr/member/list 2026-09-18)
loan_fss2697,알곡대부,대부,알곡대부|주식회사 알곡대부,"https://fines.fss.or.kr/fines/plis/moneyLenderSearch/MoneyLenderSearch.getMoneyLenderList.do 2026-09-18; 등록번호 2024-금감원-2697(대부업)/2024-금감원-2697(대부중개업); 사업내용 금전대부, 채권추심/대부중개; 법인번호 201111-0073736; 대부금융협회 회원번호 A04313 (https://www.clfa.or.kr/member/list 2026-09-18)"
loan_fss2698,에이사에이엠씨대부,대부,에이사에이엠씨대부|주식회사 에이사에이엠씨대부,https://fines.fss.or.kr/fines/plis/moneyLenderSearch/MoneyLenderSearch.getMoneyLenderList.do 2026-09-18; 등록번호 2024-금감원-2698(대부업); 사업내용 채권추심; 법인번호 110111-8850110; 대부금융협회 회원번호 A04315 (https://www.clfa.or.kr/member/list 2026-09-18)
loan_fss2699,애플에셋대부,대부,애플에셋대부|주식회사 애플에셋대부,"https://fines.fss.or.kr/fines/plis/moneyLenderSearch/MoneyLenderSearch.getMoneyLenderList.do 2026-09-18; 등록번호 2024-금감원-2699(대부업)/2024-금감원-2699(대부중개업); 사업내용 금전대부, 채권추심/대부중개; 법인번호 110111-7963021; 대부금융협회 회원번호 A04318 (https://www.clfa.or.kr/member/list 2026-09-18)"
loan_fss2700,원앤온리엔피엘대부,대부,원앤온리엔피엘대부|주식회사 원앤온리엔피엘대부,"https://fines.fss.or.kr/fines/plis/moneyLenderSearch/MoneyLenderSearch.getMoneyLenderList.do 2026-09-18; 등록번호 2024-금감원-2700(대부업)/2024-금감원-2700(대부중개업); 사업내용 금전대부, 채권추심/대부중개; 법인번호 110111-8851887; 대부금융협회 회원번호 A04321 (https://www.clfa.or.kr/member/list 2026-09-18)"
loan_fss2701,넘버스자산대부,대부,넘버스자산대부|넘버스자산대부 주식회사,"https://fines.fss.or.kr/fines/plis/moneyLenderSearch/MoneyLenderSearch.getMoneyLenderList.do 2026-09-18; 등록번호 2024-금감원-2701(대부업)/2024-금감원-2701(대부중개업); 사업내용 금전대부, 채권추심/대부중개; 법인번호 134811-0769804; 대부금융협회 회원번호 A04324 (https://www.clfa.or.kr/member/list 2026-09-18)"
loan_fss2702,디와이대부,대부,디와이대부|디와이대부 주식회사,"https://fines.fss.or.kr/fines/plis/moneyLenderSearch/MoneyLenderSearch.getMoneyLenderList.do 2026-09-18; 등록번호 2024-금감원-2702(대부업)/2024-금감원-2702(대부중개업); 사업내용 금전대부, 채권추심/대부중개; 법인번호 110111-8850764; 대부금융협회 회원번호 A04323 (https://www.clfa.or.kr/member/list 2026-09-18)"
loan_fss2703,유니시스플래닛대부,대부,유니시스플래닛대부|주식회사 유니시스플래닛대부,"https://fines.fss.or.kr/fines/plis/moneyLenderSearch/MoneyLenderSearch.getMoneyLenderList.do 2026-09-18; 등록번호 2024-금감원-2703(대부업)/2024-금감원-2703(대부중개업); 사업내용 금전대부, 채권추심/대부중개; 법인번호 131311-0317490; 대부금융협회 회원번호 A04330 (https://www.clfa.or.kr/member/list 2026-09-18)"
loan_fss2704,지에이엔피엘대부,대부,지에이엔피엘대부|주식회사 지에이엔피엘대부,"https://fines.fss.or.kr/fines/plis/moneyLenderSearch/MoneyLenderSearch.getMoneyLenderList.do 2026-09-18; 등록번호 2024-금감원-2704(대부업)/2024-금감원-2704(대부중개업); 사업내용 금전대부, 채권추심/대부중개; 법인번호 110111-8753843; 대부금융협회 회원번호 A04335 (https://www.clfa.or.kr/member/list 2026-09-18)"
loan_fss2705,플러스자산관리대부,대부,플러스자산관리대부|주식회사 플러스자산관리대부,https://fines.fss.or.kr/fines/plis/moneyLenderSearch/MoneyLenderSearch.getMoneyLenderList.do 2026-09-18; 등록번호 2024-금감원-2705(대부업); 사업내용 채권추심; 법인번호 110111-4717950; 대부금융협회 회원번호 A01978 (https://www.clfa.or.kr/member/list 2026-09-18)
loan_fss2706,엘제이파이낸셜대부,대부,엘제이파이낸셜대부|주식회사 엘제이파이낸셜대부,"https://fines.fss.or.kr/fines/plis/moneyLenderSearch/MoneyLenderSearch.getMoneyLenderList.do 2026-09-18; 등록번호 2024-금감원-2706(대부업); 사업내용 금전대부, 채권추심; 법인번호 220111-0255969; 대부금융협회 회원번호 A04339 (https://www.clfa.or.kr/member/list 2026-09-18)"
loan_fss2707,가온길대부,대부,가온길대부|주식회사 가온길대부,"https://fines.fss.or.kr/fines/plis/moneyLenderSearch/MoneyLenderSearch.getMoneyLenderList.do 2026-09-18; 등록번호 2024-금감원-2707(대부업)/2024-금감원-2707(대부중개업); 사업내용 금전대부, 채권추심/대부중개; 법인번호 110111-6714277; 대부금융협회 회원번호 A04345 (https://www.clfa.or.kr/member/list 2026-09-18)"
loan_fss2709,에스지아이파트너스,대부,에스지아이파트너스|(주)에스지아이파트너스,"https://fines.fss.or.kr/fines/plis/moneyLenderSearch/MoneyLenderSearch.getMoneyLenderList.do 2026-09-18; 등록번호 2024-금감원-2709(대부업)/2024-금감원-2709(대부중개업); 사업내용 금전대부, 채권추심/대부중개; 법인번호 120111-1067661; 대부금융협회 회원번호 A03901 (https://www.clfa.or.kr/member/list 2026-09-18)"
loan_fss2710,모과운영대부,대부,모과운영대부|모과운영대부 주식회사,"https://fines.fss.or.kr/fines/plis/moneyLenderSearch/MoneyLenderSearch.getMoneyLenderList.do 2026-09-18; 등록번호 2024-금감원-2710(대부업)/2024-금감원-2710(대부중개업); 사업내용 금전대부, 채권추심/대부중개; 법인번호 110111-8855178; 대부금융협회 회원번호 A04353 (https://www.clfa.or.kr/member/list 2026-09-18)"
loan_fss2711,에스비케이대부,대부,에스비케이대부|주식회사 에스비케이대부,"https://fines.fss.or.kr/fines/plis/moneyLenderSearch/MoneyLenderSearch.getMoneyLenderList.do 2026-09-18; 등록번호 2024-금감원-2711(대부업)/2024-금감원-2711(대부중개업); 사업내용 금전대부, 채권추심/대부중개; 법인번호 164611-0009638; 대부금융협회 회원번호 A04355 (https://www.clfa.or.kr/member/list 2026-09-18)"
loan_fss2712,도화금융대부,대부,도화금융대부|도화금융대부 주식회사,"https://fines.fss.or.kr/fines/plis/moneyLenderSearch/MoneyLenderSearch.getMoneyLenderList.do 2026-09-18; 등록번호 2024-금감원-2712(대부업)/2024-금감원-2712(대부중개업); 사업내용 금전대부, 채권추심/대부중개; 법인번호 124411-0374223; 대부금융협회 회원번호 A04364 (https://www.clfa.or.kr/member/list 2026-09-18)"
loan_fss2713,씨앤씨홀딩스대부,대부,씨앤씨홀딩스대부|주식회사 씨앤씨홀딩스대부,"https://fines.fss.or.kr/fines/plis/moneyLenderSearch/MoneyLenderSearch.getMoneyLenderList.do 2026-09-18; 등록번호 2024-금감원-2713(대부업)/2024-금감원-2713(대부중개업); 사업내용 금전대부, 채권추심/대부중개; 법인번호 210111-0194193; 대부금융협회 회원번호 A04369 (https://www.clfa.or.kr/member/list 2026-09-18)"
loan_fss2714,엠플레넷자산대부,대부,엠플레넷자산대부|(주)엠플레넷자산대부,"https://fines.fss.or.kr/fines/plis/moneyLenderSearch/MoneyLenderSearch.getMoneyLenderList.do 2026-09-18; 등록번호 2024-금감원-2714(대부업)/2024-금감원-2714(대부중개업); 사업내용 금전대부, 채권추심/대부중개; 법인번호 110111-8870895; 대부금융협회 회원번호 A04370 (https://www.clfa.or.kr/member/list 2026-09-18)"
loan_fss2715,오성자산대부관리,대부,오성자산대부관리|오성자산대부관리 주식회사,"https://fines.fss.or.kr/fines/plis/moneyLenderSearch/MoneyLenderSearch.getMoneyLenderList.do 2026-09-18; 등록번호 2024-금감원-2715(대부업)/2024-금감원-2715(대부중개업); 사업내용 금전대부, 채권추심/대부중개; 법인번호 134111-0654546; 대부금융협회 회원번호 A04371 (https://www.clfa.or.kr/member/list 2026-09-18)"
loan_fss2716,파인부동산대부,대부,파인부동산대부|주식회사 파인부동산대부,"https://fines.fss.or.kr/fines/plis/moneyLenderSearch/MoneyLenderSearch.getMoneyLenderList.do 2026-09-18; 등록번호 2024-금감원-2716(대부업)/2024-금감원-2716(대부중개업); 사업내용 금전대부, 채권추심/대부중개; 법인번호 180111-1535088; 대부금융협회 회원번호 A04374 (https://www.clfa.or.kr/member/list 2026-09-18)"
loan_fss2717,우리치대부,대부,우리치대부|우리치대부 주식회사,"https://fines.fss.or.kr/fines/plis/moneyLenderSearch/MoneyLenderSearch.getMoneyLenderList.do 2026-09-18; 등록번호 2024-금감원-2717(대부업)/2024-금감원-2717(대부중개업); 사업내용 금전대부, 채권추심/대부중개; 법인번호 284111-0437769; 대부금융협회 회원번호 A04375 (https://www.clfa.or.kr/member/list 2026-09-18)"
loan_fss2718,라이징자산관리대부,대부,라이징자산관리대부|주식회사 라이징자산관리대부,"https://fines.fss.or.kr/fines/plis/moneyLenderSearch/MoneyLenderSearch.getMoneyLenderList.do 2026-09-18; 등록번호 2024-금감원-2718(대부업)/2024-금감원-2718(대부중개업); 사업내용 금전대부, 채권추심/대부중개; 법인번호 284111-0440879; 대부금융협회 회원번호 A04376 (https://www.clfa.or.kr/member/list 2026-09-18)"
loan_fss2719,루카자산관리대부,대부,루카자산관리대부|주식회사 루카자산관리대부,"https://fines.fss.or.kr/fines/plis/moneyLenderSearch/MoneyLenderSearch.getMoneyLenderList.do 2026-09-18; 등록번호 2024-금감원-2719(대부업)/2024-금감원-2719(대부중개업); 사업내용 금전대부, 채권추심/대부중개; 법인번호 110111-8899697; 대부금융협회 회원번호 A04380 (https://www.clfa.or.kr/member/list 2026-09-18)"
loan_fss2720,피엠지에셋대부,대부,피엠지에셋대부|피엠지에셋대부 유한회사,https://fines.fss.or.kr/fines/plis/moneyLenderSearch/MoneyLenderSearch.getMoneyLenderList.do 2026-09-18; 등록번호 2024-금감원-2720(대부업); 사업내용 채권추심; 법인번호 120114-0021927; 대부금융협회 회원번호 A04386 (https://www.clfa.or.kr/member/list 2026-09-18)
loan_fss2721,케이앤엘엔피엘대부,대부,케이앤엘엔피엘대부|케이앤엘엔피엘대부 주식회사,"https://fines.fss.or.kr/fines/plis/moneyLenderSearch/MoneyLenderSearch.getMoneyLenderList.do 2026-09-18; 등록번호 2024-금감원-2721(대부업)/2024-금감원-2721(대부중개업); 사업내용 금전대부, 채권추심/대부중개; 법인번호 134811-0629636; 대부금융협회 회원번호 A04393 (https://www.clfa.or.kr/member/list 2026-09-18)"
loan_fss2722,세운자산관리대부금융,대부,세운자산관리대부금융|주식회사 세운자산관리대부금융,https://fines.fss.or.kr/fines/plis/moneyLenderSearch/MoneyLenderSearch.getMoneyLenderList.do 2026-09-18; 등록번호 2024-금감원-2722(대부업)/2024-금감원-2722(대부중개업); 사업내용 대부중개/채권추심; 법인번호 110111-8848660; 대부금융협회 회원번호 A04394 (https://www.clfa.or.kr/member/list 2026-09-18)
loan_fss2723,세명대부,대부,세명대부|주식회사 세명대부,"https://fines.fss.or.kr/fines/plis/moneyLenderSearch/MoneyLenderSearch.getMoneyLenderList.do 2026-09-18; 등록번호 2024-금감원-2723(대부업)/2024-금감원-2723(대부중개업); 사업내용 금전대부, 채권추심/대부중개; 법인번호 134811-0788482; 대부금융협회 회원번호 A04396 (https://www.clfa.or.kr/member/list 2026-09-18)"
loan_fss2724,케이에셋대부,대부,케이에셋대부|케이에셋대부 주식회사,"https://fines.fss.or.kr/fines/plis/moneyLenderSearch/MoneyLenderSearch.getMoneyLenderList.do 2026-09-18; 등록번호 2024-금감원-2724(대부업)/2024-금감원-2724(대부중개업); 사업내용 금전대부, 채권추심/대부중개; 법인번호 135711-0229304; 대부금융협회 회원번호 A04397 (https://www.clfa.or.kr/member/list 2026-09-18)"
loan_fss2725,라온피플대부,대부,라온피플대부|주식회사 라온피플대부,"https://fines.fss.or.kr/fines/plis/moneyLenderSearch/MoneyLenderSearch.getMoneyLenderList.do 2026-09-18; 등록번호 2024-금감원-2725(대부업)/2024-금감원-2725(대부중개업); 사업내용 금전대부, 채권추심/대부중개; 법인번호 170111-0945701; 대부금융협회 회원번호 A04407 (https://www.clfa.or.kr/member/list 2026-09-18)"
loan_fss2726,어반파이낸스대부,대부,어반파이낸스대부|주식회사 어반파이낸스대부,"https://fines.fss.or.kr/fines/plis/moneyLenderSearch/MoneyLenderSearch.getMoneyLenderList.do 2026-09-18; 등록번호 2024-금감원-2726(대부업)/2024-금감원-2726(대부중개업); 사업내용 금전대부, 채권추심/대부중개; 법인번호 121111-0465625; 대부금융협회 회원번호 A04408 (https://www.clfa.or.kr/member/list 2026-09-18)"
loan_fss2727,내일과미래대부,대부,내일과미래대부|주식회사 내일과미래대부,https://fines.fss.or.kr/fines/plis/moneyLenderSearch/MoneyLenderSearch.getMoneyLenderList.do 2026-09-18; 등록번호 2024-금감원-2727(대부업); 사업내용 채권추심; 법인번호 110111-5632389; 대부금융협회 회원번호 A04413 (https://www.clfa.or.kr/member/list 2026-09-18)
loan_fss2728,자성엔피엘대부,대부,자성엔피엘대부|주식회사 자성엔피엘대부,"https://fines.fss.or.kr/fines/plis/moneyLenderSearch/MoneyLenderSearch.getMoneyLenderList.do 2026-09-18; 등록번호 2024-금감원-2728(대부업)/2024-금감원-2728(대부중개업); 사업내용 금전대부, 채권추심/대부중개; 법인번호 134211-0293805; 대부금융협회 회원번호 A04429 (https://www.clfa.or.kr/member/list 2026-09-18)"
loan_fss2729,빅리치에이엠씨대부,대부,빅리치에이엠씨대부|주식회사 빅리치에이엠씨대부,"https://fines.fss.or.kr/fines/plis/moneyLenderSearch/MoneyLenderSearch.getMoneyLenderList.do 2026-09-18; 등록번호 2024-금감원-2729(대부업); 사업내용 금전대부, 채권추심; 법인번호 110111-4974013; 대부금융협회 회원번호 A04427 (https://www.clfa.or.kr/member/list 2026-09-18)"
loan_fss2730,토큰엔피엘대부,대부,토큰엔피엘대부|토큰엔피엘대부 주식회사,https://fines.fss.or.kr/fines/plis/moneyLenderSearch/MoneyLenderSearch.getMoneyLenderList.do 2026-09-18; 등록번호 2024-금감원-2730(대부업); 사업내용 채권추심; 법인번호 110111-8890570; 대부금융협회 회원번호 A04428 (https://www.clfa.or.kr/member/list 2026-09-18)
loan_fss2732,민파트너스대부,대부,민파트너스대부|주식회사 민파트너스대부,"https://fines.fss.or.kr/fines/plis/moneyLenderSearch/MoneyLenderSearch.getMoneyLenderList.do 2026-09-18; 등록번호 2024-금감원-2732(대부업); 사업내용 금전대부, 채권추심; 법인번호 131411-0575575; 대부금융협회 회원번호 A04438 (https://www.clfa.or.kr/member/list 2026-09-18)"
loan_fss2733,에스엘비자산관리대부,대부,에스엘비자산관리대부|에스엘비자산관리대부 주식회사,"https://fines.fss.or.kr/fines/plis/moneyLenderSearch/MoneyLenderSearch.getMoneyLenderList.do 2026-09-18; 등록번호 2024-금감원-2733(대부업)/2024-금감원-2733(대부중개업); 사업내용 금전대부, 채권추심/대부중개; 법인번호 164711-0142890; 대부금융협회 회원번호 A04437 (https://www.clfa.or.kr/member/list 2026-09-18)"
loan_fss2734,미라클엔피엘대부,대부,미라클엔피엘대부|주식회사 미라클엔피엘대부,"https://fines.fss.or.kr/fines/plis/moneyLenderSearch/MoneyLenderSearch.getMoneyLenderList.do 2026-09-18; 등록번호 2024-금감원-2734(대부업)/2024-금감원-2734(대부중개업); 사업내용 금전대부, 채권추심/대부중개; 법인번호 230111-0406164; 대부금융협회 회원번호 A04439 (https://www.clfa.or.kr/member/list 2026-09-18)"
loan_fss2735,에이치원대부,대부,에이치원대부|에이치원대부 주식회사,"https://fines.fss.or.kr/fines/plis/moneyLenderSearch/MoneyLenderSearch.getMoneyLenderList.do 2026-09-18; 등록번호 2024-금감원-2735(대부업)/2024-금감원-2735(대부중개업); 사업내용 금전대부, 채권추심/대부중개; 법인번호 230111-0271161; 대부금융협회 회원번호 A04449 (https://www.clfa.or.kr/member/list 2026-09-18)"
loan_fss2736,다온대부솔루션,대부,다온대부솔루션|주식회사 다온대부솔루션,"https://fines.fss.or.kr/fines/plis/moneyLenderSearch/MoneyLenderSearch.getMoneyLenderList.do 2026-09-18; 등록번호 2024-금감원-2736(대부업)/2024-금감원-2736(대부중개업); 사업내용 금전대부, 채권추심/대부중개; 법인번호 131111-0731917; 대부금융협회 회원번호 A04448 (https://www.clfa.or.kr/member/list 2026-09-18)"
loan_fss2737,엠앤에스파트너스대부,대부,엠앤에스파트너스대부|주식회사 엠앤에스파트너스대부,"https://fines.fss.or.kr/fines/plis/moneyLenderSearch/MoneyLenderSearch.getMoneyLenderList.do 2026-09-18; 등록번호 2024-금감원-2737(대부업)/2024-금감원-2737(대부중개업); 사업내용 금전대부, 채권추심/대부중개; 법인번호 200111-0717880; 대부금융협회 회원번호 A04454 (https://www.clfa.or.kr/member/list 2026-09-18)"
loan_fss2738,나우자산관리대부,대부,나우자산관리대부|주식회사 나우자산관리대부,"https://fines.fss.or.kr/fines/plis/moneyLenderSearch/MoneyLenderSearch.getMoneyLenderList.do 2026-09-18; 등록번호 2024-금감원-2738(대부업)/2024-금감원-2738(대부중개업); 사업내용 금전대부, 채권추심/대부중개; 법인번호 131411-0578545; 대부금융협회 회원번호 A04456 (https://www.clfa.or.kr/member/list 2026-09-18)"
loan_fss2739,옴니홀딩스대부,대부,옴니홀딩스대부|주식회사 옴니홀딩스대부,https://fines.fss.or.kr/fines/plis/moneyLenderSearch/MoneyLenderSearch.getMoneyLenderList.do 2026-09-18; 등록번호 2024-금감원-2739(대부업); 사업내용 채권추심; 법인번호 110111-6057693; 대부금융협회 회원번호 A04455 (https://www.clfa.or.kr/member/list 2026-09-18)
loan_fss2741,비케이원자산관리대부,대부,비케이원자산관리대부|주식회사 비케이원자산관리대부,"https://fines.fss.or.kr/fines/plis/moneyLenderSearch/MoneyLenderSearch.getMoneyLenderList.do 2026-09-18; 등록번호 2024-금감원-2741(대부업)/2024-금감원-2741(대부중개업); 사업내용 금전대부, 채권추심/대부중개; 법인번호 200111-0720023; 대부금융협회 회원번호 A04461 (https://www.clfa.or.kr/member/list 2026-09-18)"
loan_fss2742,다온자산관리대부,대부,다온자산관리대부|주식회사 다온자산관리대부,"https://fines.fss.or.kr/fines/plis/moneyLenderSearch/MoneyLenderSearch.getMoneyLenderList.do 2026-09-18; 등록번호 2024-금감원-2742(대부업); 사업내용 금전대부, 채권추심; 법인번호 134811-0791617; 대부금융협회 회원번호 A04465 (https://www.clfa.or.kr/member/list 2026-09-18)"
loan_fss2743,분당자산관리대부,대부,분당자산관리대부|분당자산관리대부 주식회사,https://fines.fss.or.kr/fines/plis/moneyLenderSearch/MoneyLenderSearch.getMoneyLenderList.do 2026-09-18; 등록번호 2024-금감원-2743(대부업); 사업내용 채권추심; 법인번호 131111-0727883; 대부금융협회 회원번호 A04468 (https://www.clfa.or.kr/member/list 2026-09-18)
loan_fss2744,이오에이엠씨대부,대부,이오에이엠씨대부|주식회사 이오에이엠씨대부,https://fines.fss.or.kr/fines/plis/moneyLenderSearch/MoneyLenderSearch.getMoneyLenderList.do 2026-09-18; 등록번호 2024-금감원-2744(대부업); 사업내용 채권추심; 법인번호 160111-0687248; 대부금융협회 회원번호 A04471 (https://www.clfa.or.kr/member/list 2026-09-18)
loan_fss2745,트러스트투자운용대부,대부,트러스트투자운용대부|주식회사 트러스트투자운용대부,"https://fines.fss.or.kr/fines/plis/moneyLenderSearch/MoneyLenderSearch.getMoneyLenderList.do 2026-09-18; 등록번호 2024-금감원-2745(대부업)/2024-금감원-2745(대부중개업); 사업내용 금전대부, 채권추심/대부중개; 법인번호 110111-8912754; 대부금융협회 회원번호 A04472 (https://www.clfa.or.kr/member/list 2026-09-18)"
loan_fss2746,제일미래대부,대부,제일미래대부|주식회사 제일미래대부,"https://fines.fss.or.kr/fines/plis/moneyLenderSearch/MoneyLenderSearch.getMoneyLenderList.do 2026-09-18; 등록번호 2024-금감원-2746(대부업)/2024-금감원-2746(대부중개업); 사업내용 금전대부, 채권추심/대부중개; 법인번호 161511-0342538; 대부금융협회 회원번호 A04483 (https://www.clfa.or.kr/member/list 2026-09-18)"
loan_fss2747,코리아자산관리대부,대부,코리아자산관리대부|코리아자산관리대부 주식회사,"https://fines.fss.or.kr/fines/plis/moneyLenderSearch/MoneyLenderSearch.getMoneyLenderList.do 2026-09-18; 등록번호 2024-금감원-2747(대부업)/2024-금감원-2747(대부중개업); 사업내용 금전대부, 채권추심/대부중개; 법인번호 124411-0388985; 대부금융협회 회원번호 A04480 (https://www.clfa.or.kr/member/list 2026-09-18)"
loan_fss2748,위드엔피엘대부,대부,위드엔피엘대부|위드엔피엘대부 주식회사,"https://fines.fss.or.kr/fines/plis/moneyLenderSearch/MoneyLenderSearch.getMoneyLenderList.do 2026-09-18; 등록번호 2024-금감원-2748(대부업); 사업내용 금전대부, 채권추심; 법인번호 160111-0688204; 대부금융협회 회원번호 A04479 (https://www.clfa.or.kr/member/list 2026-09-18)"
loan_fss2749,엘엠케이대부(LMKInc.),대부,엘엠케이대부(LMKInc.)|주식회사 엘엠케이대부 (LMK Inc.),"https://fines.fss.or.kr/fines/plis/moneyLenderSearch/MoneyLenderSearch.getMoneyLenderList.do 2026-09-18; 등록번호 2024-금감원-2749(대부업)/2024-금감원-2749(대부중개업); 사업내용 금전대부, 채권추심/대부중개; 법인번호 160111-0686878; 대부금융협회 회원번호 A04481 (https://www.clfa.or.kr/member/list 2026-09-18)"
loan_fss2750,이엘아이엠대부,대부,이엘아이엠대부|주식회사 이엘아이엠대부,"https://fines.fss.or.kr/fines/plis/moneyLenderSearch/MoneyLenderSearch.getMoneyLenderList.do 2026-09-18; 등록번호 2024-금감원-2750(대부업)/2024-금감원-2750(대부중개업); 사업내용 금전대부, 채권추심/대부중개; 법인번호 134511-0326717; 대부금융협회 회원번호 A04488 (https://www.clfa.or.kr/member/list 2026-09-18)"
loan_fss2751,매경대부,대부,매경대부|주식회사 매경대부,"https://fines.fss.or.kr/fines/plis/moneyLenderSearch/MoneyLenderSearch.getMoneyLenderList.do 2026-09-18; 등록번호 2024-금감원-2751(대부업)/2024-금감원-2751(대부중개업); 사업내용 금전대부, 채권추심/대부중개; 법인번호 135511-0275343; 대부금융협회 회원번호 A04487 (https://www.clfa.or.kr/member/list 2026-09-18)"
loan_fss2752,빌드머니자산관리대부,대부,빌드머니자산관리대부|주식회사 빌드머니자산관리대부,"https://fines.fss.or.kr/fines/plis/moneyLenderSearch/MoneyLenderSearch.getMoneyLenderList.do 2026-09-18; 등록번호 2024-금감원-2752(대부업)/2024-금감원-2752(대부중개업); 사업내용 금전대부, 채권추심/대부중개; 법인번호 160111-0679899; 대부금융협회 회원번호 A04498 (https://www.clfa.or.kr/member/list 2026-09-18)"
loan_fss2753,윤후자산관리대부,대부,윤후자산관리대부|주식회사 윤후자산관리대부,"https://fines.fss.or.kr/fines/plis/moneyLenderSearch/MoneyLenderSearch.getMoneyLenderList.do 2026-09-18; 등록번호 2024-금감원-2753(대부업)/2024-금감원-2753(대부중개업); 사업내용 금전대부, 채권추심/대부중개; 법인번호 110111-8909785; 대부금융협회 회원번호 A04500 (https://www.clfa.or.kr/member/list 2026-09-18)"
loan_fss2754,별빛자산관리대부,대부,별빛자산관리대부|별빛자산관리대부 주식회사,"https://fines.fss.or.kr/fines/plis/moneyLenderSearch/MoneyLenderSearch.getMoneyLenderList.do 2026-09-18; 등록번호 2024-금감원-2754(대부업); 사업내용 금전대부, 채권추심; 법인번호 110111-8962551; 대부금융협회 회원번호 A04497 (https://www.clfa.or.kr/member/list 2026-09-18)"
loan_fss2755,세빅대부,대부,세빅대부|주식회사 세빅대부,"https://fines.fss.or.kr/fines/plis/moneyLenderSearch/MoneyLenderSearch.getMoneyLenderList.do 2026-09-18; 등록번호 2024-금감원-2755(대부업)/2024-금감원-2755(대부중개업); 사업내용 금전대부, 채권추심/대부중개; 법인번호 131111-0737311; 대부금융협회 회원번호 A04496 (https://www.clfa.or.kr/member/list 2026-09-18)"
loan_fss2756,씨드자산관리대부,대부,씨드자산관리대부|주식회사 씨드자산관리대부,"https://fines.fss.or.kr/fines/plis/moneyLenderSearch/MoneyLenderSearch.getMoneyLenderList.do 2026-09-18; 등록번호 2024-금감원-2756(대부업); 사업내용 금전대부, 채권추심; 법인번호 110111-8880646; 대부금융협회 회원번호 A04126 (https://www.clfa.or.kr/member/list 2026-09-18)"
loan_fss2757,오션자산관리대부,대부,오션자산관리대부|(유)오션자산관리대부,"https://fines.fss.or.kr/fines/plis/moneyLenderSearch/MoneyLenderSearch.getMoneyLenderList.do 2026-09-18; 등록번호 2025-금감원-2757(대부업); 사업내용 금전대부, 채권추심; 법인번호 150114-0010544; 대부금융협회 회원번호 A04519 (https://www.clfa.or.kr/member/list 2026-09-18)"
loan_fss2758,제이앤제이투자대부,대부,제이앤제이투자대부|(주)제이앤제이투자대부,"https://fines.fss.or.kr/fines/plis/moneyLenderSearch/MoneyLenderSearch.getMoneyLenderList.do 2026-09-18; 등록번호 2025-금감원-2758(대부업); 사업내용 금전대부, 채권추심; 법인번호 110111-8901385; 대부금융협회 회원번호 A04520 (https://www.clfa.or.kr/member/list 2026-09-18)"
loan_fss2759,분당대부,대부,분당대부|분당대부 주식회사,"https://fines.fss.or.kr/fines/plis/moneyLenderSearch/MoneyLenderSearch.getMoneyLenderList.do 2026-09-18; 등록번호 2025-금감원-2759(대부업)/2025-금감원-2759(대부중개업); 사업내용 금전대부, 채권추심/대부중개; 법인번호 134211-0296172; 대부금융협회 회원번호 A04521 (https://www.clfa.or.kr/member/list 2026-09-18)"
loan_fss2760,케이비핀테크,대부중개,케이비핀테크|케이비핀테크 주식회사(KBFintech Inc.),https://fines.fss.or.kr/fines/plis/moneyLenderSearch/MoneyLenderSearch.getMoneyLenderList.do 2026-09-18; 등록번호 2025-금감원-2760(대부중개업); 사업내용 대부중개; 법인번호 110111-6680303; 대부금융협회 회원번호 C00172 (https://www.clfa.or.kr/member/list 2026-09-18)
loan_fss2761,코릭스에프앤아이대부,대부,코릭스에프앤아이대부|코릭스에프앤아이대부(주),https://fines.fss.or.kr/fines/plis/moneyLenderSearch/MoneyLenderSearch.getMoneyLenderList.do 2026-09-18; 등록번호 2025-금감원-2761(대부업); 사업내용 채권추심; 법인번호 110111-8934972; 대부금융협회 회원번호 A04530 (https://www.clfa.or.kr/member/list 2026-09-18)
loan_fss2762,에이치와이엠대부,대부,에이치와이엠대부|(주)에이치와이엠대부,"https://fines.fss.or.kr/fines/plis/moneyLenderSearch/MoneyLenderSearch.getMoneyLenderList.do 2026-09-18; 등록번호 2025-금감원-2762(대부업)/2025-금감원-2762(대부중개업); 사업내용 금전대부, 채권추심/대부중개; 법인번호 131111-0736199; 대부금융협회 회원번호 A04534 (https://www.clfa.or.kr/member/list 2026-09-18)"
loan_fss2763,에스디자산관리대부,대부,에스디자산관리대부|주식회사 에스디자산관리대부,"https://fines.fss.or.kr/fines/plis/moneyLenderSearch/MoneyLenderSearch.getMoneyLenderList.do 2026-09-18; 등록번호 2025-금감원-2763(대부업)/2025-금감원-2763(대부중개업); 사업내용 금전대부, 채권추심/대부중개; 법인번호 150111-0365367; 대부금융협회 회원번호 A04546 (https://www.clfa.or.kr/member/list 2026-09-18)"
loan_fss2764,정플대부법인,대부,정플대부법인|정플대부법인 주식회사,https://fines.fss.or.kr/fines/plis/moneyLenderSearch/MoneyLenderSearch.getMoneyLenderList.do 2026-09-18; 등록번호 2025-금감원-2764(대부업)/2025-금감원-2764(대부중개업); 사업내용 대부중개/채권추심; 법인번호 160111-0689195; 대부금융협회 회원번호 A04549 (https://www.clfa.or.kr/member/list 2026-09-18)
loan_fss2765,신일자산관리대부,대부,신일자산관리대부|신일자산관리대부 주식회사,https://fines.fss.or.kr/fines/plis/moneyLenderSearch/MoneyLenderSearch.getMoneyLenderList.do 2026-09-18; 등록번호 2025-금감원-2765(대부업); 사업내용 채권추심; 법인번호 230111-0411824; 대부금융협회 회원번호 A04555 (https://www.clfa.or.kr/member/list 2026-09-18)
loan_fss2766,삼성에프앤아이대부,대부,삼성에프앤아이대부|삼성에프앤아이대부 유한회사,"https://fines.fss.or.kr/fines/plis/moneyLenderSearch/MoneyLenderSearch.getMoneyLenderList.do 2026-09-18; 등록번호 2025-금감원-2766(대부업)/2025-금감원-2766(대부중개업); 사업내용 금전대부, 채권추심/대부중개; 법인번호 110114-0329042; 대부금융협회 회원번호 A04554 (https://www.clfa.or.kr/member/list 2026-09-18)"
loan_fss2767,한국투자자산대부,대부,한국투자자산대부|(주)한국투자자산대부,"https://fines.fss.or.kr/fines/plis/moneyLenderSearch/MoneyLenderSearch.getMoneyLenderList.do 2026-09-18; 등록번호 2025-금감원-2767(대부업)/2025-금감원-2767(대부중개업); 사업내용 금전대부, 채권추심/대부중개; 법인번호 164711-0146313; 대부금융협회 회원번호 A04564 (https://www.clfa.or.kr/member/list 2026-09-18)"
loan_fss2768,더코리아인베스트대부,대부,더코리아인베스트대부|주식회사 더코리아인베스트대부,https://fines.fss.or.kr/fines/plis/moneyLenderSearch/MoneyLenderSearch.getMoneyLenderList.do 2026-09-18; 등록번호 2025-금감원-2768(대부업)/2025-금감원-2768(대부중개업); 사업내용 대부중개/채권추심; 법인번호 170111-0961715; 대부금융협회 회원번호 A04563 (https://www.clfa.or.kr/member/list 2026-09-18)
loan_fss2769,삼영씨앤대부,대부,삼영씨앤대부|(주)삼영씨앤대부,"https://fines.fss.or.kr/fines/plis/moneyLenderSearch/MoneyLenderSearch.getMoneyLenderList.do 2026-09-18; 등록번호 2025-금감원-2769(대부업); 사업내용 금전대부, 채권추심; 법인번호 110111-3799579; 대부금융협회 회원번호 A04571 (https://www.clfa.or.kr/member/list 2026-09-18)"
loan_fss2770,에스비와이엔피엘신의자산관리대부,대부,에스비와이엔피엘신의자산관리대부|주식회사 에스비와이엔피엘신의자산관리대부,"https://fines.fss.or.kr/fines/plis/moneyLenderSearch/MoneyLenderSearch.getMoneyLenderList.do 2026-09-18; 등록번호 2025-금감원-2770(대부업); 사업내용 금전대부, 채권추심; 법인번호 130111-1182722; 대부금융협회 회원번호 A04574 (https://www.clfa.or.kr/member/list 2026-09-18)"
loan_fss2771,제이더블유에이엠씨대부,대부,제이더블유에이엠씨대부|주식회사 제이더블유에이엠씨대부,"https://fines.fss.or.kr/fines/plis/moneyLenderSearch/MoneyLenderSearch.getMoneyLenderList.do 2026-09-18; 등록번호 2025-금감원-2771(대부업)/2025-금감원-2771(대부중개업); 사업내용 금전대부, 채권추심/대부중개; 법인번호 124411-0168775; 대부금융협회 회원번호 A04599 (https://www.clfa.or.kr/member/list 2026-09-18)"
loan_fss2772,대아자산관리대부,대부,대아자산관리대부|대아자산관리대부 주식회사,"https://fines.fss.or.kr/fines/plis/moneyLenderSearch/MoneyLenderSearch.getMoneyLenderList.do 2026-09-18; 등록번호 2025-금감원-2772(대부업)/2025-금감원-2772(대부중개업); 사업내용 금전대부, 채권추심/대부중개; 법인번호 110111-8993291; 대부금융협회 회원번호 A04586 (https://www.clfa.or.kr/member/list 2026-09-18)"
loan_fss2773,비씨엔피엘대부,대부,비씨엔피엘대부|주식회사 비씨엔피엘대부,https://fines.fss.or.kr/fines/plis/moneyLenderSearch/MoneyLenderSearch.getMoneyLenderList.do 2026-09-18; 등록번호 2025-금감원-2773(대부업); 사업내용 채권추심; 법인번호 284911-0327261; 대부금융협회 회원번호 A04589 (https://www.clfa.or.kr/member/list 2026-09-18)
loan_fss2774,지음대부,대부,지음대부|지음대부(주),"https://fines.fss.or.kr/fines/plis/moneyLenderSearch/MoneyLenderSearch.getMoneyLenderList.do 2026-09-18; 등록번호 2025-금감원-2774(대부업)/2025-금감원-2774(대부중개업); 사업내용 금전대부, 채권추심/대부중개; 법인번호 171111-0059080; 대부금융협회 회원번호 A04591 (https://www.clfa.or.kr/member/list 2026-09-18)"
loan_fss2775,아이온엔피엘대부,대부,아이온엔피엘대부|아이온엔피엘대부 주식회사,"https://fines.fss.or.kr/fines/plis/moneyLenderSearch/MoneyLenderSearch.getMoneyLenderList.do 2026-09-18; 등록번호 2025-금감원-2775(대부업)/2025-금감원-2775(대부중개업); 사업내용 금전대부, 채권추심/대부중개; 법인번호 110111-8947454; 대부금융협회 회원번호 A04595 (https://www.clfa.or.kr/member/list 2026-09-18)"
loan_fss2776,물댄동산대부,대부,물댄동산대부|주식회사 물댄동산대부,"https://fines.fss.or.kr/fines/plis/moneyLenderSearch/MoneyLenderSearch.getMoneyLenderList.do 2026-09-18; 등록번호 2025-금감원-2776(대부업)/2025-금감원-2776(대부중개업); 사업내용 금전대부, 채권추심/대부중개; 법인번호 110111-8991469; 대부금융협회 회원번호 A04601 (https://www.clfa.or.kr/member/list 2026-09-18)"
loan_fss2777,풀잎대부,대부,풀잎대부|주식회사 풀잎대부,"https://fines.fss.or.kr/fines/plis/moneyLenderSearch/MoneyLenderSearch.getMoneyLenderList.do 2026-09-18; 등록번호 2025-금감원-2777(대부업)/2025-금감원-2777(대부중개업); 사업내용 금전대부, 채권추심/대부중개; 법인번호 110111-9012735; 대부금융협회 회원번호 A04604 (https://www.clfa.or.kr/member/list 2026-09-18)"
loan_fss2778,옐로에셋대부,대부,옐로에셋대부|주식회사 옐로에셋대부,https://fines.fss.or.kr/fines/plis/moneyLenderSearch/MoneyLenderSearch.getMoneyLenderList.do 2026-09-18; 등록번호 2025-금감원-2778(대부업); 사업내용 채권추심; 법인번호 195511-0206461; 대부금융협회 회원번호 A04615 (https://www.clfa.or.kr/member/list 2026-09-18)
loan_fss2779,나이스자산관리대부,대부,나이스자산관리대부|주식회사 나이스자산관리대부,https://fines.fss.or.kr/fines/plis/moneyLenderSearch/MoneyLenderSearch.getMoneyLenderList.do 2026-09-18; 등록번호 2025-금감원-2779(대부업)/2025-금감원-2779(대부중개업); 사업내용 대부중개/채권추심; 법인번호 284511-0038874; 대부금융협회 회원번호 A04602 (https://www.clfa.or.kr/member/list 2026-09-18)
loan_fss2780,수엔피엘대부,대부,수엔피엘대부|주식회사 수엔피엘대부,https://fines.fss.or.kr/fines/plis/moneyLenderSearch/MoneyLenderSearch.getMoneyLenderList.do 2026-09-18; 등록번호 2025-금감원-2780(대부업)/2025-금감원-2780(대부중개업); 사업내용 대부중개/채권추심; 법인번호 284111-0450406; 대부금융협회 회원번호 A04605 (https://www.clfa.or.kr/member/list 2026-09-18)
loan_fss2781,수협엔피엘대부,대부,수협엔피엘대부|수협엔피엘대부 주식회사,https://fines.fss.or.kr/fines/plis/moneyLenderSearch/MoneyLenderSearch.getMoneyLenderList.do 2026-09-18; 등록번호 2025-금감원-2781(대부업); 사업내용 채권추심; 법인번호 110111-9090765; 대부금융협회 회원번호 A04596 (https://www.clfa.or.kr/member/list 2026-09-18)
loan_fss2782,태호에프앤아이대부,대부,태호에프앤아이대부|주식회사 태호에프앤아이대부,"https://fines.fss.or.kr/fines/plis/moneyLenderSearch/MoneyLenderSearch.getMoneyLenderList.do 2026-09-18; 등록번호 2025-금감원-2782(대부업)/2025-금감원-2782(대부중개업); 사업내용 금전대부, 채권추심/대부중개; 법인번호 130111-1182582; 대부금융협회 회원번호 A04600 (https://www.clfa.or.kr/member/list 2026-09-18)"
loan_fss2783,라임에셋대부,대부,라임에셋대부|주식회사 라임에셋대부,"https://fines.fss.or.kr/fines/plis/moneyLenderSearch/MoneyLenderSearch.getMoneyLenderList.do 2026-09-18; 등록번호 2025-금감원-2783(대부업)/2025-금감원-2783(대부중개업); 사업내용 금전대부, 채권추심/대부중개; 법인번호 180111-1572684; 대부금융협회 회원번호 A04603 (https://www.clfa.or.kr/member/list 2026-09-18)"
loan_fss2785,마이다스자산관리대부,대부,마이다스자산관리대부|주식회사 마이다스자산관리대부,"https://fines.fss.or.kr/fines/plis/moneyLenderSearch/MoneyLenderSearch.getMoneyLenderList.do 2026-09-18; 등록번호 2025-금감원-2785(대부업)/2025-금감원-2785(대부중개업); 사업내용 금전대부, 채권추심/대부중개; 법인번호 110111-6555415; 대부금융협회 회원번호 A04618 (https://www.clfa.or.kr/member/list 2026-09-18)"
loan_fss2786,에스비에셋대부,대부,에스비에셋대부|주식회사 에스비에셋대부,https://fines.fss.or.kr/fines/plis/moneyLenderSearch/MoneyLenderSearch.getMoneyLenderList.do 2026-09-18; 등록번호 2025-금감원-2786(대부업); 사업내용 채권추심; 법인번호 170111-0968365; 대부금융협회 회원번호 A04606 (https://www.clfa.or.kr/member/list 2026-09-18)
loan_fss2787,하이라인대부법인,대부,하이라인대부법인|주식회사 하이라인대부법인,"https://fines.fss.or.kr/fines/plis/moneyLenderSearch/MoneyLenderSearch.getMoneyLenderList.do 2026-09-18; 등록번호 2025-금감원-2787(대부업)/2025-금감원-2787(대부중개업); 사업내용 금전대부, 채권추심/대부중개; 법인번호 284111-0453377; 대부금융협회 회원번호 A04627 (https://www.clfa.or.kr/member/list 2026-09-18)"
loan_fss2788,리얼피에셋컨설팅,대부,리얼피에셋컨설팅|주식회사 리얼피에셋컨설팅,https://fines.fss.or.kr/fines/plis/moneyLenderSearch/MoneyLenderSearch.getMoneyLenderList.do 2026-09-18; 등록번호 2025-금감원-2788(대부업); 사업내용 채권추심; 법인번호 110111-5510139; 대부금융협회 회원번호 A04628 (https://www.clfa.or.kr/member/list 2026-09-18)
loan_fss2789,삼우자산관리대부,대부,삼우자산관리대부|(주)삼우자산관리대부,"https://fines.fss.or.kr/fines/plis/moneyLenderSearch/MoneyLenderSearch.getMoneyLenderList.do 2026-09-18; 등록번호 2025-금감원-2789(대부업)/2025-금감원-2789(대부중개업); 사업내용 금전대부, 채권추심/대부중개; 법인번호 110111-9032006; 대부금융협회 회원번호 A04629 (https://www.clfa.or.kr/member/list 2026-09-18)"
loan_fss2790,진천피씨,대부,진천피씨|주식회사 진천피씨,https://fines.fss.or.kr/fines/plis/moneyLenderSearch/MoneyLenderSearch.getMoneyLenderList.do 2026-09-18; 등록번호 2025-금감원-2790(대부업); 사업내용 채권추심; 법인번호 154311-0043238; 대부금융협회 회원번호 A04625 (https://www.clfa.or.kr/member/list 2026-09-18)
loan_fss2791,퍼스트투자대부,대부,퍼스트투자대부|주식회사 퍼스트투자대부,"https://fines.fss.or.kr/fines/plis/moneyLenderSearch/MoneyLenderSearch.getMoneyLenderList.do 2026-09-18; 등록번호 2025-금감원-2791(대부업)/2025-금감원-2791(대부중개업); 사업내용 금전대부, 채권추심/대부중개; 법인번호 170111-0919029; 대부금융협회 회원번호 A04626 (https://www.clfa.or.kr/member/list 2026-09-18)"
loan_fss2792,에이치포대부,대부,에이치포대부|(주)에이치포대부,"https://fines.fss.or.kr/fines/plis/moneyLenderSearch/MoneyLenderSearch.getMoneyLenderList.do 2026-09-18; 등록번호 2025-금감원-2792(대부업)/2025-금감원-2792(대부중개업); 사업내용 금전대부, 채권추심/대부중개; 법인번호 110111-9023162; 대부금융협회 회원번호 A04639 (https://www.clfa.or.kr/member/list 2026-09-18)"
loan_fss2793,위드리치투자대부,대부,위드리치투자대부|위드리치투자대부 주식회사,"https://fines.fss.or.kr/fines/plis/moneyLenderSearch/MoneyLenderSearch.getMoneyLenderList.do 2026-09-18; 등록번호 2025-금감원-2793(대부업); 사업내용 금전대부, 채권추심; 법인번호 110111-7804994; 대부금융협회 회원번호 A04463 (https://www.clfa.or.kr/member/list 2026-09-18)"
loan_fss2794,에이티코넥대부,대부,에이티코넥대부|주식회사 에이티코넥대부|주식회사 에이티코넥,https://fines.fss.or.kr/fines/plis/moneyLenderSearch/MoneyLenderSearch.getMoneyLenderList.do 2026-09-18; 등록번호 2025-금감원-2794(대부업)/2025-금감원-2794(대부중개업); 사업내용 금전대부/대부중개; 법인번호 110111-8682240; 대부금융협회 회원번호 A04091 (https://www.clfa.or.kr/member/list 2026-09-18)
loan_fss2795,케이비파트너스자산관리대부,대부,케이비파트너스자산관리대부|(유)케이비파트너스자산관리대부,"https://fines.fss.or.kr/fines/plis/moneyLenderSearch/MoneyLenderSearch.getMoneyLenderList.do 2026-09-18; 등록번호 2025-금감원-2795(대부업)/2025-금감원-2795(대부중개업); 사업내용 금전대부, 채권추심/대부중개; 법인번호 200114-0158757; 대부금융협회 회원번호 A04642 (https://www.clfa.or.kr/member/list 2026-09-18)"
loan_fss2796,미다스파트너스대부,대부,미다스파트너스대부|(주)미다스파트너스대부,"https://fines.fss.or.kr/fines/plis/moneyLenderSearch/MoneyLenderSearch.getMoneyLenderList.do 2026-09-18; 등록번호 2025-금감원-2796(대부업)/2025-금감원-2796(대부중개업); 사업내용 금전대부, 채권추심/대부중개; 법인번호 124411-0390633; 대부금융협회 회원번호 A04638 (https://www.clfa.or.kr/member/list 2026-09-18)"
loan_fss2797,성수자산관리대부,대부,성수자산관리대부|주식회사 성수자산관리대부,"https://fines.fss.or.kr/fines/plis/moneyLenderSearch/MoneyLenderSearch.getMoneyLenderList.do 2026-09-18; 등록번호 2025-금감원-2797(대부업)/2025-금감원-2797(대부중개업); 사업내용 금전대부, 채권추심/대부중개; 법인번호 110111-4091239; 대부금융협회 회원번호 A04648 (https://www.clfa.or.kr/member/list 2026-09-18)"
loan_fss2798,비젼엔피엘대부,대부,비젼엔피엘대부|주식회사 비젼엔피엘대부,"https://fines.fss.or.kr/fines/plis/moneyLenderSearch/MoneyLenderSearch.getMoneyLenderList.do 2026-09-18; 등록번호 2025-금감원-2798(대부업); 사업내용 금전대부, 채권추심; 법인번호 134511-0699966; 대부금융협회 회원번호 A04640 (https://www.clfa.or.kr/member/list 2026-09-18)"
loan_fss2799,제이비인베스트대부,대부,제이비인베스트대부|제이비인베스트대부(주),"https://fines.fss.or.kr/fines/plis/moneyLenderSearch/MoneyLenderSearch.getMoneyLenderList.do 2026-09-18; 등록번호 2025-금감원-2799(대부업)/2025-금감원-2799(대부중개업); 사업내용 금전대부, 채권추심/대부중개; 법인번호 110111-8919453; 대부금융협회 회원번호 A04655 (https://www.clfa.or.kr/member/list 2026-09-18)"
loan_fss2801,피엔케이자산관리대부,대부,피엔케이자산관리대부|피엔케이자산관리대부 주식회사,"https://fines.fss.or.kr/fines/plis/moneyLenderSearch/MoneyLenderSearch.getMoneyLenderList.do 2026-09-18; 등록번호 2025-금감원-2801(대부업)/2025-금감원-2801(대부중개업); 사업내용 금전대부, 채권추심/대부중개; 법인번호 110111-9063035; 대부금융협회 회원번호 A04681 (https://www.clfa.or.kr/member/list 2026-09-18)"
loan_fss2802,다와대부,대부,다와대부|주식회사 다와대부,"https://fines.fss.or.kr/fines/plis/moneyLenderSearch/MoneyLenderSearch.getMoneyLenderList.do 2026-09-18; 등록번호 2025-금감원-2802(대부업); 사업내용 금전대부, 채권추심; 법인번호 131311-0331995; 대부금융협회 회원번호 A04682 (https://www.clfa.or.kr/member/list 2026-09-18)"
loan_fss2803,신우플러스대부,대부,신우플러스대부|(주)신우플러스대부,"https://fines.fss.or.kr/fines/plis/moneyLenderSearch/MoneyLenderSearch.getMoneyLenderList.do 2026-09-18; 등록번호 2025-금감원-2803(대부업)/2025-금감원-2803(대부중개업); 사업내용 금전대부, 채권추심/대부중개; 법인번호 170111-0964321; 대부금융협회 회원번호 A04673 (https://www.clfa.or.kr/member/list 2026-09-18)"
loan_fss2804,금성대부,대부,금성대부|유한회사 금성대부,"https://fines.fss.or.kr/fines/plis/moneyLenderSearch/MoneyLenderSearch.getMoneyLenderList.do 2026-09-18; 등록번호 2025-금감원-2804(대부업); 사업내용 금전대부, 채권추심; 법인번호 214814-0028265; 대부금융협회 회원번호 A04685 (https://www.clfa.or.kr/member/list 2026-09-18)"
loan_fss2805,태평양엔피엘대부,대부,태평양엔피엘대부|주식회사 태평양엔피엘대부,"https://fines.fss.or.kr/fines/plis/moneyLenderSearch/MoneyLenderSearch.getMoneyLenderList.do 2026-09-18; 등록번호 2025-금감원-2805(대부업)/2025-금감원-2805(대부중개업); 사업내용 금전대부, 채권추심/대부중개; 법인번호 170111-0952699; 대부금융협회 회원번호 A04692 (https://www.clfa.or.kr/member/list 2026-09-18)"
loan_fss2806,제너럴대부,대부,제너럴대부|제너럴대부(주),https://fines.fss.or.kr/fines/plis/moneyLenderSearch/MoneyLenderSearch.getMoneyLenderList.do 2026-09-18; 등록번호 2025-금감원-2806(대부업); 사업내용 채권추심; 법인번호 285011-0488466; 대부금융협회 회원번호 A04666 (https://www.clfa.or.kr/member/list 2026-09-18)
loan_fss2807,초이스드림대부,대부,초이스드림대부|주식회사 초이스드림대부,"https://fines.fss.or.kr/fines/plis/moneyLenderSearch/MoneyLenderSearch.getMoneyLenderList.do 2026-09-18; 등록번호 2025-금감원-2807(대부업)/2025-금감원-2807(대부중개업); 사업내용 금전대부, 채권추심/대부중개; 법인번호 110111-9008908; 대부금융협회 회원번호 A04672 (https://www.clfa.or.kr/member/list 2026-09-18)"
loan_fss2808,탑엔피엘자산관리대부,대부,탑엔피엘자산관리대부|탑엔피엘자산관리대부 주식회사,https://fines.fss.or.kr/fines/plis/moneyLenderSearch/MoneyLenderSearch.getMoneyLenderList.do 2026-09-18; 등록번호 2025-금감원-2808(대부업); 사업내용 채권추심; 법인번호 160111-0293912; 대부금융협회 회원번호 A04706 (https://www.clfa.or.kr/member/list 2026-09-18)
loan_fss2809,하나파트너스자산관리대부,대부,하나파트너스자산관리대부|유한회사 하나파트너스자산관리대부,"https://fines.fss.or.kr/fines/plis/moneyLenderSearch/MoneyLenderSearch.getMoneyLenderList.do 2026-09-18; 등록번호 2025-금감원-2809(대부업)/2025-금감원-2809(대부중개업); 사업내용 금전대부, 채권추심/대부중개; 법인번호 201114-0052578; 대부금융협회 회원번호 A04697 (https://www.clfa.or.kr/member/list 2026-09-18)"
loan_fss2810,해송금융대부,대부,해송금융대부|주식회사 해송금융대부,https://fines.fss.or.kr/fines/plis/moneyLenderSearch/MoneyLenderSearch.getMoneyLenderList.do 2026-09-18; 등록번호 2025-금감원-2810(대부업); 사업내용 채권추심; 법인번호 110111-9006910; 대부금융협회 회원번호 A04684 (https://www.clfa.or.kr/member/list 2026-09-18)
loan_fss2811,대흥에스제이대부,대부,대흥에스제이대부|주식회사 대흥에스제이대부,"https://fines.fss.or.kr/fines/plis/moneyLenderSearch/MoneyLenderSearch.getMoneyLenderList.do 2026-09-18; 등록번호 2025-금감원-2811(대부업); 사업내용 금전대부, 채권추심; 법인번호 110111-0571251; 대부금융협회 회원번호 A04713 (https://www.clfa.or.kr/member/list 2026-09-18)"
loan_fss2813,대영자산관리대부,대부,대영자산관리대부|(주)대영자산관리대부,"https://fines.fss.or.kr/fines/plis/moneyLenderSearch/MoneyLenderSearch.getMoneyLenderList.do 2026-09-18; 등록번호 2025-금감원-2813(대부업)/2025-금감원-2813(대부중개업); 사업내용 금전대부, 채권추심/대부중개; 법인번호 121111-0368499; 대부금융협회 회원번호 A04711 (https://www.clfa.or.kr/member/list 2026-09-18)"
loan_fss2814,뉴프라임론대부,대부,뉴프라임론대부|뉴프라임론대부(주),"https://fines.fss.or.kr/fines/plis/moneyLenderSearch/MoneyLenderSearch.getMoneyLenderList.do 2026-09-18; 등록번호 2025-금감원-2814(대부업)/2025-금감원-2814(대부중개업); 사업내용 금전대부, 채권추심/대부중개; 법인번호 110111-9071765; 대부금융협회 회원번호 A04729 (https://www.clfa.or.kr/member/list 2026-09-18)"
loan_fss2815,한국타이밍대부,대부,한국타이밍대부|주식회사 한국타이밍대부,https://fines.fss.or.kr/fines/plis/moneyLenderSearch/MoneyLenderSearch.getMoneyLenderList.do 2026-09-18; 등록번호 2025-금감원-2815(대부업); 사업내용 채권추심; 법인번호 110111-7352399; 대부금융협회 회원번호 A04732 (https://www.clfa.or.kr/member/list 2026-09-18)
loan_fss2816,디티엔피엘대부,대부,디티엔피엘대부|주식회사 디티엔피엘대부,"https://fines.fss.or.kr/fines/plis/moneyLenderSearch/MoneyLenderSearch.getMoneyLenderList.do 2026-09-18; 등록번호 2025-금감원-2816(대부업)/2025-금감원-2816(대부중개업); 사업내용 금전대부, 채권추심/대부중개; 법인번호 130111-1199199; 대부금융협회 회원번호 A04725 (https://www.clfa.or.kr/member/list 2026-09-18)"
loan_fss2817,레드앤블루자산관리대부,대부,레드앤블루자산관리대부|(주)레드앤블루자산관리대부,https://fines.fss.or.kr/fines/plis/moneyLenderSearch/MoneyLenderSearch.getMoneyLenderList.do 2026-09-18; 등록번호 2025-금감원-2817(대부업); 사업내용 채권추심; 법인번호 124411-0406638; 대부금융협회 회원번호 A04727 (https://www.clfa.or.kr/member/list 2026-09-18)
loan_fss2818,굿파트너스엔피엘대부,대부,굿파트너스엔피엘대부|주식회사 굿파트너스엔피엘대부,"https://fines.fss.or.kr/fines/plis/moneyLenderSearch/MoneyLenderSearch.getMoneyLenderList.do 2026-09-18; 등록번호 2025-금감원-2818(대부업); 사업내용 금전대부, 채권추심; 법인번호 284111-0459375; 대부금융협회 회원번호 A04731 (https://www.clfa.or.kr/member/list 2026-09-18)"
loan_fss2819,라임엔피엘대부,대부,라임엔피엘대부|라임엔피엘대부(주),"https://fines.fss.or.kr/fines/plis/moneyLenderSearch/MoneyLenderSearch.getMoneyLenderList.do 2026-09-18; 등록번호 2025-금감원-2819(대부업)/2025-금감원-2819(대부중개업); 사업내용 금전대부, 채권추심/대부중개; 법인번호 180111-1590967; 대부금융협회 회원번호 A04723 (https://www.clfa.or.kr/member/list 2026-09-18)"
loan_fss2820,라인에셋자산관리대부,대부,라인에셋자산관리대부|주식회사 라인에셋자산관리대부,"https://fines.fss.or.kr/fines/plis/moneyLenderSearch/MoneyLenderSearch.getMoneyLenderList.do 2026-09-18; 등록번호 2025-금감원-2820(대부업); 사업내용 금전대부, 채권추심; 법인번호 110111-7957652; 대부금융협회 회원번호 A02337 (https://www.clfa.or.kr/member/list 2026-09-18)"
loan_fss2821,오케이이지대부,대부,오케이이지대부|주식회사 오케이이지대부,"https://fines.fss.or.kr/fines/plis/moneyLenderSearch/MoneyLenderSearch.getMoneyLenderList.do 2026-09-18; 등록번호 2025-금감원-2821(대부업)/2025-금감원-2821(대부중개업); 사업내용 금전대부, 채권추심/대부중개; 법인번호 210111-0205859; 대부금융협회 회원번호 A04730 (https://www.clfa.or.kr/member/list 2026-09-18)"
loan_fss2822,고든자산관리대부,대부,고든자산관리대부|주식회사 고든자산관리대부,https://fines.fss.or.kr/fines/plis/moneyLenderSearch/MoneyLenderSearch.getMoneyLenderList.do 2026-09-18; 등록번호 2025-금감원-2822(대부업); 사업내용 채권추심; 법인번호 110111-6625200; 대부금융협회 회원번호 A04726 (https://www.clfa.or.kr/member/list 2026-09-18)
loan_fss2823,컴패스대부,대부,컴패스대부|주식회사 컴패스대부,"https://fines.fss.or.kr/fines/plis/moneyLenderSearch/MoneyLenderSearch.getMoneyLenderList.do 2026-09-18; 등록번호 2025-금감원-2823(대부업)/2025-금감원-2823(대부중개업); 사업내용 금전대부, 채권추심/대부중개; 법인번호 180111-1581891; 대부금융협회 회원번호 A04717 (https://www.clfa.or.kr/member/list 2026-09-18)"
loan_fss2824,더바름금융대부,대부,더바름금융대부|주식회사 더바름금융대부,"https://fines.fss.or.kr/fines/plis/moneyLenderSearch/MoneyLenderSearch.getMoneyLenderList.do 2026-09-18; 등록번호 2025-금감원-2824(대부업)/2025-금감원-2824(대부중개업); 사업내용 금전대부, 채권추심/대부중개; 법인번호 180111-1585140; 대부금융협회 회원번호 A04728 (https://www.clfa.or.kr/member/list 2026-09-18)"
loan_fss2825,더블유피대부,대부,더블유피대부|(주)더블유피대부,"https://fines.fss.or.kr/fines/plis/moneyLenderSearch/MoneyLenderSearch.getMoneyLenderList.do 2026-09-18; 등록번호 2025-금감원-2825(대부업)/2025-금감원-2825(대부중개업); 사업내용 금전대부, 채권추심/대부중개; 법인번호 174811-0012867; 대부금융협회 회원번호 A04724 (https://www.clfa.or.kr/member/list 2026-09-18)"
loan_fss2826,리스타트비씨대부,대부,리스타트비씨대부|리스타트비씨대부 유한회사,"https://fines.fss.or.kr/fines/plis/moneyLenderSearch/MoneyLenderSearch.getMoneyLenderList.do 2026-09-18; 등록번호 2025-금감원-2826(대부업)/2025-금감원-2826(대부중개업); 사업내용 금전대부, 채권추심/대부중개; 법인번호 131414-0015476; 대부금융협회 회원번호 A04750 (https://www.clfa.or.kr/member/list 2026-09-18)"
loan_fss2827,더블유아이금융대부,대부,더블유아이금융대부|주식회사 더블유아이금융대부,"https://fines.fss.or.kr/fines/plis/moneyLenderSearch/MoneyLenderSearch.getMoneyLenderList.do 2026-09-18; 등록번호 2025-금감원-2827(대부업); 사업내용 금전대부, 채권추심; 법인번호 120111-0988454; 대부금융협회 회원번호 A01675 (https://www.clfa.or.kr/member/list 2026-09-18)"
loan_fss2828,덴탈엔피엘대부,대부,덴탈엔피엘대부|주식회사 덴탈엔피엘대부,"https://fines.fss.or.kr/fines/plis/moneyLenderSearch/MoneyLenderSearch.getMoneyLenderList.do 2026-09-18; 등록번호 2025-금감원-2828(대부업)/2025-금감원-2828(대부중개업); 사업내용 금전대부, 채권추심/대부중개; 법인번호 120111-1420364; 대부금융협회 회원번호 A04751 (https://www.clfa.or.kr/member/list 2026-09-18)"
loan_fss2829,태희자산관리대부,대부,태희자산관리대부|태희자산관리대부 주식회사,"https://fines.fss.or.kr/fines/plis/moneyLenderSearch/MoneyLenderSearch.getMoneyLenderList.do 2026-09-18; 등록번호 2025-금감원-2829(대부업)/2025-금감원-2829(대부중개업); 사업내용 금전대부, 채권추심/대부중개; 법인번호 180111-1577478; 대부금융협회 회원번호 A04749 (https://www.clfa.or.kr/member/list 2026-09-18)"
loan_fss2830,에스제이엔피엘대부,대부,에스제이엔피엘대부|에스제이엔피엘대부 주식회사,https://fines.fss.or.kr/fines/plis/moneyLenderSearch/MoneyLenderSearch.getMoneyLenderList.do 2026-09-18; 등록번호 2025-금감원-2830(대부업); 사업내용 채권추심; 법인번호 110111-9132393; 대부금융협회 회원번호 A04753 (https://www.clfa.or.kr/member/list 2026-09-18)
loan_fss2831,두산자산관리대부,대부,두산자산관리대부|(주)두산자산관리대부,"https://fines.fss.or.kr/fines/plis/moneyLenderSearch/MoneyLenderSearch.getMoneyLenderList.do 2026-09-18; 등록번호 2025-금감원-2831(대부업)/2025-금감원-2831(대부중개업); 사업내용 금전대부, 채권추심/대부중개; 법인번호 180111-1578575; 대부금융협회 회원번호 A04748 (https://www.clfa.or.kr/member/list 2026-09-18)"
loan_fss2832,티아이엠투자대부,대부,티아이엠투자대부|티아이엠투자대부 주식회사,"https://fines.fss.or.kr/fines/plis/moneyLenderSearch/MoneyLenderSearch.getMoneyLenderList.do 2026-09-18; 등록번호 2025-금감원-2832(대부업)/2025-금감원-2832(대부중개업); 사업내용 금전대부, 채권추심/대부중개; 법인번호 120111-1427633; 대부금융협회 회원번호 A04774 (https://www.clfa.or.kr/member/list 2026-09-18)"
loan_fss2833,한설대부,대부,한설대부|(주)한설대부,"https://fines.fss.or.kr/fines/plis/moneyLenderSearch/MoneyLenderSearch.getMoneyLenderList.do 2026-09-18; 등록번호 2025-금감원-2833(대부업)/2025-금감원-2833(대부중개업); 사업내용 금전대부, 채권추심/대부중개; 법인번호 134511-0458445; 대부금융협회 회원번호 A04768 (https://www.clfa.or.kr/member/list 2026-09-18)"
loan_fss2834,헤이대부,대부,헤이대부|주식회사 헤이대부,"https://fines.fss.or.kr/fines/plis/moneyLenderSearch/MoneyLenderSearch.getMoneyLenderList.do 2026-09-18; 등록번호 2025-금감원-2834(대부업)/2025-금감원-2834(대부중개업); 사업내용 금전대부, 채권추심/대부중개; 법인번호 110111-9104889; 대부금융협회 회원번호 A04770 (https://www.clfa.or.kr/member/list 2026-09-18)"
loan_fss2835,잇츠글로벌대부,대부,잇츠글로벌대부|주식회사 잇츠글로벌대부,"https://fines.fss.or.kr/fines/plis/moneyLenderSearch/MoneyLenderSearch.getMoneyLenderList.do 2026-09-18; 등록번호 2025-금감원-2835(대부업)/2025-금감원-2835(대부중개업); 사업내용 금전대부, 채권추심/대부중개; 법인번호 110111-9103279; 대부금융협회 회원번호 A04775 (https://www.clfa.or.kr/member/list 2026-09-18)"
loan_fss2836,미래앤대부,대부,미래앤대부|미래앤대부 주식회사,"https://fines.fss.or.kr/fines/plis/moneyLenderSearch/MoneyLenderSearch.getMoneyLenderList.do 2026-09-18; 등록번호 2025-금감원-2836(대부업)/2025-금감원-2836(대부중개업); 사업내용 금전대부, 채권추심/대부중개; 법인번호 131111-0754646; 대부금융협회 회원번호 A04777 (https://www.clfa.or.kr/member/list 2026-09-18)"
loan_fss2837,더페이대부,대부,더페이대부|더페이대부 주식회사,https://fines.fss.or.kr/fines/plis/moneyLenderSearch/MoneyLenderSearch.getMoneyLenderList.do 2026-09-18; 등록번호 2025-금감원-2837(대부업); 사업내용 채권추심; 법인번호 284911-0338672; 대부금융협회 회원번호 A04778 (https://www.clfa.or.kr/member/list 2026-09-18)
loan_fss2838,더유앤아이대부,대부,더유앤아이대부|더유앤아이대부 주식회사,"https://fines.fss.or.kr/fines/plis/moneyLenderSearch/MoneyLenderSearch.getMoneyLenderList.do 2026-09-18; 등록번호 2025-금감원-2838(대부업)/2025-금감원-2838(대부중개업); 사업내용 금전대부, 채권추심/대부중개; 법인번호 110111-8728531; 대부금융협회 회원번호 A04773 (https://www.clfa.or.kr/member/list 2026-09-18)"
loan_fss2839,우리이음대부,대부,우리이음대부|(주)우리이음대부,"https://fines.fss.or.kr/fines/plis/moneyLenderSearch/MoneyLenderSearch.getMoneyLenderList.do 2026-09-18; 등록번호 2025-금감원-2839(대부업)/2025-금감원-2839(대부중개업); 사업내용 금전대부, 채권추심/대부중개; 법인번호 131311-0336482; 대부금융협회 회원번호 A04752 (https://www.clfa.or.kr/member/list 2026-09-18)"
loan_fss2841,에이치케이자산운영대부,대부,에이치케이자산운영대부|주식회사 에이치케이자산운영대부,"https://fines.fss.or.kr/fines/plis/moneyLenderSearch/MoneyLenderSearch.getMoneyLenderList.do 2026-09-18; 등록번호 2025-금감원-2841(대부업)/2025-금감원-2841(대부중개업); 사업내용 금전대부, 채권추심/대부중개; 법인번호 110111-9080253; 대부금융협회 회원번호 A04737 (https://www.clfa.or.kr/member/list 2026-09-18)"
loan_fss2842,와우론대부,대부,와우론대부|와우론대부 주식회사,"https://fines.fss.or.kr/fines/plis/moneyLenderSearch/MoneyLenderSearch.getMoneyLenderList.do 2026-09-18; 등록번호 2025-금감원-2842(대부업)/2025-금감원-2842(대부중개업); 사업내용 금전대부, 채권추심/대부중개; 법인번호 131111-0751866; 대부금융협회 회원번호 A04744 (https://www.clfa.or.kr/member/list 2026-09-18)"
loan_fss2843,해담은엔피엘대부,대부,해담은엔피엘대부|(주)해담은엔피엘대부,"https://fines.fss.or.kr/fines/plis/moneyLenderSearch/MoneyLenderSearch.getMoneyLenderList.do 2026-09-18; 등록번호 2025-금감원-2843(대부업)/2025-금감원-2843(대부중개업); 사업내용 금전대부, 채권추심/대부중개; 법인번호 284711-0018715; 대부금융협회 회원번호 A04743 (https://www.clfa.or.kr/member/list 2026-09-18)"
loan_fss2844,더함엔피엘대부,대부,더함엔피엘대부|주식회사 더함엔피엘대부,"https://fines.fss.or.kr/fines/plis/moneyLenderSearch/MoneyLenderSearch.getMoneyLenderList.do 2026-09-18; 등록번호 2025-금감원-2844(대부업)/2025-금감원-2844(대부중개업); 사업내용 금전대부, 채권추심/대부중개; 법인번호 131111-0754688; 대부금융협회 회원번호 A04779 (https://www.clfa.or.kr/member/list 2026-09-18)"
loan_fss2845,조은날자산관리대부,대부,조은날자산관리대부|(유)조은날자산관리대부,"https://fines.fss.or.kr/fines/plis/moneyLenderSearch/MoneyLenderSearch.getMoneyLenderList.do 2026-09-18; 등록번호 2025-금감원-2845(대부업)/2025-금감원-2845(대부중개업); 사업내용 금전대부, 채권추심/대부중개; 법인번호 200114-0164001; 대부금융협회 회원번호 A04742 (https://www.clfa.or.kr/member/list 2026-09-18)"
loan_fss2846,더와이대부,대부,더와이대부|더와이대부 주식회사,"https://fines.fss.or.kr/fines/plis/moneyLenderSearch/MoneyLenderSearch.getMoneyLenderList.do 2026-09-18; 등록번호 2025-금감원-2846(대부업)/2025-금감원-2846(대부중개업); 사업내용 금전대부, 채권추심/대부중개; 법인번호 110111-8906575; 대부금융협회 회원번호 A04148 (https://www.clfa.or.kr/member/list 2026-09-18)"
loan_fss2847,키위자산관리대부,대부,키위자산관리대부|키위자산관리대부 주식회사,https://fines.fss.or.kr/fines/plis/moneyLenderSearch/MoneyLenderSearch.getMoneyLenderList.do 2026-09-18; 등록번호 2025-금감원-2847(대부업)/2025-금감원-2847(대부중개업); 사업내용 대부중개/채권추심; 법인번호 180111-1591874; 대부금융협회 회원번호 A04776 (https://www.clfa.or.kr/member/list 2026-09-18)
loan_fss2848,시나리오자산관리대부,대부,시나리오자산관리대부|주식회사 시나리오자산관리대부,"https://fines.fss.or.kr/fines/plis/moneyLenderSearch/MoneyLenderSearch.getMoneyLenderList.do 2026-09-18; 등록번호 2025-금감원-2848(대부업)/2025-금감원-2848(대부중개업); 사업내용 금전대부, 채권추심/대부중개; 법인번호 180111-1588706; 대부금융협회 회원번호 A04771 (https://www.clfa.or.kr/member/list 2026-09-18)"
loan_fss2849,메타엔피엘대부,대부,메타엔피엘대부|(주)메타엔피엘대부,"https://fines.fss.or.kr/fines/plis/moneyLenderSearch/MoneyLenderSearch.getMoneyLenderList.do 2026-09-18; 등록번호 2025-금감원-2849(대부업); 사업내용 금전대부, 채권추심; 법인번호 110111-9110167; 대부금융협회 회원번호 A04772 (https://www.clfa.or.kr/member/list 2026-09-18)"
loan_fss2850,더와이즈대부금융,대부,더와이즈대부금융|더와이즈대부금융 주식회사,"https://fines.fss.or.kr/fines/plis/moneyLenderSearch/MoneyLenderSearch.getMoneyLenderList.do 2026-09-18; 등록번호 2025-금감원-2850(대부업)/2025-금감원-2850(대부중개업); 사업내용 금전대부, 채권추심/대부중개; 법인번호 285011-0566668; 대부금융협회 회원번호 A04780 (https://www.clfa.or.kr/member/list 2026-09-18)"
loan_fss2851,웰컴365대부,대부,웰컴365대부|주식회사 웰컴365대부,"https://fines.fss.or.kr/fines/plis/moneyLenderSearch/MoneyLenderSearch.getMoneyLenderList.do 2026-09-18; 등록번호 2025-금감원-2851(대부업)/2025-금감원-2851(대부중개업); 사업내용 금전대부, 채권추심/대부중개; 법인번호 121111-0474858; 대부금융협회 회원번호 A04769 (https://www.clfa.or.kr/member/list 2026-09-18)"
loan_fss2852,우수자산관리대부,대부,우수자산관리대부|우수자산관리대부 주식회사,"https://fines.fss.or.kr/fines/plis/moneyLenderSearch/MoneyLenderSearch.getMoneyLenderList.do 2026-09-18; 등록번호 2025-금감원-2852(대부업)/2025-금감원-2852(대부중개업); 사업내용 금전대부, 채권추심/대부중개; 법인번호 121111-0047962; 대부금융협회 회원번호 A04802 (https://www.clfa.or.kr/member/list 2026-09-18)"
loan_fss2853,팍스대부,대부,팍스대부|주식회사 팍스대부,"https://fines.fss.or.kr/fines/plis/moneyLenderSearch/MoneyLenderSearch.getMoneyLenderList.do 2026-09-18; 등록번호 2025-금감원-2853(대부업)/2025-금감원-2853(대부중개업); 사업내용 금전대부, 채권추심/대부중개; 법인번호 285011-0586848; 대부금융협회 회원번호 A04800 (https://www.clfa.or.kr/member/list 2026-09-18)"
loan_fss2854,제이스타대부,대부,제이스타대부|제이스타대부 주식회사,"https://fines.fss.or.kr/fines/plis/moneyLenderSearch/MoneyLenderSearch.getMoneyLenderList.do 2026-09-18; 등록번호 2025-금감원-2854(대부업)/2025-금감원-2854(대부중개업); 사업내용 금전대부, 채권추심/대부중개; 법인번호 131111-0750628; 대부금융협회 회원번호 A04820 (https://www.clfa.or.kr/member/list 2026-09-18)"
loan_fss2855,케이유자산관리대부,대부,케이유자산관리대부|케이유자산관리대부 주식회사,"https://fines.fss.or.kr/fines/plis/moneyLenderSearch/MoneyLenderSearch.getMoneyLenderList.do 2026-09-18; 등록번호 2025-금감원-2855(대부업)/2025-금감원-2855(대부중개업); 사업내용 금전대부, 채권추심/대부중개; 법인번호 110111-9143134; 대부금융협회 회원번호 A04801 (https://www.clfa.or.kr/member/list 2026-09-18)"
loan_fss2856,제이앤엠대부,대부,제이앤엠대부|제이앤엠대부 주식회사,"https://fines.fss.or.kr/fines/plis/moneyLenderSearch/MoneyLenderSearch.getMoneyLenderList.do 2026-09-18; 등록번호 2025-금감원-2856(대부업); 사업내용 금전대부, 채권추심; 법인번호 110111-9126099; 대부금융협회 회원번호 A04823 (https://www.clfa.or.kr/member/list 2026-09-18)"
loan_fss2857,크리스탈대부,대부,크리스탈대부|크리스탈대부 주식회사,"https://fines.fss.or.kr/fines/plis/moneyLenderSearch/MoneyLenderSearch.getMoneyLenderList.do 2026-09-18; 등록번호 2025-금감원-2857(대부업)/2025-금감원-2857(대부중개업); 사업내용 금전대부, 채권추심/대부중개; 법인번호 131411-0594377; 대부금융협회 회원번호 A04822 (https://www.clfa.or.kr/member/list 2026-09-18)"
loan_fss2858,대출빌리고대부,대부,대출빌리고대부,https://fines.fss.or.kr/fines/plis/moneyLenderSearch/MoneyLenderSearch.getMoneyLenderList.do 2026-09-18; 등록번호 2025-금감원-2858(대부업)/2025-금감원-2858(대부중개사이트영위업)/2025-금감원-2858(대부중개업); 사업내용 금전대부/대부중개/대부중개사이트영위업; 법인번호 미기재
loan_fss2860,해담대부,대부,해담대부|주식회사 해담대부,"https://fines.fss.or.kr/fines/plis/moneyLenderSearch/MoneyLenderSearch.getMoneyLenderList.do 2026-09-18; 등록번호 2025-금감원-2860(대부업)/2025-금감원-2860(대부중개업); 사업내용 금전대부, 채권추심/대부중개; 법인번호 110111-9158208; 대부금융협회 회원번호 A04824 (https://www.clfa.or.kr/member/list 2026-09-18)"
loan_fss2861,대출명가대부,대부,대출명가대부,https://fines.fss.or.kr/fines/plis/moneyLenderSearch/MoneyLenderSearch.getMoneyLenderList.do 2026-09-18; 등록번호 2025-금감원-2861(대부업)/2025-금감원-2861(대부중개사이트영위업)/2025-금감원-2861(대부중개업); 사업내용 금전대부/대부중개/대부중개사이트영위업; 법인번호 미기재
loan_fss2863,일번지대부,대부,일번지대부,https://fines.fss.or.kr/fines/plis/moneyLenderSearch/MoneyLenderSearch.getMoneyLenderList.do 2026-09-18; 등록번호 2025-금감원-2863(대부업)/2025-금감원-2863(대부중개사이트영위업)/2025-금감원-2863(대부중개업); 사업내용 금전대부/대부중개/대부중개사이트영위업; 법인번호 미기재; 대부금융협회 회원번호 A04870 (https://www.clfa.or.kr/member/list 2026-09-18)
loan_fss2864,돈조이대부중개,대부중개,돈조이대부중개|돈조이대부중개 주식회사,https://fines.fss.or.kr/fines/plis/moneyLenderSearch/MoneyLenderSearch.getMoneyLenderList.do 2026-09-18; 등록번호 2025-금감원-2864(대부중개사이트영위업)/2025-금감원-2864(대부중개업); 사업내용 대부중개/대부중개사이트영위업; 법인번호 124411-0042972; 대부금융협회 회원번호 C00344 (https://www.clfa.or.kr/member/list 2026-09-18)
loan_fss2866,대출직빵대부중개,대부중개,대출직빵대부중개,https://fines.fss.or.kr/fines/plis/moneyLenderSearch/MoneyLenderSearch.getMoneyLenderList.do 2026-09-18; 등록번호 2025-금감원-2866(대부중개사이트영위업)/2025-금감원-2866(대부중개업); 사업내용 대부중개/대부중개사이트영위업; 법인번호 미기재
loan_fss2871,고캐시대부중개,대부중개,고캐시대부중개|고캐시 대부중개,https://fines.fss.or.kr/fines/plis/moneyLenderSearch/MoneyLenderSearch.getMoneyLenderList.do 2026-09-18; 등록번호 2025-금감원-2871(대부중개업); 사업내용 대부중개; 법인번호 미기재; 대부금융협회 회원번호 C00349 (https://www.clfa.or.kr/member/list 2026-09-18)
loan_fss2877,이지론대부중개,대부중개,이지론대부중개,https://fines.fss.or.kr/fines/plis/moneyLenderSearch/MoneyLenderSearch.getMoneyLenderList.do 2026-09-18; 등록번호 2025-금감원-2877(대부중개사이트영위업)/2025-금감원-2877(대부중개업); 사업내용 대부중개/대부중개사이트영위업; 법인번호 미기재; 대부금융협회 회원번호 C00364 (https://www.clfa.or.kr/member/list 2026-09-18)
loan_fss2880,쏜다대부중개,대부중개,쏜다대부중개,https://fines.fss.or.kr/fines/plis/moneyLenderSearch/MoneyLenderSearch.getMoneyLenderList.do 2026-09-18; 등록번호 2025-금감원-2880(대부중개사이트영위업)/2025-금감원-2880(대부중개업); 사업내용 대부중개/대부중개사이트영위업; 법인번호 미기재; 대부금융협회 회원번호 C00348 (https://www.clfa.or.kr/member/list 2026-09-18)
loan_fss2881,대출천국대부중개,대부중개,대출천국대부중개,https://fines.fss.or.kr/fines/plis/moneyLenderSearch/MoneyLenderSearch.getMoneyLenderList.do 2026-09-18; 등록번호 2025-금감원-2881(대부중개사이트영위업)/2025-금감원-2881(대부중개업); 사업내용 대부중개/대부중개사이트영위업; 법인번호 미기재
loan_fss2882,써니론대부중개,대부중개,써니론대부중개|써니론 대부중개,https://fines.fss.or.kr/fines/plis/moneyLenderSearch/MoneyLenderSearch.getMoneyLenderList.do 2026-09-18; 등록번호 2025-금감원-2882(대부중개사이트영위업)/2025-금감원-2882(대부중개업); 사업내용 대부중개/대부중개사이트영위업; 법인번호 미기재
loan_fss2883,대출내비24대부중개,대부중개,대출내비24대부중개,https://fines.fss.or.kr/fines/plis/moneyLenderSearch/MoneyLenderSearch.getMoneyLenderList.do 2026-09-18; 등록번호 2025-금감원-2883(대부중개사이트영위업)/2025-금감원-2883(대부중개업); 사업내용 대부중개/대부중개사이트영위업; 법인번호 미기재
loan_fss2885,에이치에이대부,대부,에이치에이대부|주식회사 에이치에이대부,"https://fines.fss.or.kr/fines/plis/moneyLenderSearch/MoneyLenderSearch.getMoneyLenderList.do 2026-09-18; 등록번호 2025-금감원-2885(대부업)/2025-금감원-2885(대부중개업); 사업내용 금전대부, 채권추심/대부중개; 법인번호 180111-1598002; 대부금융협회 회원번호 A04840 (https://www.clfa.or.kr/member/list 2026-09-18)"
loan_fss2886,환호엔피엘대부,대부,환호엔피엘대부|주식회사 환호엔피엘대부,"https://fines.fss.or.kr/fines/plis/moneyLenderSearch/MoneyLenderSearch.getMoneyLenderList.do 2026-09-18; 등록번호 2025-금감원-2886(대부업)/2025-금감원-2886(대부중개업); 사업내용 금전대부, 채권추심/대부중개; 법인번호 110111-0918459; 대부금융협회 회원번호 A04839 (https://www.clfa.or.kr/member/list 2026-09-18)"
loan_fss2887,케이앤와이자산관리대부,대부,케이앤와이자산관리대부|주식회사 케이앤와이자산관리대부,"https://fines.fss.or.kr/fines/plis/moneyLenderSearch/MoneyLenderSearch.getMoneyLenderList.do 2026-09-18; 등록번호 2025-금감원-2887(대부업)/2025-금감원-2887(대부중개업); 사업내용 금전대부, 채권추심/대부중개; 법인번호 124411-0414441; 대부금융협회 회원번호 A04843 (https://www.clfa.or.kr/member/list 2026-09-18)"
loan_fss2888,에이치투대부,대부,에이치투대부|에이치투대부주식회사,"https://fines.fss.or.kr/fines/plis/moneyLenderSearch/MoneyLenderSearch.getMoneyLenderList.do 2026-09-18; 등록번호 2025-금감원-2888(대부업)/2025-금감원-2888(대부중개업); 사업내용 금전대부, 채권추심/대부중개; 법인번호 134511-0072691; 대부금융협회 회원번호 A04890 (https://www.clfa.or.kr/member/list 2026-09-18)"
loan_fss2890,동산엔피엘굿대부,대부,동산엔피엘굿대부|주식회사 동산엔피엘굿대부,"https://fines.fss.or.kr/fines/plis/moneyLenderSearch/MoneyLenderSearch.getMoneyLenderList.do 2026-09-18; 등록번호 2025-금감원-2890(대부업); 사업내용 금전대부, 채권추심; 법인번호 134211-0305684; 대부금융협회 회원번호 A04841 (https://www.clfa.or.kr/member/list 2026-09-18)"
loan_fss2891,고봉디벨롭대부,대부,고봉디벨롭대부|고봉디벨롭대부주식회사,"https://fines.fss.or.kr/fines/plis/moneyLenderSearch/MoneyLenderSearch.getMoneyLenderList.do 2026-09-18; 등록번호 2025-금감원-2891(대부업)/2025-금감원-2891(대부중개업); 사업내용 금전대부, 채권추심/대부중개; 법인번호 161511-0318894; 대부금융협회 회원번호 A04842 (https://www.clfa.or.kr/member/list 2026-09-18)"
loan_fss2892,스타베이대부,대부,스타베이대부|(주)스타베이대부,"https://fines.fss.or.kr/fines/plis/moneyLenderSearch/MoneyLenderSearch.getMoneyLenderList.do 2026-09-18; 등록번호 2025-금감원-2892(대부업)/2025-금감원-2892(대부중개업); 사업내용 금전대부, 채권추심/대부중개; 법인번호 110111-2034017; 대부금융협회 회원번호 A04846 (https://www.clfa.or.kr/member/list 2026-09-18)"
loan_fss2894,선양자산대부,대부,선양자산대부|선양자산대부 주식회사,"https://fines.fss.or.kr/fines/plis/moneyLenderSearch/MoneyLenderSearch.getMoneyLenderList.do 2026-09-18; 등록번호 2025-금감원-2894(대부업); 사업내용 금전대부, 채권추심; 법인번호 131411-0590036; 대부금융협회 회원번호 A04844 (https://www.clfa.or.kr/member/list 2026-09-18)"
loan_fss2895,대출모음대부중개,대부중개,대출모음대부중개,https://fines.fss.or.kr/fines/plis/moneyLenderSearch/MoneyLenderSearch.getMoneyLenderList.do 2026-09-18; 등록번호 2025-금감원-2895(대부중개사이트영위업)/2025-금감원-2895(대부중개업); 사업내용 대부중개/대부중개사이트영위업; 법인번호 미기재
loan_fss2896,대출든든대부중개,대부중개,대출든든대부중개,https://fines.fss.or.kr/fines/plis/moneyLenderSearch/MoneyLenderSearch.getMoneyLenderList.do 2026-09-18; 등록번호 2025-금감원-2896(대부중개업); 사업내용 대부중개; 법인번호 미기재
loan_fss2897,제이앤지파이낸셜대부,대부,제이앤지파이낸셜대부|주식회사 제이앤지파이낸셜대부,"https://fines.fss.or.kr/fines/plis/moneyLenderSearch/MoneyLenderSearch.getMoneyLenderList.do 2026-09-18; 등록번호 2025-금감원-2897(대부업)/2025-금감원-2897(대부중개업); 사업내용 금전대부, 채권추심/대부중개; 법인번호 121111-0475145; 대부금융협회 회원번호 A04845 (https://www.clfa.or.kr/member/list 2026-09-18)"
loan_fss2898,에스에이907,대부,에스에이907|주식회사 에스에이907,"https://fines.fss.or.kr/fines/plis/moneyLenderSearch/MoneyLenderSearch.getMoneyLenderList.do 2026-09-18; 등록번호 2025-금감원-2898(대부업)/2025-금감원-2898(대부중개업); 사업내용 금전대부, 채권추심/대부중개; 법인번호 134511-0642767; 대부금융협회 회원번호 A04850 (https://www.clfa.or.kr/member/list 2026-09-18)"
loan_fss2899,비에스씨대부,대부,비에스씨대부|비에스씨대부(유),https://fines.fss.or.kr/fines/plis/moneyLenderSearch/MoneyLenderSearch.getMoneyLenderList.do 2026-09-18; 등록번호 2025-금감원-2899(대부업); 사업내용 채권추심; 법인번호 120114-0002656; 대부금융협회 회원번호 A04847 (https://www.clfa.or.kr/member/list 2026-09-18)
loan_fss2900,엔피엘파이넌스대부,대부,엔피엘파이넌스대부|엔피엘파이넌스대부(유),"https://fines.fss.or.kr/fines/plis/moneyLenderSearch/MoneyLenderSearch.getMoneyLenderList.do 2026-09-18; 등록번호 2025-금감원-2900(대부업)/2025-금감원-2900(대부중개업); 사업내용 금전대부, 채권추심/대부중개; 법인번호 200114-0016740; 대부금융협회 회원번호 A04848 (https://www.clfa.or.kr/member/list 2026-09-18)"
loan_fss2902,안녕대부,대부,안녕대부|주식회사 안녕대부,"https://fines.fss.or.kr/fines/plis/moneyLenderSearch/MoneyLenderSearch.getMoneyLenderList.do 2026-09-18; 등록번호 2025-금감원-2902(대부업)/2025-금감원-2902(대부중개업); 사업내용 금전대부, 채권추심/대부중개; 법인번호 110111-9125372; 대부금융협회 회원번호 A04872 (https://www.clfa.or.kr/member/list 2026-09-18)"
loan_fss2903,국제자산관리대부금융,대부,국제자산관리대부금융|국제자산관리대부금융 유한회사,"https://fines.fss.or.kr/fines/plis/moneyLenderSearch/MoneyLenderSearch.getMoneyLenderList.do 2026-09-18; 등록번호 2025-금감원-2903(대부업)/2025-금감원-2903(대부중개업); 사업내용 금전대부, 채권추심/대부중개; 법인번호 194214-0001809; 대부금융협회 회원번호 A04874 (https://www.clfa.or.kr/member/list 2026-09-18)"
loan_fss2904,마루나루대부,대부,마루나루대부|주식회사 마루나루대부,"https://fines.fss.or.kr/fines/plis/moneyLenderSearch/MoneyLenderSearch.getMoneyLenderList.do 2026-09-18; 등록번호 2025-금감원-2904(대부업)/2025-금감원-2904(대부중개업); 사업내용 금전대부, 채권추심/대부중개; 법인번호 280211-0286506; 대부금융협회 회원번호 A04873 (https://www.clfa.or.kr/member/list 2026-09-18)"
loan_fss2905,부광엔피엘대부,대부,부광엔피엘대부|부광엔피엘대부 주식회사,"https://fines.fss.or.kr/fines/plis/moneyLenderSearch/MoneyLenderSearch.getMoneyLenderList.do 2026-09-18; 등록번호 2025-금감원-2905(대부업)/2025-금감원-2905(대부중개업); 사업내용 금전대부, 채권추심/대부중개; 법인번호 160111-0707054; 대부금융협회 회원번호 A04875 (https://www.clfa.or.kr/member/list 2026-09-18)"
loan_fss2906,동행엔피엘경매대부,대부,동행엔피엘경매대부|동행엔피엘경매대부 주식회사,"https://fines.fss.or.kr/fines/plis/moneyLenderSearch/MoneyLenderSearch.getMoneyLenderList.do 2026-09-18; 등록번호 2025-금감원-2906(대부업)/2025-금감원-2906(대부중개업); 사업내용 금전대부, 채권추심/대부중개; 법인번호 230111-0420734; 대부금융협회 회원번호 A04889 (https://www.clfa.or.kr/member/list 2026-09-18)"
loan_fss2908,대출와우대부중개,대부중개,대출와우대부중개,https://fines.fss.or.kr/fines/plis/moneyLenderSearch/MoneyLenderSearch.getMoneyLenderList.do 2026-09-18; 등록번호 2025-금감원-2908(대부중개사이트영위업)/2025-금감원-2908(대부중개업); 사업내용 대부중개/대부중개사이트영위업; 법인번호 미기재
loan_fss2909,케이에스브릿지대부,대부,케이에스브릿지대부|주식회사 케이에스브릿지대부,"https://fines.fss.or.kr/fines/plis/moneyLenderSearch/MoneyLenderSearch.getMoneyLenderList.do 2026-09-18; 등록번호 2025-금감원-2909(대부업)/2025-금감원-2909(대부중개업); 사업내용 금전대부, 채권추심/대부중개; 법인번호 110111-9145065; 대부금융협회 회원번호 A04884 (https://www.clfa.or.kr/member/list 2026-09-18)"
loan_fss2910,에이오피원대부,대부,에이오피원대부|에이오피원대부 주식회사,"https://fines.fss.or.kr/fines/plis/moneyLenderSearch/MoneyLenderSearch.getMoneyLenderList.do 2026-09-18; 등록번호 2025-금감원-2910(대부업)/2025-금감원-2910(대부중개업); 사업내용 금전대부, 채권추심/대부중개; 법인번호 110111-9150254; 대부금융협회 회원번호 A04888 (https://www.clfa.or.kr/member/list 2026-09-18)"
loan_fss2911,유앤아이에이엠씨대부,대부,유앤아이에이엠씨대부|(주)유앤아이에이엠씨대부,"https://fines.fss.or.kr/fines/plis/moneyLenderSearch/MoneyLenderSearch.getMoneyLenderList.do 2026-09-18; 등록번호 2025-금감원-2911(대부업)/2025-금감원-2911(대부중개업); 사업내용 금전대부, 채권추심/대부중개; 법인번호 154411-0047006; 대부금융협회 회원번호 A04887 (https://www.clfa.or.kr/member/list 2026-09-18)"
loan_fss2912,지니자산관리대부,대부,지니자산관리대부|주식회사 지니자산관리대부,"https://fines.fss.or.kr/fines/plis/moneyLenderSearch/MoneyLenderSearch.getMoneyLenderList.do 2026-09-18; 등록번호 2025-금감원-2912(대부업); 사업내용 금전대부, 채권추심; 법인번호 134811-0577405; 대부금융협회 회원번호 A03658 (https://www.clfa.or.kr/member/list 2026-09-18)"
loan_fss2913,엠케이파이낸셜대부,대부,엠케이파이낸셜대부|(주)엠케이파이낸셜대부,https://fines.fss.or.kr/fines/plis/moneyLenderSearch/MoneyLenderSearch.getMoneyLenderList.do 2026-09-18; 등록번호 2025-금감원-2913(대부업); 사업내용 채권추심; 법인번호 120111-1394048; 대부금융협회 회원번호 A04296 (https://www.clfa.or.kr/member/list 2026-09-18)
loan_fss2914,빅리치대부,대부,빅리치대부|빅리치대부 유한회사,"https://fines.fss.or.kr/fines/plis/moneyLenderSearch/MoneyLenderSearch.getMoneyLenderList.do 2026-09-18; 등록번호 2025-금감원-2914(대부업)/2025-금감원-2914(대부중개업); 사업내용 금전대부, 채권추심/대부중개; 법인번호 110114-0226446; 대부금융협회 회원번호 A04233 (https://www.clfa.or.kr/member/list 2026-09-18)"
loan_fss2915,엔피엘대신대부,대부,엔피엘대신대부|주식회사 엔피엘대신대부,"https://fines.fss.or.kr/fines/plis/moneyLenderSearch/MoneyLenderSearch.getMoneyLenderList.do 2026-09-18; 등록번호 2025-금감원-2915(대부업)/2025-금감원-2915(대부중개업); 사업내용 금전대부, 채권추심/대부중개; 법인번호 135511-0446887; 대부금융협회 회원번호 A04892 (https://www.clfa.or.kr/member/list 2026-09-18)"
loan_fss2916,재운캐피탈대부,대부,재운캐피탈대부|주식회사 재운캐피탈대부,"https://fines.fss.or.kr/fines/plis/moneyLenderSearch/MoneyLenderSearch.getMoneyLenderList.do 2026-09-18; 등록번호 2025-금감원-2916(대부업)/2025-금감원-2916(대부중개업); 사업내용 금전대부, 채권추심/대부중개; 법인번호 134111-0583208; 대부금융협회 회원번호 A04206 (https://www.clfa.or.kr/member/list 2026-09-18)"
loan_fss2917,이투대부,대부,이투대부|주식회사 이투대부,"https://fines.fss.or.kr/fines/plis/moneyLenderSearch/MoneyLenderSearch.getMoneyLenderList.do 2026-09-18; 등록번호 2025-금감원-2917(대부업)/2025-금감원-2917(대부중개업); 사업내용 금전대부, 채권추심/대부중개; 법인번호 131411-0579262; 대부금융협회 회원번호 A04186 (https://www.clfa.or.kr/member/list 2026-09-18)"
loan_fss2918,피제이파이낸스대부,대부,피제이파이낸스대부|피제이파이낸스대부 주식회사,"https://fines.fss.or.kr/fines/plis/moneyLenderSearch/MoneyLenderSearch.getMoneyLenderList.do 2026-09-18; 등록번호 2025-금감원-2918(대부업)/2025-금감원-2918(대부중개업); 사업내용 금전대부, 채권추심/대부중개; 법인번호 110111-6785450; 대부금융협회 회원번호 A02173 (https://www.clfa.or.kr/member/list 2026-09-18)"
loan_fss2919,성지자산파트너스대부,대부,성지자산파트너스대부|주식회사 성지자산파트너스대부,"https://fines.fss.or.kr/fines/plis/moneyLenderSearch/MoneyLenderSearch.getMoneyLenderList.do 2026-09-18; 등록번호 2025-금감원-2919(대부업)/2025-금감원-2919(대부중개업); 사업내용 금전대부, 채권추심/대부중개; 법인번호 120111-1424308; 대부금융협회 회원번호 A04922 (https://www.clfa.or.kr/member/list 2026-09-18)"
loan_fss2920,토방대부,대부,토방대부|주식회사 토방대부,https://fines.fss.or.kr/fines/plis/moneyLenderSearch/MoneyLenderSearch.getMoneyLenderList.do 2026-09-18; 등록번호 2025-금감원-2920(대부업); 사업내용 채권추심; 법인번호 134411-0125062; 대부금융협회 회원번호 A04885 (https://www.clfa.or.kr/member/list 2026-09-18)
loan_fss2921,카오스자산관리대부,대부,카오스자산관리대부|주식회사 카오스자산관리대부,"https://fines.fss.or.kr/fines/plis/moneyLenderSearch/MoneyLenderSearch.getMoneyLenderList.do 2026-09-18; 등록번호 2025-금감원-2921(대부업)/2025-금감원-2921(대부중개업); 사업내용 금전대부, 채권추심/대부중개; 법인번호 110111-0921361; 대부금융협회 회원번호 A04891 (https://www.clfa.or.kr/member/list 2026-09-18)"
loan_fss2922,커머셜프라퍼티대부,대부,커머셜프라퍼티대부|커머셜프라퍼티대부 주식회사,"https://fines.fss.or.kr/fines/plis/moneyLenderSearch/MoneyLenderSearch.getMoneyLenderList.do 2026-09-18; 등록번호 2025-금감원-2922(대부업)/2025-금감원-2922(대부중개업); 사업내용 금전대부, 채권추심/대부중개; 법인번호 160111-0071308; 대부금융협회 회원번호 A04886 (https://www.clfa.or.kr/member/list 2026-09-18)"
loan_fss2923,허브에프앤아이대부,대부,허브에프앤아이대부|허브에프앤아이대부 주식회사,https://fines.fss.or.kr/fines/plis/moneyLenderSearch/MoneyLenderSearch.getMoneyLenderList.do 2026-09-18; 등록번호 2025-금감원-2923(대부업)/2025-금감원-2923(대부중개업); 사업내용 대부중개/채권추심; 법인번호 285011-0580311; 대부금융협회 회원번호 A04883 (https://www.clfa.or.kr/member/list 2026-09-18)
loan_fss2924,대출단지대부중개,대부중개,대출단지대부중개,https://fines.fss.or.kr/fines/plis/moneyLenderSearch/MoneyLenderSearch.getMoneyLenderList.do 2026-09-18; 등록번호 2025-금감원-2924(대부중개사이트영위업)/2025-금감원-2924(대부중개업); 사업내용 대부중개/대부중개사이트영위업; 법인번호 미기재
loan_fss2925,삼주파이낸스대부,대부,삼주파이낸스대부|삼주파이낸스대부 주식회사,"https://fines.fss.or.kr/fines/plis/moneyLenderSearch/MoneyLenderSearch.getMoneyLenderList.do 2026-09-18; 등록번호 2025-금감원-2925(대부업); 사업내용 금전대부, 채권추심; 법인번호 110111-0919918; 대부금융협회 회원번호 A04897 (https://www.clfa.or.kr/member/list 2026-09-18)"
loan_fss2926,대출팡팡대부중개,대부중개,대출팡팡대부중개,https://fines.fss.or.kr/fines/plis/moneyLenderSearch/MoneyLenderSearch.getMoneyLenderList.do 2026-09-18; 등록번호 2025-금감원-2926(대부중개사이트영위업)/2025-금감원-2926(대부중개업); 사업내용 대부중개/대부중개사이트영위업; 법인번호 미기재; 대부금융협회 회원번호 C00356 (https://www.clfa.or.kr/member/list 2026-09-18)
loan_fss2927,주손대부,대부,주손대부|주식회사 주손대부,"https://fines.fss.or.kr/fines/plis/moneyLenderSearch/MoneyLenderSearch.getMoneyLenderList.do 2026-09-18; 등록번호 2025-금감원-2927(대부업)/2025-금감원-2927(대부중개업); 사업내용 금전대부, 채권추심/대부중개; 법인번호 141211-0015702; 대부금융협회 회원번호 A04907 (https://www.clfa.or.kr/member/list 2026-09-18)"
loan_fss2928,엠포인트자산관리대부,대부,엠포인트자산관리대부|주식회사 엠포인트자산관리대부,"https://fines.fss.or.kr/fines/plis/moneyLenderSearch/MoneyLenderSearch.getMoneyLenderList.do 2026-09-18; 등록번호 2025-금감원-2928(대부업); 사업내용 금전대부, 채권추심; 법인번호 180111-0160788; 대부금융협회 회원번호 A04898 (https://www.clfa.or.kr/member/list 2026-09-18)"
loan_fss2929,비케이론대부,대부,비케이론대부|주식회사 비케이론대부,"https://fines.fss.or.kr/fines/plis/moneyLenderSearch/MoneyLenderSearch.getMoneyLenderList.do 2026-09-18; 등록번호 2025-금감원-2929(대부업)/2025-금감원-2929(대부중개업); 사업내용 금전대부, 채권추심/대부중개; 법인번호 110111-9168702; 대부금융협회 회원번호 A04899 (https://www.clfa.or.kr/member/list 2026-09-18)"
loan_fss2930,디펜스대부,대부,디펜스대부|주식회사 디펜스대부,"https://fines.fss.or.kr/fines/plis/moneyLenderSearch/MoneyLenderSearch.getMoneyLenderList.do 2026-09-18; 등록번호 2025-금감원-2930(대부업)/2025-금감원-2930(대부중개업); 사업내용 금전대부, 채권추심/대부중개; 법인번호 121111-0377797; 대부금융협회 회원번호 A04908 (https://www.clfa.or.kr/member/list 2026-09-18)"
loan_fss2931,해솔자산관리대부,대부,해솔자산관리대부|주식회사 해솔자산관리대부,"https://fines.fss.or.kr/fines/plis/moneyLenderSearch/MoneyLenderSearch.getMoneyLenderList.do 2026-09-18; 등록번호 2025-금감원-2931(대부업)/2025-금감원-2931(대부중개업); 사업내용 금전대부, 채권추심/대부중개; 법인번호 134511-0718261; 대부금융협회 회원번호 A04900 (https://www.clfa.or.kr/member/list 2026-09-18)"
loan_fss2932,에스비엔피엘대부,대부,에스비엔피엘대부|에스비엔피엘대부 주식회사,https://fines.fss.or.kr/fines/plis/moneyLenderSearch/MoneyLenderSearch.getMoneyLenderList.do 2026-09-18; 등록번호 2025-금감원-2932(대부업); 사업내용 채권추심; 법인번호 110111-0926665; 대부금융협회 회원번호 A04911 (https://www.clfa.or.kr/member/list 2026-09-18)
loan_fss2933,나인원대부,대부,나인원대부|주식회사 나인원대부,https://fines.fss.or.kr/fines/plis/moneyLenderSearch/MoneyLenderSearch.getMoneyLenderList.do 2026-09-18; 등록번호 2025-금감원-2933(대부업); 사업내용 채권추심; 법인번호 110111-0920500; 대부금융협회 회원번호 A04905 (https://www.clfa.or.kr/member/list 2026-09-18)
loan_fss2934,에이아이엔피엘대부,대부,에이아이엔피엘대부|주식회사 에이아이엔피엘대부,"https://fines.fss.or.kr/fines/plis/moneyLenderSearch/MoneyLenderSearch.getMoneyLenderList.do 2026-09-18; 등록번호 2025-금감원-2934(대부업); 사업내용 금전대부, 채권추심; 법인번호 110111-8110225; 대부금융협회 회원번호 A04909 (https://www.clfa.or.kr/member/list 2026-09-18)"
loan_fss2935,빌닷자산관리대부,대부,빌닷자산관리대부|주식회사 빌닷자산관리대부,"https://fines.fss.or.kr/fines/plis/moneyLenderSearch/MoneyLenderSearch.getMoneyLenderList.do 2026-09-18; 등록번호 2025-금감원-2935(대부업)/2025-금감원-2935(대부중개업); 사업내용 금전대부, 채권추심/대부중개; 법인번호 110111-0919213; 대부금융협회 회원번호 A04904 (https://www.clfa.or.kr/member/list 2026-09-18)"
loan_fss2936,제이에스엔피엘대부,대부,제이에스엔피엘대부|주식회사 제이에스엔피엘대부,https://fines.fss.or.kr/fines/plis/moneyLenderSearch/MoneyLenderSearch.getMoneyLenderList.do 2026-09-18; 등록번호 2025-금감원-2936(대부업); 사업내용 채권추심; 법인번호 180111-0161118; 대부금융협회 회원번호 A04910 (https://www.clfa.or.kr/member/list 2026-09-18)
loan_fss2937,지에스자산대부,대부,지에스자산대부|주식회사 지에스자산대부,"https://fines.fss.or.kr/fines/plis/moneyLenderSearch/MoneyLenderSearch.getMoneyLenderList.do 2026-09-18; 등록번호 2025-금감원-2937(대부업)/2025-금감원-2937(대부중개업); 사업내용 금전대부, 채권추심/대부중개; 법인번호 200111-0741318; 대부금융협회 회원번호 A04902 (https://www.clfa.or.kr/member/list 2026-09-18)"
loan_fss2938,하이인베스트먼트대부,대부,하이인베스트먼트대부|하이인베스트먼트대부 주식회사,https://fines.fss.or.kr/fines/plis/moneyLenderSearch/MoneyLenderSearch.getMoneyLenderList.do 2026-09-18; 등록번호 2025-금감원-2938(대부업); 사업내용 채권추심; 법인번호 110111-0918670; 대부금융협회 회원번호 A04903 (https://www.clfa.or.kr/member/list 2026-09-18)
loan_fss2939,홍스톤대부,대부,홍스톤대부|홍스톤대부 주식회사,"https://fines.fss.or.kr/fines/plis/moneyLenderSearch/MoneyLenderSearch.getMoneyLenderList.do 2026-09-18; 등록번호 2025-금감원-2939(대부업)/2025-금감원-2939(대부중개업); 사업내용 금전대부, 채권추심/대부중개; 법인번호 110111-0921093; 대부금융협회 회원번호 A04906 (https://www.clfa.or.kr/member/list 2026-09-18)"
loan_fss2940,미러클자산관리대부,대부,미러클자산관리대부|미러클자산관리대부 주식회사,"https://fines.fss.or.kr/fines/plis/moneyLenderSearch/MoneyLenderSearch.getMoneyLenderList.do 2026-09-18; 등록번호 2025-금감원-2940(대부업); 사업내용 금전대부, 채권추심; 법인번호 120111-1424142; 대부금융협회 회원번호 A04901 (https://www.clfa.or.kr/member/list 2026-09-18)"
loan_fss2941,신진자산관리대부,대부,신진자산관리대부|신진자산관리대부 유한회사,"https://fines.fss.or.kr/fines/plis/moneyLenderSearch/MoneyLenderSearch.getMoneyLenderList.do 2026-09-18; 등록번호 2025-금감원-2941(대부업)/2025-금감원-2941(대부중개업); 사업내용 금전대부, 채권추심/대부중개; 법인번호 150114-0011063; 대부금융협회 회원번호 A04935 (https://www.clfa.or.kr/member/list 2026-09-18)"
loan_fss2942,에스클래스자산대부,대부,에스클래스자산대부|주식회사 에스클래스자산대부,"https://fines.fss.or.kr/fines/plis/moneyLenderSearch/MoneyLenderSearch.getMoneyLenderList.do 2026-09-18; 등록번호 2025-금감원-2942(대부업)/2025-금감원-2942(대부중개업); 사업내용 금전대부, 채권추심/대부중개; 법인번호 110111-0920047; 대부금융협회 회원번호 A04936 (https://www.clfa.or.kr/member/list 2026-09-18)"
loan_fss2943,에이치앤씨대부,대부,에이치앤씨대부|주식회사 에이치앤씨대부,"https://fines.fss.or.kr/fines/plis/moneyLenderSearch/MoneyLenderSearch.getMoneyLenderList.do 2026-09-18; 등록번호 2025-금감원-2943(대부업)/2025-금감원-2943(대부중개업); 사업내용 금전대부, 채권추심/대부중개; 법인번호 130111-0123508; 대부금융협회 회원번호 A04943 (https://www.clfa.or.kr/member/list 2026-09-18)"
loan_fss2944,더블유에셋대부,대부,더블유에셋대부|주식회사 더블유에셋대부,"https://fines.fss.or.kr/fines/plis/moneyLenderSearch/MoneyLenderSearch.getMoneyLenderList.do 2026-09-18; 등록번호 2025-금감원-2944(대부업)/2025-금감원-2944(대부중개업); 사업내용 금전대부, 채권추심/대부중개; 법인번호 121111-0048345; 대부금융협회 회원번호 A04946 (https://www.clfa.or.kr/member/list 2026-09-18)"
loan_fss2945,오성에셋대부자산관리,대부,오성에셋대부자산관리|주식회사 오성에셋대부자산관리,"https://fines.fss.or.kr/fines/plis/moneyLenderSearch/MoneyLenderSearch.getMoneyLenderList.do 2026-09-18; 등록번호 2025-금감원-2945(대부업)/2025-금감원-2945(대부중개업); 사업내용 금전대부, 채권추심/대부중개; 법인번호 201111-0076748; 대부금융협회 회원번호 A04947 (https://www.clfa.or.kr/member/list 2026-09-18)"
loan_fss2946,진인베스트대부,대부,진인베스트대부|주식회사 진인베스트대부,"https://fines.fss.or.kr/fines/plis/moneyLenderSearch/MoneyLenderSearch.getMoneyLenderList.do 2026-09-18; 등록번호 2025-금감원-2946(대부업)/2025-금감원-2946(대부중개업); 사업내용 금전대부, 채권추심/대부중개; 법인번호 160111-0071850; 대부금융협회 회원번호 A04956 (https://www.clfa.or.kr/member/list 2026-09-18)"
loan_fss2947,태림대부,대부,태림대부|주식회사 태림대부,"https://fines.fss.or.kr/fines/plis/moneyLenderSearch/MoneyLenderSearch.getMoneyLenderList.do 2026-09-18; 등록번호 2025-금감원-2947(대부업)/2025-금감원-2947(대부중개업); 사업내용 금전대부, 채권추심/대부중개; 법인번호 170111-0976326; 대부금융협회 회원번호 A05187 (https://www.clfa.or.kr/member/list 2026-09-18)"
loan_fss2948,에스피알대부,대부,에스피알대부|주식회사 에스피알대부,"https://fines.fss.or.kr/fines/plis/moneyLenderSearch/MoneyLenderSearch.getMoneyLenderList.do 2026-09-18; 등록번호 2025-금감원-2948(대부업)/2025-금감원-2948(대부중개업); 사업내용 금전대부, 채권추심/대부중개; 법인번호 120111-0144668; 대부금융협회 회원번호 A04958 (https://www.clfa.or.kr/member/list 2026-09-18)"
loan_fss2949,케이탑자기관리부동산투자회사,대부,케이탑자기관리부동산투자회사|주식회사 케이탑자기관리부동산투자회사,https://fines.fss.or.kr/fines/plis/moneyLenderSearch/MoneyLenderSearch.getMoneyLenderList.do 2026-09-18; 등록번호 2025-금감원-2949(대부업); 사업내용 채권추심; 법인번호 110111-4465004; 대부금융협회 회원번호 A04957 (https://www.clfa.or.kr/member/list 2026-09-18)
loan_fss2950,디와이엔피엘대부,대부,디와이엔피엘대부|주식회사 디와이엔피엘대부,"https://fines.fss.or.kr/fines/plis/moneyLenderSearch/MoneyLenderSearch.getMoneyLenderList.do 2026-09-18; 등록번호 2025-금감원-2950(대부업)/2025-금감원-2950(대부중개업); 사업내용 금전대부, 채권추심/대부중개; 법인번호 134511-0711801; 대부금융협회 회원번호 A04960 (https://www.clfa.or.kr/member/list 2026-09-18)"
loan_fss2951,비케이핀테크대부,대부,비케이핀테크대부|(주)비케이핀테크대부,"https://fines.fss.or.kr/fines/plis/moneyLenderSearch/MoneyLenderSearch.getMoneyLenderList.do 2026-09-18; 등록번호 2025-금감원-2951(대부업)/2025-금감원-2951(대부중개업); 사업내용 금전대부, 채권추심/대부중개; 법인번호 135811-0367178; 대부금융협회 회원번호 A02750 (https://www.clfa.or.kr/member/list 2026-09-18)"
loan_fss2952,바로에이엠씨대부,대부,바로에이엠씨대부|주식회사 바로에이엠씨대부,"https://fines.fss.or.kr/fines/plis/moneyLenderSearch/MoneyLenderSearch.getMoneyLenderList.do 2026-09-18; 등록번호 2025-금감원-2952(대부업)/2025-금감원-2952(대부중개업); 사업내용 금전대부, 채권추심/대부중개; 법인번호 130111-0124581; 대부금융협회 회원번호 A04962 (https://www.clfa.or.kr/member/list 2026-09-18)"
loan_fss2953,제이앤제이에쿼티대부,대부,제이앤제이에쿼티대부|주식회사 제이앤제이에쿼티대부,"https://fines.fss.or.kr/fines/plis/moneyLenderSearch/MoneyLenderSearch.getMoneyLenderList.do 2026-09-18; 등록번호 2025-금감원-2953(대부업)/2025-금감원-2953(대부중개업); 사업내용 금전대부, 채권추심/대부중개; 법인번호 110111-8599304; 대부금융협회 회원번호 A04963 (https://www.clfa.or.kr/member/list 2026-09-18)"
loan_fss2954,햇살엔피엘대부,대부,햇살엔피엘대부|햇살엔피엘대부 주식회사,"https://fines.fss.or.kr/fines/plis/moneyLenderSearch/MoneyLenderSearch.getMoneyLenderList.do 2026-09-18; 등록번호 2025-금감원-2954(대부업)/2025-금감원-2954(대부중개업); 사업내용 금전대부, 채권추심/대부중개; 법인번호 110111-0925206; 대부금융협회 회원번호 A04964 (https://www.clfa.or.kr/member/list 2026-09-18)"
loan_fss2955,에이치엠케이홀딩스대부,대부,에이치엠케이홀딩스대부|에이치엠케이홀딩스대부 주식회사,"https://fines.fss.or.kr/fines/plis/moneyLenderSearch/MoneyLenderSearch.getMoneyLenderList.do 2026-09-18; 등록번호 2025-금감원-2955(대부업)/2025-금감원-2955(대부중개업); 사업내용 금전대부, 채권추심/대부중개; 법인번호 110111-9030638; 대부금융협회 회원번호 A04581 (https://www.clfa.or.kr/member/list 2026-09-18)"
loan_fss2956,리안인베스트대부,대부,리안인베스트대부|주식회사 리안인베스트대부,"https://fines.fss.or.kr/fines/plis/moneyLenderSearch/MoneyLenderSearch.getMoneyLenderList.do 2026-09-18; 등록번호 2025-금감원-2956(대부업)/2025-금감원-2956(대부중개업); 사업내용 금전대부, 채권추심/대부중개; 법인번호 131411-0060013; 대부금융협회 회원번호 A04969 (https://www.clfa.or.kr/member/list 2026-09-18)"
loan_fss2957,해피자산관리대부,대부,해피자산관리대부|해피자산관리대부 주식회사,"https://fines.fss.or.kr/fines/plis/moneyLenderSearch/MoneyLenderSearch.getMoneyLenderList.do 2026-09-18; 등록번호 2025-금감원-2957(대부업)/2025-금감원-2957(대부중개업); 사업내용 금전대부, 채권추심/대부중개; 법인번호 220111-0027802; 대부금융협회 회원번호 A04968 (https://www.clfa.or.kr/member/list 2026-09-18)"
loan_fss2958,피데스파트너스대부,대부,피데스파트너스대부|피데스파트너스대부(주),"https://fines.fss.or.kr/fines/plis/moneyLenderSearch/MoneyLenderSearch.getMoneyLenderList.do 2026-09-18; 등록번호 2025-금감원-2958(대부업)/2025-금감원-2958(대부중개업); 사업내용 금전대부, 채권추심/대부중개; 법인번호 110111-8767943; 대부금융협회 회원번호 A04379 (https://www.clfa.or.kr/member/list 2026-09-18)"
loan_fss2959,넥스트대부,대부,넥스트대부|주식회사 넥스트대부,"https://fines.fss.or.kr/fines/plis/moneyLenderSearch/MoneyLenderSearch.getMoneyLenderList.do 2026-09-18; 등록번호 2025-금감원-2959(대부업)/2025-금감원-2959(대부중개업); 사업내용 금전대부, 채권추심/대부중개; 법인번호 220111-0273531; 대부금융협회 회원번호 A04972 (https://www.clfa.or.kr/member/list 2026-09-18)"
loan_fss2960,대성머니대부,대부,대성머니대부|대성머니대부 주식회사,"https://fines.fss.or.kr/fines/plis/moneyLenderSearch/MoneyLenderSearch.getMoneyLenderList.do 2026-09-18; 등록번호 2025-금감원-2960(대부업)/2025-금감원-2960(대부중개업); 사업내용 금전대부, 채권추심/대부중개; 법인번호 131311-0322671; 대부금융협회 회원번호 A04215 (https://www.clfa.or.kr/member/list 2026-09-18)"
loan_fss2961,중앙엔피엘대부,대부,중앙엔피엘대부|중앙엔피엘대부주식회사,"https://fines.fss.or.kr/fines/plis/moneyLenderSearch/MoneyLenderSearch.getMoneyLenderList.do 2026-09-18; 등록번호 2025-금감원-2961(대부업)/2025-금감원-2961(대부중개업); 사업내용 금전대부, 채권추심/대부중개; 법인번호 131311-0034476; 대부금융협회 회원번호 A04977 (https://www.clfa.or.kr/member/list 2026-09-18)"
loan_fss2962,정진대부,대부,정진대부|주식회사 정진대부,"https://fines.fss.or.kr/fines/plis/moneyLenderSearch/MoneyLenderSearch.getMoneyLenderList.do 2026-09-18; 등록번호 2025-금감원-2962(대부업); 사업내용 금전대부, 채권추심; 법인번호 180111-1455830; 대부금융협회 회원번호 A05021 (https://www.clfa.or.kr/member/list 2026-09-18)"
loan_fss2963,새롬자산관리대부,대부,새롬자산관리대부|새롬자산관리대부 주식회사,"https://fines.fss.or.kr/fines/plis/moneyLenderSearch/MoneyLenderSearch.getMoneyLenderList.do 2026-09-18; 등록번호 2025-금감원-2963(대부업)/2025-금감원-2963(대부중개업); 사업내용 금전대부, 채권추심/대부중개; 법인번호 134111-0069063; 대부금융협회 회원번호 A04978 (https://www.clfa.or.kr/member/list 2026-09-18)"
loan_fss2964,제롬포인트자산관리대부,대부,제롬포인트자산관리대부|주식회사 제롬포인트 자산관리대부,"https://fines.fss.or.kr/fines/plis/moneyLenderSearch/MoneyLenderSearch.getMoneyLenderList.do 2026-09-18; 등록번호 2025-금감원-2964(대부업)/2025-금감원-2964(대부중개업); 사업내용 금전대부, 채권추심/대부중개; 법인번호 134511-0073426; 대부금융협회 회원번호 A04981 (https://www.clfa.or.kr/member/list 2026-09-18)"
loan_fss2965,웰메이드대부,대부,웰메이드대부|웰메이드대부 주식회사,"https://fines.fss.or.kr/fines/plis/moneyLenderSearch/MoneyLenderSearch.getMoneyLenderList.do 2026-09-18; 등록번호 2025-금감원-2965(대부업)/2025-금감원-2965(대부중개업); 사업내용 금전대부, 채권추심/대부중개; 법인번호 194211-0039831; 대부금융협회 회원번호 A04982 (https://www.clfa.or.kr/member/list 2026-09-18)"
loan_fss2966,한담엔피엘대부,대부,한담엔피엘대부|한담엔피엘대부 주식회사,"https://fines.fss.or.kr/fines/plis/moneyLenderSearch/MoneyLenderSearch.getMoneyLenderList.do 2026-09-18; 등록번호 2025-금감원-2966(대부업)/2025-금감원-2966(대부중개업); 사업내용 금전대부, 채권추심/대부중개; 법인번호 180111-0161866; 대부금융협회 회원번호 A04989 (https://www.clfa.or.kr/member/list 2026-09-18)"
loan_fss2967,울산엔피엘대부,대부,울산엔피엘대부|주식회사 울산엔피엘대부,"https://fines.fss.or.kr/fines/plis/moneyLenderSearch/MoneyLenderSearch.getMoneyLenderList.do 2026-09-18; 등록번호 2025-금감원-2967(대부업)/2025-금감원-2967(대부중개업); 사업내용 금전대부, 채권추심/대부중개; 법인번호 230111-0042696; 대부금융협회 회원번호 A04990 (https://www.clfa.or.kr/member/list 2026-09-18)"
loan_fss2968,이루션대부,대부,이루션대부|주식회사 이루션대부,"https://fines.fss.or.kr/fines/plis/moneyLenderSearch/MoneyLenderSearch.getMoneyLenderList.do 2026-09-18; 등록번호 2025-금감원-2968(대부업)/2025-금감원-2968(대부중개업); 사업내용 금전대부, 채권추심/대부중개; 법인번호 285011-0059615; 대부금융협회 회원번호 A04995 (https://www.clfa.or.kr/member/list 2026-09-18)"
loan_fss2969,길담대부,대부,길담대부|길담대부 주식회사,"https://fines.fss.or.kr/fines/plis/moneyLenderSearch/MoneyLenderSearch.getMoneyLenderList.do 2026-09-18; 등록번호 2025-금감원-2969(대부업)/2025-금감원-2969(대부중개업); 사업내용 금전대부, 채권추심/대부중개; 법인번호 110111-4423573; 대부금융협회 회원번호 A04348 (https://www.clfa.or.kr/member/list 2026-09-18)"
loan_fss2970,유나이티드파이낸스대부,대부,유나이티드파이낸스대부|주식회사 유나이티드파이낸스대부,"https://fines.fss.or.kr/fines/plis/moneyLenderSearch/MoneyLenderSearch.getMoneyLenderList.do 2026-09-18; 등록번호 2025-금감원-2970(대부업)/2025-금감원-2970(대부중개업); 사업내용 금전대부, 채권추심/대부중개; 법인번호 131111-0077039; 대부금융협회 회원번호 A04997 (https://www.clfa.or.kr/member/list 2026-09-18)"
loan_fss2971,헤드웨이파트너스대부,대부,헤드웨이파트너스대부|(주)헤드웨이파트너스대부,"https://fines.fss.or.kr/fines/plis/moneyLenderSearch/MoneyLenderSearch.getMoneyLenderList.do 2026-09-18; 등록번호 2025-금감원-2971(대부업); 사업내용 금전대부, 채권추심; 법인번호 110111-7360954; 대부금융협회 회원번호 A04998 (https://www.clfa.or.kr/member/list 2026-09-18)"
loan_fss2972,케이탑자산대부,대부,케이탑자산대부|주식회사 케이탑자산대부,"https://fines.fss.or.kr/fines/plis/moneyLenderSearch/MoneyLenderSearch.getMoneyLenderList.do 2026-09-18; 등록번호 2025-금감원-2972(대부업)/2025-금감원-2972(대부중개업); 사업내용 금전대부, 채권추심/대부중개; 법인번호 130111-0123732; 대부금융협회 회원번호 A05001 (https://www.clfa.or.kr/member/list 2026-09-18)"
loan_fss2973,디자인투,대부,디자인투|주식회사 디자인투,"https://fines.fss.or.kr/fines/plis/moneyLenderSearch/MoneyLenderSearch.getMoneyLenderList.do 2026-09-18; 등록번호 2025-금감원-2973(대부업)/2025-금감원-2973(대부중개업); 사업내용 금전대부, 채권추심/대부중개; 법인번호 134111-0556320; 대부금융협회 회원번호 A05003 (https://www.clfa.or.kr/member/list 2026-09-18)"
loan_fss2974,굿리치엔피엘대부,대부,굿리치엔피엘대부|주식회사 굿리치엔피엘대부,"https://fines.fss.or.kr/fines/plis/moneyLenderSearch/MoneyLenderSearch.getMoneyLenderList.do 2026-09-18; 등록번호 2025-금감원-2974(대부업)/2025-금감원-2974(대부중개업); 사업내용 금전대부, 채권추심/대부중개; 법인번호 130111-0125614; 대부금융협회 회원번호 A05005 (https://www.clfa.or.kr/member/list 2026-09-18)"
loan_fss2975,더블유엠파이낸셜대부,대부,더블유엠파이낸셜대부|(주)더블유엠파이낸셜대부,"https://fines.fss.or.kr/fines/plis/moneyLenderSearch/MoneyLenderSearch.getMoneyLenderList.do 2026-09-18; 등록번호 2025-금감원-2975(대부업)/2025-금감원-2975(대부중개업); 사업내용 금전대부, 채권추심/대부중개; 법인번호 110111-9126073; 대부금융협회 회원번호 A04517 (https://www.clfa.or.kr/member/list 2026-09-18)"
loan_fss2976,엠파이낸셜대부,대부,엠파이낸셜대부|엠파이낸셜대부주식회사,"https://fines.fss.or.kr/fines/plis/moneyLenderSearch/MoneyLenderSearch.getMoneyLenderList.do 2026-09-18; 등록번호 2025-금감원-2976(대부업)/2025-금감원-2976(대부중개업); 사업내용 금전대부, 채권추심/대부중개; 법인번호 110111-8438198; 대부금융협회 회원번호 A03241 (https://www.clfa.or.kr/member/list 2026-09-18)"
loan_fss2977,교대심투자자산관리에셋대부,대부,교대심투자자산관리에셋대부|주식회사 교대심투자자산관리에셋대부,"https://fines.fss.or.kr/fines/plis/moneyLenderSearch/MoneyLenderSearch.getMoneyLenderList.do 2026-09-18; 등록번호 2026-금감원-2977(대부업)/2026-금감원-2977(대부중개업); 사업내용 금전대부, 채권추심/대부중개; 법인번호 131311-0034755; 대부금융협회 회원번호 A05015 (https://www.clfa.or.kr/member/list 2026-09-18)"
loan_fss2978,황금벽돌대부,대부,황금벽돌대부|황금벽돌대부 주식회사,"https://fines.fss.or.kr/fines/plis/moneyLenderSearch/MoneyLenderSearch.getMoneyLenderList.do 2026-09-18; 등록번호 2026-금감원-2978(대부업)/2026-금감원-2978(대부중개업); 사업내용 금전대부, 채권추심/대부중개; 법인번호 134211-0031083; 대부금융협회 회원번호 A05067 (https://www.clfa.or.kr/member/list 2026-09-18)"
loan_fss2979,토리엔피엘대부,대부,토리엔피엘대부|토리엔피엘대부 주식회사,"https://fines.fss.or.kr/fines/plis/moneyLenderSearch/MoneyLenderSearch.getMoneyLenderList.do 2026-09-18; 등록번호 2026-금감원-2979(대부업)/2026-금감원-2979(대부중개업); 사업내용 금전대부, 채권추심/대부중개; 법인번호 194211-0039858; 대부금융협회 회원번호 A05011 (https://www.clfa.or.kr/member/list 2026-09-18)"
loan_fss2980,삼영에셋대부,대부,삼영에셋대부|주식회사 삼영에셋대부,"https://fines.fss.or.kr/fines/plis/moneyLenderSearch/MoneyLenderSearch.getMoneyLenderList.do 2026-09-18; 등록번호 2026-금감원-2980(대부업)/2026-금감원-2980(대부중개업); 사업내용 금전대부, 채권추심/대부중개; 법인번호 110111-0931659; 대부금융협회 회원번호 A05019 (https://www.clfa.or.kr/member/list 2026-09-18)"
loan_fss2981,한빛홀딩스대부,대부,한빛홀딩스대부|주식회사 한빛홀딩스대부,"https://fines.fss.or.kr/fines/plis/moneyLenderSearch/MoneyLenderSearch.getMoneyLenderList.do 2026-09-18; 등록번호 2026-금감원-2981(대부업); 사업내용 금전대부, 채권추심; 법인번호 180111-0162256; 대부금융협회 회원번호 A05012 (https://www.clfa.or.kr/member/list 2026-09-18)"
loan_fss2982,베리네트웍스대부,대부,베리네트웍스대부|(주)베리네트웍스대부,"https://fines.fss.or.kr/fines/plis/moneyLenderSearch/MoneyLenderSearch.getMoneyLenderList.do 2026-09-18; 등록번호 2026-금감원-2982(대부업)/2026-금감원-2982(대부중개업); 사업내용 금전대부, 채권추심/대부중개; 법인번호 110111-4641315; 대부금융협회 회원번호 A01953 (https://www.clfa.or.kr/member/list 2026-09-18)"
loan_fss2984,하남물산대부,대부,하남물산대부|하남물산대부 주식회사,"https://fines.fss.or.kr/fines/plis/moneyLenderSearch/MoneyLenderSearch.getMoneyLenderList.do 2026-09-18; 등록번호 2026-금감원-2984(대부업)/2026-금감원-2984(대부중개업); 사업내용 금전대부, 채권추심/대부중개; 법인번호 110111-5133288; 대부금융협회 회원번호 A04490 (https://www.clfa.or.kr/member/list 2026-09-18)"
loan_fss2985,해드림대부,대부,해드림대부|주식회사 해드림대부,"https://fines.fss.or.kr/fines/plis/moneyLenderSearch/MoneyLenderSearch.getMoneyLenderList.do 2026-09-18; 등록번호 2026-금감원-2985(대부업)/2026-금감원-2985(대부중개업); 사업내용 금전대부, 채권추심/대부중개; 법인번호 170111-0975956; 대부금융협회 회원번호 A04464 (https://www.clfa.or.kr/member/list 2026-09-18)"
loan_fss2987,대출나무대부중개,대부중개,대출나무대부중개|주식회사 대출나무대부중개,https://fines.fss.or.kr/fines/plis/moneyLenderSearch/MoneyLenderSearch.getMoneyLenderList.do 2026-09-18; 등록번호 2026-금감원-2987(대부중개사이트영위업)/2026-금감원-2987(대부중개업); 사업내용 대부중개/대부중개사이트영위업; 법인번호 284111-0426506; 대부금융협회 회원번호 C00291 (https://www.clfa.or.kr/member/list 2026-09-18)
loan_fss2988,명지엔피엘대부,대부,명지엔피엘대부|명지엔피엘대부 주식회사,"https://fines.fss.or.kr/fines/plis/moneyLenderSearch/MoneyLenderSearch.getMoneyLenderList.do 2026-09-18; 등록번호 2026-금감원-2988(대부업)/2026-금감원-2988(대부중개업); 사업내용 금전대부, 채권추심/대부중개; 법인번호 120111-0147540; 대부금융협회 회원번호 A05027 (https://www.clfa.or.kr/member/list 2026-09-18)"
loan_fss2989,4319에이엠씨대부법인,대부,4319에이엠씨대부법인|4319에이엠씨대부법인 주식회사,"https://fines.fss.or.kr/fines/plis/moneyLenderSearch/MoneyLenderSearch.getMoneyLenderList.do 2026-09-18; 등록번호 2026-금감원-2989(대부업)/2026-금감원-2989(대부중개업); 사업내용 금전대부, 채권추심/대부중개; 법인번호 110111-0929340; 대부금융협회 회원번호 A05029 (https://www.clfa.or.kr/member/list 2026-09-18)"
loan_fss2990,미락대부,대부,미락대부|주식회사 미락대부,"https://fines.fss.or.kr/fines/plis/moneyLenderSearch/MoneyLenderSearch.getMoneyLenderList.do 2026-09-18; 등록번호 2026-금감원-2990(대부업)/2026-금감원-2990(대부중개업); 사업내용 금전대부, 채권추심/대부중개; 법인번호 284111-0244726; 대부금융협회 회원번호 A05028 (https://www.clfa.or.kr/member/list 2026-09-18)"
loan_fss2991,이상에이엠씨대부,대부,이상에이엠씨대부|이상에이엠씨대부 주식회사,https://fines.fss.or.kr/fines/plis/moneyLenderSearch/MoneyLenderSearch.getMoneyLenderList.do 2026-09-18; 등록번호 2026-금감원-2991(대부업); 사업내용 채권추심; 법인번호 171211-0130581; 대부금융협회 회원번호 A05040 (https://www.clfa.or.kr/member/list 2026-09-18)
loan_fss2992,베스트청산대부,대부,베스트청산대부|주식회사 베스트청산대부,"https://fines.fss.or.kr/fines/plis/moneyLenderSearch/MoneyLenderSearch.getMoneyLenderList.do 2026-09-18; 등록번호 2026-금감원-2992(대부업); 사업내용 금전대부, 채권추심; 법인번호 135511-0045497; 대부금융협회 회원번호 A04698 (https://www.clfa.or.kr/member/list 2026-09-18)"
loan_fss2993,에디스대부,대부,에디스대부|주식회사 에디스대부,"https://fines.fss.or.kr/fines/plis/moneyLenderSearch/MoneyLenderSearch.getMoneyLenderList.do 2026-09-18; 등록번호 2026-금감원-2993(대부업); 사업내용 금전대부, 채권추심; 법인번호 134811-0510504; 대부금융협회 회원번호 A05041 (https://www.clfa.or.kr/member/list 2026-09-18)"
loan_fss2994,마젤란트러스트대부,대부,마젤란트러스트대부|(주)마젤란트러스트대부,"https://fines.fss.or.kr/fines/plis/moneyLenderSearch/MoneyLenderSearch.getMoneyLenderList.do 2026-09-18; 등록번호 2026-금감원-2994(대부업); 사업내용 금전대부, 채권추심; 법인번호 110111-6649979; 대부금융협회 회원번호 A02384 (https://www.clfa.or.kr/member/list 2026-09-18)"
loan_fss2995,성투에셋대부,대부,성투에셋대부|주식회사 성투에셋대부,"https://fines.fss.or.kr/fines/plis/moneyLenderSearch/MoneyLenderSearch.getMoneyLenderList.do 2026-09-18; 등록번호 2026-금감원-2995(대부업)/2026-금감원-2995(대부중개업); 사업내용 금전대부, 채권추심/대부중개; 법인번호 124411-0043418; 대부금융협회 회원번호 A05054 (https://www.clfa.or.kr/member/list 2026-09-18)"
loan_fss2996,시프트엔피엘대부,대부,시프트엔피엘대부|시프트엔피엘대부 주식회사,"https://fines.fss.or.kr/fines/plis/moneyLenderSearch/MoneyLenderSearch.getMoneyLenderList.do 2026-09-18; 등록번호 2026-금감원-2996(대부업)/2026-금감원-2996(대부중개업); 사업내용 금전대부, 채권추심/대부중개; 법인번호 284311-0003082; 대부금융협회 회원번호 A05055 (https://www.clfa.or.kr/member/list 2026-09-18)"
loan_fss2997,라온자산파트너스대부,대부,라온자산파트너스대부|주식회사 라온자산파트너스대부,"https://fines.fss.or.kr/fines/plis/moneyLenderSearch/MoneyLenderSearch.getMoneyLenderList.do 2026-09-18; 등록번호 2026-금감원-2997(대부업)/2026-금감원-2997(대부중개업); 사업내용 금전대부, 채권추심/대부중개; 법인번호 120111-0146845; 대부금융협회 회원번호 A05051 (https://www.clfa.or.kr/member/list 2026-09-18)"
loan_fss2998,백산자산관리대부,대부,백산자산관리대부|백산자산관리대부 주식회사,"https://fines.fss.or.kr/fines/plis/moneyLenderSearch/MoneyLenderSearch.getMoneyLenderList.do 2026-09-18; 등록번호 2026-금감원-2998(대부업)/2026-금감원-2998(대부중개업); 사업내용 금전대부, 채권추심/대부중개; 법인번호 124411-0042946; 대부금융협회 회원번호 A05053 (https://www.clfa.or.kr/member/list 2026-09-18)"
loan_fss2999,리벨류자산관리대부,대부,리벨류자산관리대부|주식회사 리벨류자산관리대부,"https://fines.fss.or.kr/fines/plis/moneyLenderSearch/MoneyLenderSearch.getMoneyLenderList.do 2026-09-18; 등록번호 2026-금감원-2999(대부업)/2026-금감원-2999(대부중개업); 사업내용 금전대부, 채권추심/대부중개; 법인번호 201111-0007887; 대부금융협회 회원번호 A05056 (https://www.clfa.or.kr/member/list 2026-09-18)"
loan_fss3001,하람대부,대부,하람대부|주식회사 하람대부,"https://fines.fss.or.kr/fines/plis/moneyLenderSearch/MoneyLenderSearch.getMoneyLenderList.do 2026-09-18; 등록번호 2026-금감원-3001(대부업); 사업내용 금전대부, 채권추심; 법인번호 130111-0125838; 대부금융협회 회원번호 A05052 (https://www.clfa.or.kr/member/list 2026-09-18)"
loan_fss3003,호황대부,대부,호황대부|주식회사 호황대부,"https://fines.fss.or.kr/fines/plis/moneyLenderSearch/MoneyLenderSearch.getMoneyLenderList.do 2026-09-18; 등록번호 2026-금감원-3003(대부업)/2026-금감원-3003(대부중개업); 사업내용 금전대부, 채권추심/대부중개; 법인번호 180111-0163630; 대부금융협회 회원번호 A05189 (https://www.clfa.or.kr/member/list 2026-09-18)"
loan_fss3004,더숲파이낸셜대부,대부,더숲파이낸셜대부|더숲파이낸셜대부 주식회사,"https://fines.fss.or.kr/fines/plis/moneyLenderSearch/MoneyLenderSearch.getMoneyLenderList.do 2026-09-18; 등록번호 2026-금감원-3004(대부업)/2026-금감원-3004(대부중개업); 사업내용 금전대부, 채권추심/대부중개; 법인번호 110111-8400808; 대부금융협회 회원번호 A03146 (https://www.clfa.or.kr/member/list 2026-09-18)"
loan_fss3006,브라보대부,대부,브라보대부|브라보대부 주식회사,https://fines.fss.or.kr/fines/plis/moneyLenderSearch/MoneyLenderSearch.getMoneyLenderList.do 2026-09-18; 등록번호 2026-금감원-3006(대부업); 사업내용 채권추심; 법인번호 170111-0100198; 대부금융협회 회원번호 A05063 (https://www.clfa.or.kr/member/list 2026-09-18)
loan_fss3007,세스칸대부,대부,세스칸대부|세스칸대부 주식회사,https://fines.fss.or.kr/fines/plis/moneyLenderSearch/MoneyLenderSearch.getMoneyLenderList.do 2026-09-18; 등록번호 2026-금감원-3007(대부업); 사업내용 채권추심; 법인번호 110111-8526399; 대부금융협회 회원번호 A05062 (https://www.clfa.or.kr/member/list 2026-09-18)
loan_fss3008,이강대부,대부,이강대부|이강대부 주식회사,"https://fines.fss.or.kr/fines/plis/moneyLenderSearch/MoneyLenderSearch.getMoneyLenderList.do 2026-09-18; 등록번호 2026-금감원-3008(대부업)/2026-금감원-3008(대부중개업); 사업내용 금전대부, 채권추심/대부중개; 법인번호 135511-0046464; 대부금융협회 회원번호 A05000 (https://www.clfa.or.kr/member/list 2026-09-18)"
loan_fss3009,팀위드엔피엘대부,대부,팀위드엔피엘대부|주식회사 팀위드엔피엘대부,"https://fines.fss.or.kr/fines/plis/moneyLenderSearch/MoneyLenderSearch.getMoneyLenderList.do 2026-09-18; 등록번호 2026-금감원-3009(대부업)/2026-금감원-3009(대부중개업); 사업내용 금전대부, 채권추심/대부중개; 법인번호 180111-1517838; 대부금융협회 회원번호 A04693 (https://www.clfa.or.kr/member/list 2026-09-18)"
loan_fss3010,테마자산관리대부,대부,테마자산관리대부|주식회사 테마자산관리대부,"https://fines.fss.or.kr/fines/plis/moneyLenderSearch/MoneyLenderSearch.getMoneyLenderList.do 2026-09-18; 등록번호 2026-금감원-3010(대부업)/2026-금감원-3010(대부중개업); 사업내용 금전대부, 채권추심/대부중개; 법인번호 110111-0939395; 대부금융협회 회원번호 A05070 (https://www.clfa.or.kr/member/list 2026-09-18)"
loan_fss3011,세건투자대부,대부,세건투자대부|세건투자대부 주식회사,"https://fines.fss.or.kr/fines/plis/moneyLenderSearch/MoneyLenderSearch.getMoneyLenderList.do 2026-09-18; 등록번호 2026-금감원-3011(대부업)/2026-금감원-3011(대부중개업); 사업내용 금전대부, 채권추심/대부중개; 법인번호 134511-0073996; 대부금융협회 회원번호 A05069 (https://www.clfa.or.kr/member/list 2026-09-18)"
loan_fss3012,인터대부,대부,인터대부|주식회사 인터대부,"https://fines.fss.or.kr/fines/plis/moneyLenderSearch/MoneyLenderSearch.getMoneyLenderList.do 2026-09-18; 등록번호 2026-금감원-3012(대부업)/2026-금감원-3012(대부중개업); 사업내용 금전대부, 채권추심/대부중개; 법인번호 135811-0428946; 대부금융협회 회원번호 A05068 (https://www.clfa.or.kr/member/list 2026-09-18)"
loan_fss3013,스카이에셋금융대부,대부,스카이에셋금융대부|주식회사 스카이에셋금융대부,"https://fines.fss.or.kr/fines/plis/moneyLenderSearch/MoneyLenderSearch.getMoneyLenderList.do 2026-09-18; 등록번호 2026-금감원-3013(대부업)/2026-금감원-3013(대부중개업); 사업내용 금전대부, 채권추심/대부중개; 법인번호 160111-0588248; 대부금융협회 회원번호 A05085 (https://www.clfa.or.kr/member/list 2026-09-18)"
loan_fss3014,이드대부,대부,이드대부|주식회사 이드대부,https://fines.fss.or.kr/fines/plis/moneyLenderSearch/MoneyLenderSearch.getMoneyLenderList.do 2026-09-18; 등록번호 2026-금감원-3014(대부업); 사업내용 채권추심; 법인번호 110111-0933276; 대부금융협회 회원번호 A05084 (https://www.clfa.or.kr/member/list 2026-09-18)
loan_fss3015,더리치파이낸셜대부,대부,더리치파이낸셜대부|주식회사 더리치파이낸셜대부,"https://fines.fss.or.kr/fines/plis/moneyLenderSearch/MoneyLenderSearch.getMoneyLenderList.do 2026-09-18; 등록번호 2026-금감원-3015(대부업)/2026-금감원-3015(대부중개업); 사업내용 금전대부, 채권추심/대부중개; 법인번호 285011-0060465; 대부금융협회 회원번호 A05079 (https://www.clfa.or.kr/member/list 2026-09-18)"
loan_fss3016,스위트자산관리대부,대부,스위트자산관리대부|주식회사 스위트자산관리대부,"https://fines.fss.or.kr/fines/plis/moneyLenderSearch/MoneyLenderSearch.getMoneyLenderList.do 2026-09-18; 등록번호 2026-금감원-3016(대부업)/2026-금감원-3016(대부중개업); 사업내용 금전대부, 채권추심/대부중개; 법인번호 134511-0074336; 대부금융협회 회원번호 A05086 (https://www.clfa.or.kr/member/list 2026-09-18)"
loan_fss3017,서재대부,대부,서재대부|서재대부 주식회사,"https://fines.fss.or.kr/fines/plis/moneyLenderSearch/MoneyLenderSearch.getMoneyLenderList.do 2026-09-18; 등록번호 2026-금감원-3017(대부업)/2026-금감원-3017(대부중개업); 사업내용 금전대부, 채권추심/대부중개; 법인번호 134511-0074083; 대부금융협회 회원번호 A05081 (https://www.clfa.or.kr/member/list 2026-09-18)"
loan_fss3018,삼성투자대부,대부,삼성투자대부|삼성투자대부 주식회사,"https://fines.fss.or.kr/fines/plis/moneyLenderSearch/MoneyLenderSearch.getMoneyLenderList.do 2026-09-18; 등록번호 2026-금감원-3018(대부업)/2026-금감원-3018(대부중개업); 사업내용 금전대부, 채권추심/대부중개; 법인번호 180111-1582708; 대부금융협회 회원번호 A05080 (https://www.clfa.or.kr/member/list 2026-09-18)"
loan_fss3019,이음파트너스대부,대부,이음파트너스대부|이음파트너스대부 주식회사,"https://fines.fss.or.kr/fines/plis/moneyLenderSearch/MoneyLenderSearch.getMoneyLenderList.do 2026-09-18; 등록번호 2026-금감원-3019(대부업)/2026-금감원-3019(대부중개업); 사업내용 금전대부, 채권추심/대부중개; 법인번호 284111-0049065; 대부금융협회 회원번호 A05082 (https://www.clfa.or.kr/member/list 2026-09-18)"
loan_fss3020,새길대부,대부,새길대부|주식회사 새길대부,"https://fines.fss.or.kr/fines/plis/moneyLenderSearch/MoneyLenderSearch.getMoneyLenderList.do 2026-09-18; 등록번호 2026-금감원-3020(대부업)/2026-금감원-3020(대부중개업); 사업내용 금전대부, 채권추심/대부중개; 법인번호 110111-0937322; 대부금융협회 회원번호 A05083 (https://www.clfa.or.kr/member/list 2026-09-18)"
loan_fss3021,케이월렛대부,대부,케이월렛대부|주식회사 케이월렛대부,"https://fines.fss.or.kr/fines/plis/moneyLenderSearch/MoneyLenderSearch.getMoneyLenderList.do 2026-09-18; 등록번호 2026-금감원-3021(대부업); 사업내용 금전대부, 채권추심; 법인번호 134511-0301032; 대부금융협회 회원번호 A05088 (https://www.clfa.or.kr/member/list 2026-09-18)"
loan_fss3022,제왕컨설팅대부,대부,제왕컨설팅대부|주식회사 제왕컨설팅대부,"https://fines.fss.or.kr/fines/plis/moneyLenderSearch/MoneyLenderSearch.getMoneyLenderList.do 2026-09-18; 등록번호 2026-금감원-3022(대부업)/2026-금감원-3022(대부중개업); 사업내용 금전대부, 채권추심/대부중개; 법인번호 180111-1576701; 대부금융협회 회원번호 A05089 (https://www.clfa.or.kr/member/list 2026-09-18)"
loan_fss3023,대운엔피엘대부,대부,대운엔피엘대부|주식회사 대운엔피엘대부,"https://fines.fss.or.kr/fines/plis/moneyLenderSearch/MoneyLenderSearch.getMoneyLenderList.do 2026-09-18; 등록번호 2026-금감원-3023(대부업)/2026-금감원-3023(대부중개업); 사업내용 금전대부, 채권추심/대부중개; 법인번호 194211-0039435; 대부금융협회 회원번호 A05090 (https://www.clfa.or.kr/member/list 2026-09-18)"
loan_fss3024,프리마자산대부,대부,프리마자산대부|주식회사 프리마자산대부,"https://fines.fss.or.kr/fines/plis/moneyLenderSearch/MoneyLenderSearch.getMoneyLenderList.do 2026-09-18; 등록번호 2026-금감원-3024(대부업); 사업내용 금전대부, 채권추심; 법인번호 110111-5077543; 대부금융협회 회원번호 A05102 (https://www.clfa.or.kr/member/list 2026-09-18)"
loan_fss3025,포투나에이엠씨대부,대부,포투나에이엠씨대부|주식회사 포투나에이엠씨대부|포투나에이엠씨대부주식회사,"https://fines.fss.or.kr/fines/plis/moneyLenderSearch/MoneyLenderSearch.getMoneyLenderList.do 2026-09-18; 등록번호 2026-금감원-3025(대부업)/2026-금감원-3025(대부중개업); 사업내용 금전대부, 채권추심/대부중개; 법인번호 130111-0123148; 대부금융협회 회원번호 A05103 (https://www.clfa.or.kr/member/list 2026-09-18)"
loan_fss3026,로얄프리미엄대경대부,대부,로얄프리미엄대경대부|로얄프리미엄대경대부 주식회사,"https://fines.fss.or.kr/fines/plis/moneyLenderSearch/MoneyLenderSearch.getMoneyLenderList.do 2026-09-18; 등록번호 2026-금감원-3026(대부업)/2026-금감원-3026(대부중개업); 사업내용 금전대부, 채권추심/대부중개; 법인번호 134211-0031472; 대부금융협회 회원번호 A05106 (https://www.clfa.or.kr/member/list 2026-09-18)"
loan_fss3027,엔케이파이낸스대부,대부,엔케이파이낸스대부|주식회사 엔케이파이낸스대부,"https://fines.fss.or.kr/fines/plis/moneyLenderSearch/MoneyLenderSearch.getMoneyLenderList.do 2026-09-18; 등록번호 2026-금감원-3027(대부업); 사업내용 금전대부, 채권추심; 법인번호 110111-0936784; 대부금융협회 회원번호 A05104 (https://www.clfa.or.kr/member/list 2026-09-18)"
loan_fss3028,세디오대부,대부,세디오대부|주식회사 세디오대부,"https://fines.fss.or.kr/fines/plis/moneyLenderSearch/MoneyLenderSearch.getMoneyLenderList.do 2026-09-18; 등록번호 2026-금감원-3028(대부업)/2026-금감원-3028(대부중개업); 사업내용 금전대부, 채권추심/대부중개; 법인번호 110111-0937245; 대부금융협회 회원번호 A05105 (https://www.clfa.or.kr/member/list 2026-09-18)"
loan_fss3031,미르엔피엘대부,대부,미르엔피엘대부|주식회사 미르엔피엘대부,"https://fines.fss.or.kr/fines/plis/moneyLenderSearch/MoneyLenderSearch.getMoneyLenderList.do 2026-09-18; 등록번호 2026-금감원-3031(대부업)/2026-금감원-3031(대부중개업); 사업내용 금전대부, 채권추심/대부중개; 법인번호 284111-0049077; 대부금융협회 회원번호 A05132 (https://www.clfa.or.kr/member/list 2026-09-18)"
loan_fss3033,골드웨스트대부,대부,골드웨스트대부|주식회사 골드웨스트대부,"https://fines.fss.or.kr/fines/plis/moneyLenderSearch/MoneyLenderSearch.getMoneyLenderList.do 2026-09-18; 등록번호 2026-금감원-3033(대부업)/2026-금감원-3033(대부중개업); 사업내용 금전대부, 채권추심/대부중개; 법인번호 131411-0060604; 대부금융협회 회원번호 A05107 (https://www.clfa.or.kr/member/list 2026-09-18)"
loan_fss3034,담원대부,대부,담원대부|담원대부 주식회사,"https://fines.fss.or.kr/fines/plis/moneyLenderSearch/MoneyLenderSearch.getMoneyLenderList.do 2026-09-18; 등록번호 2026-금감원-3034(대부업)/2026-금감원-3034(대부중개업); 사업내용 금전대부, 채권추심/대부중개; 법인번호 134511-0075375; 대부금융협회 회원번호 A05120 (https://www.clfa.or.kr/member/list 2026-09-18)"
loan_fss3035,알에스대부,대부,알에스대부|주식회사 알에스대부,"https://fines.fss.or.kr/fines/plis/moneyLenderSearch/MoneyLenderSearch.getMoneyLenderList.do 2026-09-18; 등록번호 2026-금감원-3035(대부업); 사업내용 금전대부, 채권추심; 법인번호 124411-0044196; 대부금융협회 회원번호 A05112 (https://www.clfa.or.kr/member/list 2026-09-18)"
loan_fss3036,코디얼대부,대부,코디얼대부|코디얼대부 주식회사,"https://fines.fss.or.kr/fines/plis/moneyLenderSearch/MoneyLenderSearch.getMoneyLenderList.do 2026-09-18; 등록번호 2026-금감원-3036(대부업)/2026-금감원-3036(대부중개업); 사업내용 금전대부, 채권추심/대부중개; 법인번호 141211-0104631; 대부금융협회 회원번호 A05111 (https://www.clfa.or.kr/member/list 2026-09-18)"
loan_fss3037,민담에프앤아이대부,대부,민담에프앤아이대부|주식회사 민담에프앤아이대부,"https://fines.fss.or.kr/fines/plis/moneyLenderSearch/MoneyLenderSearch.getMoneyLenderList.do 2026-09-18; 등록번호 2026-금감원-3037(대부업)/2026-금감원-3037(대부중개업); 사업내용 금전대부, 채권추심/대부중개; 법인번호 201111-0007846; 대부금융협회 회원번호 A05113 (https://www.clfa.or.kr/member/list 2026-09-18)"
loan_fss3038,강남에셋대부,대부,강남에셋대부|강남에셋대부 주식회사,"https://fines.fss.or.kr/fines/plis/moneyLenderSearch/MoneyLenderSearch.getMoneyLenderList.do 2026-09-18; 등록번호 2026-금감원-3038(대부업)/2026-금감원-3038(대부중개업); 사업내용 금전대부, 채권추심/대부중개; 법인번호 284111-0380413; 대부금융협회 회원번호 A05128 (https://www.clfa.or.kr/member/list 2026-09-18)"
loan_fss3039,우림투자대부,대부,우림투자대부|주식회사 우림투자대부,"https://fines.fss.or.kr/fines/plis/moneyLenderSearch/MoneyLenderSearch.getMoneyLenderList.do 2026-09-18; 등록번호 2026-금감원-3039(대부업)/2026-금감원-3039(대부중개업); 사업내용 금전대부, 채권추심/대부중개; 법인번호 131111-0077831; 대부금융협회 회원번호 A05118 (https://www.clfa.or.kr/member/list 2026-09-18)"
loan_fss3040,성림대부,대부,성림대부|주식회사 성림대부,https://fines.fss.or.kr/fines/plis/moneyLenderSearch/MoneyLenderSearch.getMoneyLenderList.do 2026-09-18; 등록번호 2026-금감원-3040(대부업); 사업내용 채권추심; 법인번호 110111-0941611; 대부금융협회 회원번호 A05119 (https://www.clfa.or.kr/member/list 2026-09-18)
loan_fss3041,리치온대부,대부,리치온대부|주식회사 리치온대부,"https://fines.fss.or.kr/fines/plis/moneyLenderSearch/MoneyLenderSearch.getMoneyLenderList.do 2026-09-18; 등록번호 2026-금감원-3041(대부업)/2026-금감원-3041(대부중개업); 사업내용 금전대부, 채권추심/대부중개; 법인번호 164811-0019257; 대부금융협회 회원번호 A05116 (https://www.clfa.or.kr/member/list 2026-09-18)"
loan_fss3042,밸류인사이트대부,대부,밸류인사이트대부|주식회사 밸류인사이트대부,"https://fines.fss.or.kr/fines/plis/moneyLenderSearch/MoneyLenderSearch.getMoneyLenderList.do 2026-09-18; 등록번호 2026-금감원-3042(대부업)/2026-금감원-3042(대부중개업); 사업내용 금전대부, 채권추심/대부중개; 법인번호 120111-0147769; 대부금융협회 회원번호 A05117 (https://www.clfa.or.kr/member/list 2026-09-18)"
loan_fss3043,베스티대부,대부,베스티대부|주식회사 베스티대부,"https://fines.fss.or.kr/fines/plis/moneyLenderSearch/MoneyLenderSearch.getMoneyLenderList.do 2026-09-18; 등록번호 2026-금감원-3043(대부업); 사업내용 금전대부, 채권추심; 법인번호 131411-0583693; 대부금융협회 회원번호 A04304 (https://www.clfa.or.kr/member/list 2026-09-18)"
loan_fss3044,화인자산관리대부,대부,화인자산관리대부|(주)화인자산관리대부,https://fines.fss.or.kr/fines/plis/moneyLenderSearch/MoneyLenderSearch.getMoneyLenderList.do 2026-09-18; 등록번호 2026-금감원-3044(대부업); 사업내용 채권추심; 법인번호 195511-0030685; 대부금융협회 회원번호 A05131 (https://www.clfa.or.kr/member/list 2026-09-18)
loan_fss3045,한서아이앤씨대부,대부,한서아이앤씨대부|주식회사 한서아이앤씨대부,"https://fines.fss.or.kr/fines/plis/moneyLenderSearch/MoneyLenderSearch.getMoneyLenderList.do 2026-09-18; 등록번호 2026-금감원-3045(대부업)/2026-금감원-3045(대부중개업); 사업내용 금전대부, 채권추심/대부중개; 법인번호 110111-9012553; 대부금융협회 회원번호 A05133 (https://www.clfa.or.kr/member/list 2026-09-18)"
loan_fss3046,지산,대부,주식회사 지산,https://fines.fss.or.kr/fines/plis/moneyLenderSearch/MoneyLenderSearch.getMoneyLenderList.do 2026-09-18; 등록번호 2026-금감원-3046(대부업); 사업내용 채권추심; 법인번호 134511-0264496; 대부금융협회 회원번호 A05143 (https://www.clfa.or.kr/member/list 2026-09-18)
loan_fss3047,칸파트너스대부,대부,칸파트너스대부|칸파트너스대부주식회사,"https://fines.fss.or.kr/fines/plis/moneyLenderSearch/MoneyLenderSearch.getMoneyLenderList.do 2026-09-18; 등록번호 2026-금감원-3047(대부업); 사업내용 금전대부, 채권추심; 법인번호 110111-9051048; 대부금융협회 회원번호 A04381 (https://www.clfa.or.kr/member/list 2026-09-18)"
loan_fss3048,은혜자산관리대부,대부,은혜자산관리대부|주식회사 은혜자산관리대부,"https://fines.fss.or.kr/fines/plis/moneyLenderSearch/MoneyLenderSearch.getMoneyLenderList.do 2026-09-18; 등록번호 2026-금감원-3048(대부업); 사업내용 금전대부, 채권추심; 법인번호 180111-0160583; 대부금융협회 회원번호 A05156 (https://www.clfa.or.kr/member/list 2026-09-18)"
loan_fss3049,에스엠인베스트대부,대부,에스엠인베스트대부|주식회사 에스엠인베스트대부,"https://fines.fss.or.kr/fines/plis/moneyLenderSearch/MoneyLenderSearch.getMoneyLenderList.do 2026-09-18; 등록번호 2026-금감원-3049(대부업)/2026-금감원-3049(대부중개업); 사업내용 금전대부, 채권추심/대부중개; 법인번호 110111-0942742; 대부금융협회 회원번호 A05157 (https://www.clfa.or.kr/member/list 2026-09-18)"
loan_fss3050,아세아홀딩스대부,대부,아세아홀딩스대부|주식회사 아세아홀딩스대부,"https://fines.fss.or.kr/fines/plis/moneyLenderSearch/MoneyLenderSearch.getMoneyLenderList.do 2026-09-18; 등록번호 2026-금감원-3050(대부업)/2026-금감원-3050(대부중개업); 사업내용 금전대부, 채권추심/대부중개; 법인번호 180111-0163619; 대부금융협회 회원번호 A05159 (https://www.clfa.or.kr/member/list 2026-09-18)"
loan_fss3051,서부대부,대부,서부대부|주식회사 서부대부,"https://fines.fss.or.kr/fines/plis/moneyLenderSearch/MoneyLenderSearch.getMoneyLenderList.do 2026-09-18; 등록번호 2026-금감원-3051(대부업); 사업내용 금전대부, 채권추심; 법인번호 220111-0261263; 대부금융협회 회원번호 A03939 (https://www.clfa.or.kr/member/list 2026-09-18)"
loan_fss3052,뉴센대부,대부,뉴센대부|주식회사 뉴센대부,https://fines.fss.or.kr/fines/plis/moneyLenderSearch/MoneyLenderSearch.getMoneyLenderList.do 2026-09-18; 등록번호 2026-금감원-3052(대부업)/2026-금감원-3052(대부중개업); 사업내용 대부중개/채권추심; 법인번호 130111-0126425; 대부금융협회 회원번호 A05163 (https://www.clfa.or.kr/member/list 2026-09-18)
loan_fss3053,상승자산대부,대부,상승자산대부|상승자산대부 주식회사,"https://fines.fss.or.kr/fines/plis/moneyLenderSearch/MoneyLenderSearch.getMoneyLenderList.do 2026-09-18; 등록번호 2026-금감원-3053(대부업)/2026-금감원-3053(대부중개업); 사업내용 금전대부, 채권추심/대부중개; 법인번호 134511-0074801; 대부금융협회 회원번호 A05169 (https://www.clfa.or.kr/member/list 2026-09-18)"
loan_fss3054,폴라리스컨설팅대부,대부,폴라리스컨설팅대부|주식회사 폴라리스컨설팅대부,"https://fines.fss.or.kr/fines/plis/moneyLenderSearch/MoneyLenderSearch.getMoneyLenderList.do 2026-09-18; 등록번호 2026-금감원-3054(대부업); 사업내용 금전대부, 채권추심; 법인번호 160111-0073345; 대부금융협회 회원번호 A05170 (https://www.clfa.or.kr/member/list 2026-09-18)"
loan_fss3055,전국투자산대부,대부,전국투자산대부|주식회사 전국투자산대부,"https://fines.fss.or.kr/fines/plis/moneyLenderSearch/MoneyLenderSearch.getMoneyLenderList.do 2026-09-18; 등록번호 2026-금감원-3055(대부업); 사업내용 금전대부, 채권추심; 법인번호 120111-1357450; 대부금융협회 회원번호 A04023 (https://www.clfa.or.kr/member/list 2026-09-18)"
loan_fss3056,더머니세러피대부,대부,더머니세러피대부|주식회사 더머니세러피대부,https://fines.fss.or.kr/fines/plis/moneyLenderSearch/MoneyLenderSearch.getMoneyLenderList.do 2026-09-18; 등록번호 2026-금감원-3056(대부업); 사업내용 채권추심; 법인번호 285011-0343925; 대부금융협회 회원번호 A05171 (https://www.clfa.or.kr/member/list 2026-09-18)
loan_fss3057,제일엔피엘대부,대부,제일엔피엘대부|제일엔피엘대부 주식회사,"https://fines.fss.or.kr/fines/plis/moneyLenderSearch/MoneyLenderSearch.getMoneyLenderList.do 2026-09-18; 등록번호 2026-금감원-3057(대부업)/2026-금감원-3057(대부중개업); 사업내용 금전대부, 채권추심/대부중개; 법인번호 131411-0061515; 대부금융협회 회원번호 A05172 (https://www.clfa.or.kr/member/list 2026-09-18)"
loan_fss3058,로그자산대부,대부,로그자산대부|주식회사 로그자산대부,"https://fines.fss.or.kr/fines/plis/moneyLenderSearch/MoneyLenderSearch.getMoneyLenderList.do 2026-09-18; 등록번호 2026-금감원-3058(대부업); 사업내용 금전대부, 채권추심; 법인번호 110111-0927135"
loan_fss3059,트레비대부,대부,트레비대부|주식회사 트레비대부,"https://fines.fss.or.kr/fines/plis/moneyLenderSearch/MoneyLenderSearch.getMoneyLenderList.do 2026-09-18; 등록번호 2026-금감원-3059(대부업); 사업내용 금전대부, 채권추심; 법인번호 110111-7065744; 대부금융협회 회원번호 A02677 (https://www.clfa.or.kr/member/list 2026-09-18)"
loan_fss3060,빅토리대부,대부,빅토리대부|빅토리대부 주식회사,https://fines.fss.or.kr/fines/plis/moneyLenderSearch/MoneyLenderSearch.getMoneyLenderList.do 2026-09-18; 등록번호 2026-금감원-3060(대부업); 사업내용 채권추심; 법인번호 170111-0100724; 대부금융협회 회원번호 A05183 (https://www.clfa.or.kr/member/list 2026-09-18)
loan_fss3061,에치씨디대부,대부,에치씨디대부|에치씨디대부 주식회사,"https://fines.fss.or.kr/fines/plis/moneyLenderSearch/MoneyLenderSearch.getMoneyLenderList.do 2026-09-18; 등록번호 2026-금감원-3061(대부업); 사업내용 금전대부, 채권추심; 법인번호 110111-0940394; 대부금융협회 회원번호 A05186 (https://www.clfa.or.kr/member/list 2026-09-18)"
loan_fss3062,엘티더블유대부,대부,엘티더블유대부|엘티더블유대부 주식회사,"https://fines.fss.or.kr/fines/plis/moneyLenderSearch/MoneyLenderSearch.getMoneyLenderList.do 2026-09-18; 등록번호 2026-금감원-3062(대부업)/2026-금감원-3062(대부중개업); 사업내용 금전대부, 채권추심/대부중개; 법인번호 110111-0940787; 대부금융협회 회원번호 A05185 (https://www.clfa.or.kr/member/list 2026-09-18)"
loan_fss3063,파인트러스트대부,대부,파인트러스트대부|주식회사 파인트러스트대부,"https://fines.fss.or.kr/fines/plis/moneyLenderSearch/MoneyLenderSearch.getMoneyLenderList.do 2026-09-18; 등록번호 2026-금감원-3063(대부업)/2026-금감원-3063(대부중개업); 사업내용 금전대부, 채권추심/대부중개; 법인번호 200111-0075421; 대부금융협회 회원번호 A05190 (https://www.clfa.or.kr/member/list 2026-09-18)"
loan_fss3064,에셋브릿지대부,대부,에셋브릿지대부|에셋브릿지대부 주식회사,"https://fines.fss.or.kr/fines/plis/moneyLenderSearch/MoneyLenderSearch.getMoneyLenderList.do 2026-09-18; 등록번호 2026-금감원-3064(대부업)/2026-금감원-3064(대부중개업); 사업내용 금전대부, 채권추심/대부중개; 법인번호 135511-0046672; 대부금융협회 회원번호 A05191 (https://www.clfa.or.kr/member/list 2026-09-18)"
loan_fss3065,에스엠자산관리대부,대부,에스엠자산관리대부|에스엠자산관리대부 주식회사,"https://fines.fss.or.kr/fines/plis/moneyLenderSearch/MoneyLenderSearch.getMoneyLenderList.do 2026-09-18; 등록번호 2026-금감원-3065(대부업)/2026-금감원-3065(대부중개업); 사업내용 금전대부, 채권추심/대부중개; 법인번호 110111-0942446; 대부금융협회 회원번호 A05198 (https://www.clfa.or.kr/member/list 2026-09-18)"
loan_fss3066,리담자산관리대부,대부,리담자산관리대부|리담자산관리대부 주식회사,"https://fines.fss.or.kr/fines/plis/moneyLenderSearch/MoneyLenderSearch.getMoneyLenderList.do 2026-09-18; 등록번호 2026-금감원-3066(대부업); 사업내용 금전대부, 채권추심; 법인번호 176011-0018461; 대부금융협회 회원번호 A05199 (https://www.clfa.or.kr/member/list 2026-09-18)"
loan_fss3067,성우에프앤아이대부,대부,성우에프앤아이대부|성우에프앤아이대부 주식회사,"https://fines.fss.or.kr/fines/plis/moneyLenderSearch/MoneyLenderSearch.getMoneyLenderList.do 2026-09-18; 등록번호 2026-금감원-3067(대부업); 사업내용 금전대부, 채권추심; 법인번호 110111-0948529; 대부금융협회 회원번호 A05115 (https://www.clfa.or.kr/member/list 2026-09-18)"
loan_fss3068,리더스자산대부,대부,리더스자산대부|(주)리더스자산대부,"https://fines.fss.or.kr/fines/plis/moneyLenderSearch/MoneyLenderSearch.getMoneyLenderList.do 2026-09-18; 등록번호 2026-금감원-3068(대부업)/2026-금감원-3068(대부중개업); 사업내용 금전대부, 채권추심/대부중개; 법인번호 180111-0164377; 대부금융협회 회원번호 A05207 (https://www.clfa.or.kr/member/list 2026-09-18)"
loan_fss3069,에스엠네트웍스대부,대부,에스엠네트웍스대부|(주)에스엠네트웍스대부,https://fines.fss.or.kr/fines/plis/moneyLenderSearch/MoneyLenderSearch.getMoneyLenderList.do 2026-09-18; 등록번호 2026-금감원-3069(대부업)/2026-금감원-3069(대부중개업); 사업내용 금전대부/대부중개; 법인번호 110111-6891869; 대부금융협회 회원번호 A02397 (https://www.clfa.or.kr/member/list 2026-09-18)
loan_fss3070,에이치씨오대부,대부,에이치씨오대부|주식회사 에이치씨오대부,"https://fines.fss.or.kr/fines/plis/moneyLenderSearch/MoneyLenderSearch.getMoneyLenderList.do 2026-09-18; 등록번호 2026-금감원-3070(대부업); 사업내용 금전대부, 채권추심; 법인번호 284111-0455208; 대부금융협회 회원번호 A05214 (https://www.clfa.or.kr/member/list 2026-09-18)"
loan_fss3071,오렌지인베스트대부,대부,오렌지인베스트대부|주식회사 오렌지인베스트대부,"https://fines.fss.or.kr/fines/plis/moneyLenderSearch/MoneyLenderSearch.getMoneyLenderList.do 2026-09-18; 등록번호 2026-금감원-3071(대부업)/2026-금감원-3071(대부중개업); 사업내용 금전대부, 채권추심/대부중개; 법인번호 110111-6220026; 대부금융협회 회원번호 A05218 (https://www.clfa.or.kr/member/list 2026-09-18)"
loan_fss3072,리뱅생활금융대부,대부,리뱅생활금융대부|(주)리뱅생활금융대부,"https://fines.fss.or.kr/fines/plis/moneyLenderSearch/MoneyLenderSearch.getMoneyLenderList.do 2026-09-18; 등록번호 2026-금감원-3072(대부업)/2026-금감원-3072(대부중개업); 사업내용 금전대부, 채권추심/대부중개; 법인번호 110111-7981271; 대부금융협회 회원번호 A04868 (https://www.clfa.or.kr/member/list 2026-09-18)"
loan_fss3073,미투대부,대부,미투대부|주식회사 미투대부,https://fines.fss.or.kr/fines/plis/moneyLenderSearch/MoneyLenderSearch.getMoneyLenderList.do 2026-09-18; 등록번호 2026-금감원-3073(대부업); 사업내용 채권추심; 법인번호 214911-0008282; 대부금융협회 회원번호 A05219 (https://www.clfa.or.kr/member/list 2026-09-18)
loan_fss3074,가온홀딩스대부,대부,가온홀딩스대부|주식회사 가온홀딩스대부,"https://fines.fss.or.kr/fines/plis/moneyLenderSearch/MoneyLenderSearch.getMoneyLenderList.do 2026-09-18; 등록번호 2026-금감원-3074(대부업)/2026-금감원-3074(대부중개업); 사업내용 금전대부, 채권추심/대부중개; 법인번호 110111-1316458; 대부금융협회 회원번호 A05223 (https://www.clfa.or.kr/member/list 2026-09-18)"
loan_fss3075,세이브자산관리대부,대부,세이브자산관리대부|주식회사 세이브자산관리대부,"https://fines.fss.or.kr/fines/plis/moneyLenderSearch/MoneyLenderSearch.getMoneyLenderList.do 2026-09-18; 등록번호 2026-금감원-3075(대부업)/2026-금감원-3075(대부중개업); 사업내용 금전대부, 채권추심/대부중개; 법인번호 110111-0946762; 대부금융협회 회원번호 A05239 (https://www.clfa.or.kr/member/list 2026-09-18)"
loan_fss3076,부영자산관리대부,대부,부영자산관리대부|부영자산관리대부 주식회사,"https://fines.fss.or.kr/fines/plis/moneyLenderSearch/MoneyLenderSearch.getMoneyLenderList.do 2026-09-18; 등록번호 2026-금감원-3076(대부업)/2026-금감원-3076(대부중개업); 사업내용 금전대부, 채권추심/대부중개; 법인번호 135511-0046384; 대부금융협회 회원번호 A05237 (https://www.clfa.or.kr/member/list 2026-09-18)"
loan_fss3077,대금투자대부,대부,대금투자대부|주식회사 대금투자대부,"https://fines.fss.or.kr/fines/plis/moneyLenderSearch/MoneyLenderSearch.getMoneyLenderList.do 2026-09-18; 등록번호 2026-금감원-3077(대부업)/2026-금감원-3077(대부중개업); 사업내용 금전대부, 채권추심/대부중개; 법인번호 284111-0414717; 대부금융협회 회원번호 A05235 (https://www.clfa.or.kr/member/list 2026-09-18)"
loan_fss3078,푸른산빛대부,대부,푸른산빛대부|주식회사 푸른산빛대부,"https://fines.fss.or.kr/fines/plis/moneyLenderSearch/MoneyLenderSearch.getMoneyLenderList.do 2026-09-18; 등록번호 2026-금감원-3078(대부업)/2026-금감원-3078(대부중개업); 사업내용 금전대부, 채권추심/대부중개; 법인번호 110111-0935507; 대부금융협회 회원번호 A05240 (https://www.clfa.or.kr/member/list 2026-09-18)"
loan_fss3079,에스유엔대부,대부,에스유엔대부|에스유엔대부 주식회사,"https://fines.fss.or.kr/fines/plis/moneyLenderSearch/MoneyLenderSearch.getMoneyLenderList.do 2026-09-18; 등록번호 2026-금감원-3079(대부업)/2026-금감원-3079(대부중개업); 사업내용 금전대부, 채권추심/대부중개; 법인번호 180111-0164046; 대부금융협회 회원번호 A05245 (https://www.clfa.or.kr/member/list 2026-09-18)"
loan_fss3080,재영엔피엘대부,대부,재영엔피엘대부|재영엔피엘대부 주식회사,"https://fines.fss.or.kr/fines/plis/moneyLenderSearch/MoneyLenderSearch.getMoneyLenderList.do 2026-09-18; 등록번호 2026-금감원-3080(대부업)/2026-금감원-3080(대부중개업); 사업내용 금전대부, 채권추심/대부중개; 법인번호 131411-0060801; 대부금융협회 회원번호 A05248 (https://www.clfa.or.kr/member/list 2026-09-18)"
loan_fss3081,나우알앤씨대부,대부,나우알앤씨대부|나우알앤씨대부 주식회사,"https://fines.fss.or.kr/fines/plis/moneyLenderSearch/MoneyLenderSearch.getMoneyLenderList.do 2026-09-18; 등록번호 2026-금감원-3081(대부업)/2026-금감원-3081(대부중개업); 사업내용 금전대부, 채권추심/대부중개; 법인번호 110111-0952063; 대부금융협회 회원번호 A05251 (https://www.clfa.or.kr/member/list 2026-09-18)"
loan_fss3082,청담자산대부,대부,청담자산대부|주식회사 청담자산대부,"https://fines.fss.or.kr/fines/plis/moneyLenderSearch/MoneyLenderSearch.getMoneyLenderList.do 2026-09-18; 등록번호 2026-금감원-3082(대부업)/2026-금감원-3082(대부중개업); 사업내용 금전대부, 채권추심/대부중개; 법인번호 110111-0944238; 대부금융협회 회원번호 A05256 (https://www.clfa.or.kr/member/list 2026-09-18)"
loan_fss3083,엠디케이자산관리대부,대부,엠디케이자산관리대부|주식회사 엠디케이자산관리대부,"https://fines.fss.or.kr/fines/plis/moneyLenderSearch/MoneyLenderSearch.getMoneyLenderList.do 2026-09-18; 등록번호 2026-금감원-3083(대부업)/2026-금감원-3083(대부중개업); 사업내용 금전대부, 채권추심/대부중개; 법인번호 110111-0947893; 대부금융협회 회원번호 A05265 (https://www.clfa.or.kr/member/list 2026-09-18)"
loan_fss3084,산맥엔피엘대부,대부,산맥엔피엘대부|주식회사 산맥엔피엘대부,"https://fines.fss.or.kr/fines/plis/moneyLenderSearch/MoneyLenderSearch.getMoneyLenderList.do 2026-09-18; 등록번호 2026-금감원-3084(대부업)/2026-금감원-3084(대부중개업); 사업내용 금전대부, 채권추심/대부중개; 법인번호 180111-0165942; 대부금융협회 회원번호 A05276 (https://www.clfa.or.kr/member/list 2026-09-18)"
loan_fss3085,아시아리얼티대부,대부,아시아리얼티대부|주식회사 아시아리얼티대부,"https://fines.fss.or.kr/fines/plis/moneyLenderSearch/MoneyLenderSearch.getMoneyLenderList.do 2026-09-18; 등록번호 2026-금감원-3085(대부업)/2026-금감원-3085(대부중개업); 사업내용 금전대부, 채권추심/대부중개; 법인번호 160111-0610942; 대부금융협회 회원번호 A05277 (https://www.clfa.or.kr/member/list 2026-09-18)"
loan_fss3086,메디비젼,대부,메디비젼|주식회사 메디비젼,"https://fines.fss.or.kr/fines/plis/moneyLenderSearch/MoneyLenderSearch.getMoneyLenderList.do 2026-09-18; 등록번호 2026-금감원-3086(대부업)/2026-금감원-3086(대부중개업); 사업내용 금전대부, 채권추심/대부중개; 법인번호 110111-4144260; 대부금융협회 회원번호 A05279 (https://www.clfa.or.kr/member/list 2026-09-18)"
loan_fss3087,고고자산관리대부,대부,고고자산관리대부|주식회사 고고자산관리대부,"https://fines.fss.or.kr/fines/plis/moneyLenderSearch/MoneyLenderSearch.getMoneyLenderList.do 2026-09-18; 등록번호 2026-금감원-3087(대부업)/2026-금감원-3087(대부중개업); 사업내용 금전대부, 채권추심/대부중개; 법인번호 200111-0532618"
loan_fss3088,백림자산관리대부,대부,백림자산관리대부|주식회사 백림자산관리대부,"https://fines.fss.or.kr/fines/plis/moneyLenderSearch/MoneyLenderSearch.getMoneyLenderList.do 2026-09-18; 등록번호 2026-금감원-3088(대부업)/2026-금감원-3088(대부중개업); 사업내용 금전대부, 채권추심/대부중개; 법인번호 110111-0922351"
loan_fss3089,원엔피엘대부,대부,원엔피엘대부|주식회사 원엔피엘대부,"https://fines.fss.or.kr/fines/plis/moneyLenderSearch/MoneyLenderSearch.getMoneyLenderList.do 2026-09-18; 등록번호 2026-금감원-3089(대부업); 사업내용 금전대부, 채권추심; 법인번호 180111-0165263"
loan_fss3090,부영엔피엘대부,대부,부영엔피엘대부|부영엔피엘대부 주식회사,"https://fines.fss.or.kr/fines/plis/moneyLenderSearch/MoneyLenderSearch.getMoneyLenderList.do 2026-09-18; 등록번호 2026-금감원-3090(대부업)/2026-금감원-3090(대부중개업); 사업내용 금전대부, 채권추심/대부중개; 법인번호 120111-0999419"
